:1000000055AA55AA01000000364000002450000007
:1000100018000000000000001F0000002C01020179
:10002000000000001F1300000000000080E8010035
:10003000300E00000000000000000000F8BBF3BC20
:1000400045D051AE1F7A0000BA2FAE51E085FFFFB8
:1000500000041000D9010000310200004B02000032
:10006000650200007F02000099020000000000000D
:100070000000000000000000000000006FB501005B
:1000800077B5010000000000B30200007FB5010059
:1000900087B5010093B501009FB50100ABB5010024
:1000A000B7B50100C3B50100CFB50100DBB5010054
:1000B000E7B50100C1020000F3B50100FFB5010082
:1000C0000BB6010013B601001BB6010023B60100F8
:1000D0002FB6010037B601003FB601000000000056
:1000E00000000000000000000000000047B6010012
:1000F00053B60100000000005FB6010000000000E0
:1001000000000000000000000000000000000000EF
:10011000180024504000FFFF2C01020100000000E5
:1001200000000000000000000000000000000000CF
:1001300000F002F800F068F80AA090E8000C824491
:100140008344AAF10107DA4501D100F05DF8AFF26E
:10015000090EBAE80F0013F0010F18BFFB1A43F0A5
:100160000103184780E50100B0E501000A444FF0A3
:10017000000C10F8013B13F0070408BF10F8014B06
:100180001D1108BF10F8015B641E05D010F8016B4B
:10019000641E01F8016BF9D113F0080F1EBF10F8AF
:1001A000014BAD1C0C1B09D16D1E58BF01F801CBD2
:1001B000FAD505E014F8016B01F8016B6D1EF9D555
:1001C0009142D6D370470000103A24BF78C878C156
:1001D000FAD8520724BF30C830C144BF04680C604D
:1001E000704700000023002400250026103A28BF95
:1001F00078C1FBD8520728BF30C148BF0B60704799
:100200001FB51FBD10B510BDDFF80CD0FFF7F8FF0C
:100210001BF050FA1DF012FD0004100003B4FFF7AC
:10022000F1FF03BC1DF014FD12481349A1EB0001BE
:100230004FF0200391FBF3F202FB13114FF0CC338C
:100240004FF0CC344FF0CC354FF0CC364FF0CC37AC
:100250004FF0CC384FF0CC394FF0CC3AA0E8F8074B
:10026000013AFBD119B140F804AB0439FBD1034882
:10027000004700000000100000041000E100000032
:100280001EF0040F0CBFEFF30880EFF309804FF06E
:1002900001014FF0000216F08FBD1EF0040F0CBFDD
:1002A000EFF30880EFF309804FF002014FF00002F6
:1002B00016F082BD1EF0040F0CBFEFF30880EFF3C1
:1002C00009804FF003014FF0000216F075BD1EF0DB
:1002D000040F0CBFEFF30880EFF309804FF0040127
:1002E0004FF0000216F068BD1EF0040F0CBFEFF3D4
:1002F0000880EFF309804FF005014FF0000216F07F
:100300005BBD00B51BF054F95DF804EB00F032B8AA
:100310001EF0040F0CBFEFF30880EFF309804FF0DD
:1003200006014FF0000216F047BD00000A484FF0EA
:10033000FF0101704FF0000080F311884FF00000C2
:1003400080F3098805484FF00201017062B6044845
:100350004FF080510160704722ED00E08C0B1000DF
:1003600004ED00E002484FF080510160704700004A
:1003700004ED00E04FF0200080F31188EFF30980D6
:1003800098B11248006812490968884217D0EFF303
:1003900009800E49096820E9F00F886000B50B4814
:1003A00000681BF023FA5DF804EB084808490A6866
:1003B000026000688168B1E8F00F81F309884EF0AF
:1003C000040E4FF0000080F311887047900B10006E
:1003D000940B1000EFF311804FF0200181F311888E
:1003E000704700004FF0000080F311887047000054
:1003F00062B6704772B67047401EFDD1704700006C
:1004000010B501463C22FC481DF0E1FA0121BDE88F
:10041000104000201BF023BA38B50446F748F64DCB
:10042000206020461AF01BFF00226B460121104677
:100430001BF05EFA012100201BF03DFA287800280D
:1004400002D016F008FDECE738BD2DE9F14FEC4F76
:1004500084B0386890F8311090F8302011FB02F425
:10046000E84D297851B190F86D1090F8BD0A01F06F
:100470000F08C00706D00020287003E090F86C0039
:1004800000F00308012000FA08FADF4EA100304610
:1004900002911DF0F8FADFF874B34FF001099BF8F0
:1004A00000000190D648006890F8BD1AC9071CD01A
:1004B0002978D1B9D6490978B9B9D6490978052931
:1004C00013D0062911D090F87501C0F30112C0F3C2
:1004D000810100F0030017F03AFE401C00214FFAA2
:1004E00080F98BF800100D463DE00025C4480068F7
:1004F00090F8311090F8300011FB00F00499684337
:1005000001EB40000090304602991DF0BCFA002734
:1005100013E0B9483C30FFF77FFFB74881680020FF
:1005200008E000BF56F8202031F910301A4446F890
:100530002020401CA042F5DB7F1C5745E9DB20460C
:1005400007E000BF56F82010009A41FA08F122F89F
:100550001010401EF6D29BF80010491C8BF80010BA
:1005600014F0C9FC6D1C4D45C0DB01988BF80000F0
:1005700005B0BDE8F04F14F0BEBC9F4810B53C304C
:100580001AF045FE9C4907203C31A14C087101201E
:100590002070A148FFF759FF0020207010BD2DE901
:1005A000F04F98489649A9B0027808681AB190F8B7
:1005B0006D20170903E090F86C20C2F3810790F8D2
:1005C00031404FF0010990F8305009FA07FA8E4E89
:1005D0008B466019810006EB840830461DF053FA03
:1005E00085483C301AF013FE83493C3181F807906E
:1005F000DBF8000090F86B00820701D581F80490C9
:10060000C00703D07C483C30FFF706FF00202CE0F9
:1006100079483C30FFF700FFDFF8DCB1620007A843
:10062000DBF820101DF04CF96A0012A8DBF824104A
:100630001DF046F9204607AA07E000BF56F8201033
:1006400032F91030194446F82010401EF6D22846E0
:1006500012A906E058F8202031F91030134448F868
:100660002030401EF6D209F1010081465045CFDB13
:1006700020466A4A05E000BF56F82010394122F8AA
:100680001010401EF8D22846654A04E058F82010A1
:10069000394122F81010401EF8D2660032465F49F8
:1006A00060481DF00DF96C0022465D495E481DF062
:1006B00007F931465D481DF0C4F921465C481DF03C
:1006C000C0F929B0BDE8F08F2DE9F04FDFF8308197
:1006D00085B0D8F8000090F83120019210F8301F52
:1006E00012FB01F4494F0091474E3978049190F87C
:1006F0004501C0F30112C0F3810100F0030017F0BF
:1007000026FD401C4FFA80FB3B483C301AF07FFD31
:10071000394801253C30C571D8F8000090F86B00CD
:10072000C00703D034483C30FFF776FE35480078E8
:1007300000283348006805D090F86D0000F00F09DC
:10074000000905E090F86C0000F00309C0F3810097
:10075000012505FA00F105FA09F52846029117F07E
:1007600001FD2A4903900020087014F0C4FB002703
:1007700079E0214800213C30AF420171C17101DABA
:100780000121017102998F4201DA0121C1711A48D8
:100790003C30FFF741FE1848D0E90812D0F8088035
:1007A00092461FB1AF4220DA20461CE00198420079
:1007B0001A481DF085F800985146420018481DF06F
:1007C0007FF8204604E000BF38F9101046F82010EA
:1007D000401EF9D246E000BF56F8203038F910200C
:1007E0001A4446F82020401EF6D20298874239DA91
:1007F0000A4A019826E00000A00B1000B103000097
:10080000500A10007C04100004A61000900A10008A
:10081000000410000C0510007C6D0120DC8F01200D
:1008200008900120EC0B0120180C0120E40C0120A1
:10083000100D012032F9103031F910C063445B1003
:1008400022F81030401EF5D27149009808E000BF30
:1008500031F910303AF910201A44521021F81020C2
:10086000401EF5D27F1C0398874282DB204606E0BB
:1008700056F82010674A41FA09F122F81010401E7C
:10088000F6D26548006890F8BD0AC0074FD06348AB
:10089000007870BB62480078052848D0062846D00A
:1008A000012041E05F4981F8008014F024FB5A48A0
:1008B000006890F8311090F8300011FB00F05549B5
:1008C00000FB08F001EB400A00271EE05648FFF746
:1008D000A3FD55483C3881680FB1002012E0204646
:1008E00004E000BF31F9102046F82020401EF9D264
:1008F0000AE01CE056F8202031F910301A4446F87E
:100900002020401CA042F5DB7F1CAF42DEDB2046EE
:1009100006E000BF56F8201041FA09F12AF810103D
:10092000401EF7D208F1010080465845BADB3D4928
:100930000498087005B0BDE8F04F14F0DCBA2DE95A
:10094000F047054600201BF02AF802201BF027F88C
:1009500003201BF024F8354E0020707032481AF046
:1009600056FCDFF8B480324FDFF8C890D8F80000AA
:100970004FF0010490F86B0080074FEA05700AD52C
:1009800000280FDAA80708D57470FFF79DFE3C70A9
:1009900089F8004001E0002804DA707810B9FFF708
:1009A000FEFD3C70204FA80718D5707828BB38464C
:1009B0001AF02DFC3C71D8F8000090F8CE0000062B
:1009C00004D51848407838B1042038711148FFF731
:1009D0003CFD89F8004010E00320F6E768070CD5DD
:1009E00011481AF014FCD8F8000090F87100C00605
:1009F00001D53C71EAE70720E7E703201AF0EAFF98
:100A000002201AF0E7FFBDE8F04700201AF0E2BF2D
:100A1000089001207C6D0120500A10007C04100019
:100A20000C051000900A1000DC0B100000041000F0
:100A3000970A1000960A100070B55D4C4FF6FF71D2
:100A40004FF463752068418229461BF051FD002157
:100A50002F200FF1FDF82A462168BDE870402F23B2
:100A600054481BF06CBD70B55148534C4FF4806531
:100A70000068417D2068417429461BF039FD002142
:100A80002C200FF1E5F82A462168BDE870402C23A0
:100A90004A481BF054BD2DE9F041494C051D0E4656
:100AA000294620461BF024FD3068464900EB8502AC
:100AB0008A4201D22D2310E088420DD28846091ABD
:100AC0008F082D233A4621461BF039FDEA1B04EB23
:100AD00087012E23404602E02E232A4621461BF0A2
:100AE0002EFD306800EB85003060BDE8F081F8B580
:100AF000334C35480090103402201AF050FF00218A
:100B00002D200FF1A5F800212E200FF1A1F81021C2
:100B100020461CF096FF00202080A0700120244D6C
:100B2000E0704FF6FF71A1802868028AE280437D61
:100B300026482372E688A0F8206CA0F8221C042224
:100B400080F8243C69461046FFF7A5FF01230022E8
:100B50002146102018F0B9F96946FFF79CFF0123E0
:100B600000222146112018F0B0F96946FFF793FFE3
:100B7000286890F80012C90703D190F8BA00C0079E
:100B800008D0012300222146122018F09EF9694660
:100B9000FFF781FF012300222146132018F095F969
:100BA0006946FFF778FF02201AF014FFF8BD000035
:100BB000500A1000F0EF0200540A1000F0BF0200CB
:100BC00004A61000F0DF0200F0CF02005C900120CC
:100BD000094801785A290DD1418800290AD10649CE
:100BE00040781031022805D0A0F17002072A01D800
:100BF00016F007BB704700000000012010B51CF084
:100C000052FB5A4801210170417010BD10B51DF012
:100C10008DF8564C2078B0B960880028608805D0DF
:100C2000032809D26088401C60800CE0401C608072
:100C30001CF034FBA08006E01CF030FBE0801CF0D0
:100C400032FB01202070BDE810401DF007B8F8B558
:100C5000464D0446002601206E70062C04D2DFE8C3
:100C600004F006030306030668700F20F8BD002198
:100C700020461CF048F80023012219462046009621
:100C80001CF019F83A4B00220121204600961CF076
:100C90005DF800F036F82881002120461CF033F87A
:100CA000002301221946204600961CF004F8002378
:100CB0001A461946204600961CF048F8287820B1BC
:100CC0006878012801D00120F8BD0320F8BD10B5D7
:100CD00000201AF064FE27480078FFF7B8FF0446AA
:100CE00025480078FFF7B3FF04F00F0161F31F10F0
:100CF0000146132016F0E5FCBDE8104000201AF074
:100D000069BE70B50B2000F01FF84FF0E0264FF4DD
:100D100000650020C6F88052144C20706080A080CE
:100D2000E08016494FF4C85084361CF088FAF56705
:100D300020780028FCD0A088E188401A84B20B20DB
:100D400000F002F8204670BD00280DDB00F01F0205
:100D5000012191404009800000F1E020C0F880119D
:100D6000BFF34F8FBFF36F8F704700000204100076
:100D7000BD0B00005C0A10005D0A1000AD0B000006
:100D800010B51CF0D7FA0021912016F055F8F9485B
:100D900001210170C17010BD10B5F64C20780028FB
:100DA0000BD1A08850B1F448A1880068B0F888063B
:100DB00088420AD3A088401CA08010BDA088401C97
:100DC000A0801CF0B2FAE08010BD1CF0AEFA2081C9
:100DD0001CF0B0FA0120207010BD70B5E54C002069
:100DE0002070A080E08020810B2000F0FDF94FF002
:100DF000E0264FF40065C6F88052E04941F28830A1
:100E000084361CF063FAF56720780028FCD0E0886F
:100E10002189401A84B20B2000F0E6F9204670BD0B
:100E20007047F8B500252F46D5481BF03FF9D24C46
:100E30000026009620683346012290F8940031463F
:100E400000F007001BF037FF2068002190F89400A5
:100E500000F007001BF057FFCA48009020680023ED
:100E6000012290F89400194600F007001BF06EFF75
:100E7000304600F0CAF9FFF7B0FFBE4E7081F0783F
:100E8000012801D13220F8BD20687189B0F88A06A6
:100E900088420BD90A35EDB2284600F0B6F9FFF7C3
:100EA0009CFF7F1CFFB27081142FEDD920687189DF
:100EB000B0F88A06884203D90021922015F0BCFFC1
:100EC000002720687189B0F88A0688420BD86D1E09
:100ED000EDB2284600F099F9FFF77FFF7F1CFFB2C3
:100EE0007081142FEDD920687189B0F88A06884284
:100EF00003D80021922015F09FFF1BF0E3F828464D
:100F0000F8BD10B501463C229F481CF060FD012150
:100F1000BDE8104000201AF0A2BC70B504461AF0DB
:100F200022FE944DE8681AF023FEA4F8760004200F
:100F3000A070208E6FF30800801C20862820C4F843
:100F4000620094F85D0020F0030084F85D0094F8DE
:100F50005E0020F0010084F85E0094F8360040F056
:100F6000010084F83600A97831B1012908D002299E
:100F700018D0032909D119E020F07000403002E0B8
:100F800020F07000503084F83600687888B101286D
:100F900013D0022816D0032803D1A07C40F0030010
:100FA000A07470BD20F070006030ECE740F070007D
:100FB000E9E7A07C20F00300F2E7A07C20F003002A
:100FC000401CEDE7A07C20F00300801CE8E7F8B5AA
:100FD0006D4E0746032438461AF041F900226B464D
:100FE000012110461AF084FC012100201AF063FC54
:100FF000307838B1002515F02EFF641E002CEADC95
:101000002846F8BD0125FBE72DE9F0438BB00646E5
:1010100002A81AF0FCF8574D5C480027E8605C48CD
:1010200002900E208DF80C006E70AF7002A8FFF7D2
:10103000CEFF4FF0FF39E8B350225648E9681CF064
:101040003FFC0124E846AC7002A8FFF7C0FF88B35C
:1010500050225148E9681CF033FC4E4A414628F8BA
:101060001470002002EB400332F810C0B3F8E037F0
:10107000401CA3EB0C0331F814C02828634421F86A
:101080001430EFDB641CE4B2042CDCD3BDF80600A2
:10109000032E16D05FF0A002B0FBF2F1BDF8040001
:1010A000BDF80230B0FBF2F0B3FBF2F2120642EAF6
:1010B000004000E003E008430BB0BDE8F083484681
:1010C000FAE75022E8E72DE9F041012500201AF067
:1010D00066FC02201AF063FCDFF8AC800026264F85
:1010E00008F13C080FE001250024E0B2FFF78CFF77
:1010F00048F82400002800DA0025641C042CF4D3EE
:10110000012D07D0761C386890F89406B042EADCCE
:101110001DB326E0214C1C49102220683C312230AE
:101120001CF0CEFB38681E4E90F88D06800703D564
:10113000A021301D1CF0A7FC134F19483C37AC30E0
:101140008ECF80E88E000221301D31601AF01DFD27
:1011500021685A2081F8210003E00021302015F099
:101160006BFE00201AF036FC02201AF033FC2846F1
:10117000BDE8F0810C041000500A1000310D000091
:10118000D10D0000490D0000F40B100000000120FB
:10119000B30E000004A61000E4AD1000540A1000C5
:1011A00048E0100010B5FFF78EFF00F0010400F0DA
:1011B00030F820420CD04F48016891F83200FA28EC
:1011C00002D2401C81F83200BDE81040FFF74BBC52
:1011D00010BD10B5FFF777FF10F0010F03D0BDE889
:1011E0001040FFF740BC10BD00280DDB00F01F02CF
:1011F000012191404009800000F1E020C0F88011F9
:10120000BFF34F8FBFF36F8F70470A2207211BF088
:10121000BEB870B500201AF0C2FB374C0020E07059
:10122000FFF7FFFD064600F019F8054601460A22C1
:1012300030461BF0ACF8E07830B92E485A210068EF
:10124000C67780F82050817700201AF0C3FBE07841
:10125000012801D0012070BD002070BD2DE9F843A8
:101260001AF030FF254F002000903868002301223B
:1012700090F89400194600F007001BF01CFD386838
:10128000002190F8940000F007001BF03CFD1C4882
:10129000009038680023012290F89400194600F06D
:1012A00007001BF053FDFFF798FD134E00244FF687
:1012B000FF75708121460A2232201BF068F8FFF783
:1012C0008CFD7081F178012911D03968B1F88A1646
:1012D000401A00D5404280B2854201D90546A04659
:1012E000641CE4B2102CE5D34046BDE8F883072027
:1012F000FBE70000540A10000C041000500A100014
:10130000490D000010B501463C22FE481CF05FFB71
:101310000121BDE8104000201AF0A1BA30B587B015
:101320000446684619F073FFF7480090022C05D078
:10133000032C09D0042C05D00A2006E003208DF8E8
:101340000A0004E0072000E00B208DF80400ED4CBB
:10135000684619F084FF002206AB012110461AF0FE
:10136000C7FA012100201AF0A6FA207810B115F072
:1013700072FDEDE719F0B2FFE44DC5E9120119F075
:10138000AFFFC5E91401A468302015F053FE14F036
:101390003CFA07B0204630BD2DE9F041DB4CA0F10E
:1013A0006006092ED4E91205D4E9142316D2DFE829
:1013B00006F00516263746586778870002462B4602
:1013C000084600F02CFB0246012000211CF02EFAFA
:1013D000D4E9022310431943C4E9020175E0084629
:1013E00000F01DFB01230246002118461CF01EFAE6
:1013F000D4E90A2310431943C4E90A0165E002460F
:101400002B46084600F00BFB0246012000211CF091
:101410000DFAD4E9062310431943C4E9060154E048
:10142000084600F0FCFA0246012000211CF0FEF9FB
:10143000D4E90E2310431943C4E90E0145E00246E6
:101440002B46084600F0EBFA01230246002118461D
:101450001CF0ECF9D4E9042310431943C4E9040156
:1014600033E0084600F0DBFA0246012000211CF0C0
:10147000DDF9D4E90C2310431943C4E90C0124E03D
:1014800002462B46084600F0CAFA02460120002117
:101490001CF0CCF9D4E9082310431943C4E908012E
:1014A00013E0084600F0BBFA0246012000211CF0C0
:1014B000BDF9D4E9102310431943C4E9100104E035
:1014C000012088406168084360602068401C2060FB
:1014D000BDE8F0812DE9F041174604460D4600268F
:1014E00009E0E00703D03146384615F0A5FC761C2C
:1014F0006D084FEA340454EA0500F2D1E8E72DE91B
:10150000F041824CD4E90223D4E90656104619462C
:101510002A433343D4E90A56D4E90EC745EA0C05F9
:101520003E43D4E9087C97432CEA030CC4E9087CC9
:10153000D4E91023AA43B343C4E910232268002A44
:10154000C6D06022FFF7C6FFD4E90A016122FFF787
:10155000C1FFD4E906016222FFF7BCFFD4E90E0106
:101560006322FFF7B7FFD4E904016422FFF7B2FF5B
:10157000D4E90C016522FFF7ADFFD4E9080166222A
:10158000FFF7A8FFD4E910016722FFF7A3FF606807
:10159000BDE8F041682200219CE799E72DE9F14F71
:1015A0004FF0000919F09AFE0646884619F098FE99
:1015B000564A0D460446C2E91401C2E912684FF0CA
:1015C000160A4FF0280B1AF04FFC00273A4601206C
:1015D00000211CF02BF9304001EA0801084326D015
:1015E0004B480021006890F8142BF8B21AF043FC25
:1015F000410705D50099C90602D54946622010E089
:10160000C10705D00099490702D54946602008E086
:10161000009911F0C00F06D010F00A0F03D0494610
:101620006420FFF7B9FE09F1010000F0FF097F1CFB
:101630005745CBDB1AF018FC00273E463246012006
:1016400000211CF0F3F820402940084324D0304802
:101650000121006890F8142BF0B21AF00CFC41073D
:1016600005D50099890602D53946632010E0C107E7
:1016700005D00099090702D53946612008E0009994
:1016800011F4C07F06D010F00A0F03D03946652050
:10169000FFF782FE7F1CFFB2761C5E45CEDDBDE803
:1016A000F84F1AF0E1BB2DE9FC5F8146002092461D
:1016B000CDE900000C9A1F460E46D0047ED50024CA
:1016C00051E000BF4FF000084FF0FF3B454632E0CD
:1016D00005FB06413AF91100B8422BD208F1010886
:1016E000BBF1FF3F00D1AB46A9F10100854221D1FA
:1016F000B8F1010F1ED1701E84420ED1294666201A
:1017000008E00000400C1000B5120000200410009A
:10171000500A1000FFF740FE0CE00AEB4100B0F960
:101720000210B94204D32CB130F9020CB84201D2F4
:101730004FF000086D1CC748005DA842C8D8A9EB4F
:101740000B0141450ED821466720FFF725FE2246B2
:10175000012000211CF06AF8DDE900231043194341
:10176000CDE90001641CB442ACD300252AE000BFDF
:10177000B9484FF0000B5C4630F91500A6EB0008A5
:1017800014E000BF05FB06413AF91100B8420CD243
:101790002246012000211CF049F8DDE90023104019
:1017A0001940084301D10BF1010B641C4445E9D3F6
:1017B000BBF1000F05D02946662000E004E0FFF7EA
:1017C000EBFD6D1C4D45D3D3BDE8FC9F70B50446C1
:1017D00086B000201AF0E3F8A048002114F00C0FA6
:1017E000C0E90811C0E90211C0E90411C0E90611FD
:1017F000C0E91011C0E90A11C0E90C11C0E90E11CD
:101800004160016009D1E00607D4A00605D4600656
:1018100003D4E00501D4200602D52046FFF7BEFE22
:10182000A00701D1E00420D50120FFF777FD054690
:1018300019F054FDCDE9020119F052FDCDE9040182
:10184000082102A81AF01AFE0646082104A81AF078
:1018500015FE0146E00408D5814800942A46006838
:1018600090F8123B3046FFF71EFF200502D50320FB
:10187000FFF754FDFFF743FE06B00020BDE87040BF
:101880001AF0A8B82DE9F04F044685B000201AF0F0
:1018900086F802201AF083F803201AF080F8E00797
:1018A0007ED0FEF76AFE6E4C206890F8311090F8FA
:1018B0003000490011FB00F26A496B481CF000F847
:1018C0000027A34698E0644892F83010DFF89C9116
:1018D00010F817004FF0FF3510F0FF00A1EB0002E9
:1018E000D4B2614A01FB07F147F6FF7A02EB4106E9
:1018F000A8460BD020460022594602E026F81020C8
:10190000401C0B6893F830308342F7DC641E1FE004
:1019100036F91400484500DD8146504500DA82461C
:10192000012C15D406EB440131F9021C401A00D5F4
:101930004042DBF80010B1F8F81A884208DB224672
:10194000012000211BF072FFC243154028EA010864
:10195000641EDDD2B9EB0A0000D54042DBF800106E
:10196000B1F8F63A984246DAB1F8F40A484542DD51
:10197000504400283FDD91F8FA4ADA462A464346A9
:101980002146304606F073FA0146DAF80000B0F856
:10199000F42A0020019000910290CDE9030200E0BA
:1019A00031E02A4643462146304606F07AFADAF814
:1019B00000002A46434690F8301090F8FA0A091BB6
:1019C000C9B2894606EB400006F051FA0146DAF842
:1019D00000000122B0F8F4CA90F9FC4A90F9FB3AF1
:1019E0008DE81E1090F8FA0A2A4606EB400043469E
:1019F000494606F056FA7F1CDBF8002092F83100C9
:101A0000B8423FF760AF032019F0E4FF022019F05D
:101A1000E1FF05B00020BDE8F04F19F0DBBF2DE974
:101A2000F04116461F4680464FF0FF3500242246FF
:101A3000012000211BF0FAFE30403940084304D059
:101A40006D1C454501D1204642E5641C402CEED377
:101A500000203DE5B4290120882901202004100040
:101A6000500A10007C6D0120C4A101200080FFFFFE
:101A7000144908604FF40051002019F0F0BE38B549
:101A8000002019F08CFFAFF217001BF00EFE0022B1
:101A90004FF400546B462146104619F029FF2146A9
:101AA000002019F008FF002019F094FF0648A52235
:101AB000016804480A74006820F07F424A611BF004
:101AC00018FE38BD78041000540A1000020004D03B
:101AD000012A04D0022805D002E0012000E00720FE
:101AE00019F01CBB0020704710B501463C22FE488F
:101AF0001BF06DFF0121BDE81040002019F0AFBEC2
:101B000030B587B00446684619F081FBF74800906D
:101B1000FCB1012C1FD0022C19D102208DF80A0033
:101B2000F14D0324684619F09AFB002206AB01210F
:101B3000104619F0DDFE0121002019F0BCFE2878C6
:101B4000002804D015F087F9641E002CEADC07B0E9
:101B500030BD082000E009208DF80400E0E72DE901
:101B6000F14F98B019F0BAFBCDE90E0119F0B8FBAE
:101B7000CDE91001DE4C18980028206807D0B0F895
:101B800032111898FFF7A2FF0D90DA4812E090F892
:101B9000CE0010F0600F05D0DDE90E0116F016FF43
:101BA000CDE90E012068B0F82C111898FFF78EFFD0
:101BB0000D90D1484FF0400B0590D94608210EA852
:101BC0001AF05CFC0446082110A81AF057FC4443A4
:101BD000CA48019000F5FC60214603901BF031FFDC
:101BE000610001981BF02DFFBF48C021C0381BF0D9
:101BF0004AFF0222214603981BF01BFF00273E46A6
:101C0000082110A81AF03AFC0090DDE90E01002529
:101C1000CDE90A012A46012000211BF007FEDDE97B
:101C20000A231040194008432BD0DDE910A10024FD
:101C300088462246012000211BF0F8FD02460B4693
:101C400000EA0A0001EA0801084316D0AC4830F95E
:101C5000160088B1009997FBF1FC01FB1C7C081A67
:101C6000844509DBA048C03800EBC60CDCE9001055
:101C700011431843CCE900107F1C641C4C45D8DB91
:101C8000761C6D1C5D45C5DB002015901898FFF78C
:101C900037FF954800242746806809900120264692
:101CA00012903246012000211BF0C0FDDDE90E2319
:101CB0001040194008436FD000252A46012000211A
:101CC0001BF0B4FDDDE9102380468A461040194020
:101CD000084374D08448C03800EBC7011491D1E99F
:101CE000000100EA080001EA0A01084311D12A466E
:101CF000394605981AF008F80399095D022909D0B8
:101D0000099A0D9B32F914209A427BDD91B3012987
:101D100056D0C7E0099931F914200D998A4211DD96
:101D20007F2804DA03990022431C0A5511E0149815
:101D30001499D0E9002042EA080240EA0A00C1E909
:101D4000002022E017DA002809DD03990122431E52
:101D50000A552A463946059819F0E1FF15E014980E
:101D60001499D0E9003043EA080340EA0A00C1E9C7
:101D700000300AE011E01499D1E90001149A40EA18
:101D8000080041EA0A01C2E90001099830F814107C
:101D9000019820F8141085E098E07F2804DA019972
:101DA000431C21F8142039E014981499D0E900302C
:101DB00043EA080340EA0A00C1E9003072E072E039
:101DC0001499D1E9003C43EA08034CEA0A0CC1E942
:101DD000003C019931F914200D99511A099A32F9F0
:101DE00014300D9AA3EB020200D54942002A00DA12
:101DF0005242914246DC431C3EE003E0039902203C
:101E000008554FE042DA012901D0C1B14AE010F192
:101E10007F0F09DD0199431E21F814202A46394617
:101E2000059819F07CFF3DE01499D1E90001149A5E
:101E300040EA080041EA0A01C2E9000132E01499CF
:101E4000149BD1E9002142EA080241EA0A01C3E9F0
:101E50000021019931F914200D99521A099931F98B
:101E600014300D99A3EB010100D55242002900DA8C
:101E700049428A4206DC431E2A463946059819F033
:101E80004EFFBBE7019820F81430B7E70399022012
:101E900008551498D0E9002342EA080243EA0A03ED
:101EA000C0E90023641C6D1C4D45FFF606AF0E48CB
:101EB000C03800EBC701D1E90002DDE9101348404A
:101EC0005A40104301D0002012907F1C761C5E45C2
:101ED000FFF6E7AE1298012805D01598401C159022
:101EE0007F287FF7D3AE0DE0400D1000991A000057
:101EF000500A10006C9401205C90012004A6100090
:101F000088290120129819B0BDE8F08F2DE9F14F12
:101F100098B04FF0000B19F0E1F9CDE90C0119F080
:101F2000DFF9CDE90E01189848B1FE480068B0F815
:101F300032111898FFF7CAFD1190FB4814E0F94CD4
:101F4000206890F8CE0010F0600F05D0DDE90C019C
:101F500016F03CFDCDE90C012068B0F82C11189862
:101F6000FFF7B4FD1190F148402508950390082132
:101F70000CA81AF083FA019008210EA81AF07EFA34
:101F80001490C021EA481BF07EFDE9481821FC307E
:101F90001BF079FD0120109000200446129022468B
:101FA000012000211BF042FCDDE90E238246894618
:101FB0001040194008437DD0DA48006890F82A1193
:101FC0008A071CD5129ACAB1090706D5012A15D06D
:101FD00090F83000401E904210D000260BE0DDE962
:101FE0000302314619F090FE03462246314603981B
:101FF00019F095FE761C01988642F0DB049418983F
:10200000FFF77EFDCA484FF00108C0300027806806
:102010003E4616903246012000211BF007FCDDE908
:102020000C2310401940084346D0C14800EBC701BB
:102030000B91D1E9000100EA0A0001EA0901084315
:102040002DD122463946039819F05EFE149A129952
:1020500007FB0212169931F9122011998A420ADA05
:102060000B980B9AD0E9001041EA0A0140EA0900F6
:10207000C2E9001013E07F2806DA431C22463946E5
:10208000039819F04CFE0AE00B98D0E9003143EABE
:102090000A0341EA0901C0E90031002010900B99C0
:1020A000D1E9000100EA0A0001EA0901084300D170
:1020B000804600E009E07F1C761CAE42AADBB8F146
:1020C000000F9CD01298401C12900898641C844207
:1020D000FFF665AF0020BCE04FF000094E463246E7
:1020E000012000211BF0A2FB0490DDE90E238846AD
:1020F00010401940084370D0B9F1000F01D14FF0E2
:10210000010B1898FFF7FCFC89484FF0010AC0301A
:1021100000248068274616903A46012000211BF0D3
:1021200085FBDDE90C231040194008437BD0B9F151
:10213000000F0EDD32462146039819F0E5FD7C497B
:102140003246FC3109570B182146039819F0E7FD78
:1021500068E0BBF1010F15D132462146039819F012
:10216000D3FD7349FC3108557148049B00EBC40151
:102170006FEA030CD1E9002002EA0C0220EA080011
:10218000C1E900206A4800EBC4010791D1E90001D0
:10219000049B01EA08011840084339D13246214620
:1021A000039819F0B1FD149A169904FB029231F9C3
:1021B000122011998A4211DA0799049B079AD1E9F2
:1021C00000C14CEA030C41EA0801C2E900C15849C8
:1021D000FC310A5D801A08551AE030E07F2806DAE3
:1021E000431C32462146039819F099FD10E0079AE6
:1021F000049BD2E900121943079B42EA0802C3E993
:1022000000124B49FC310A5D801A085500201090DD
:102210000799D1E90001049A01EA08011040084336
:1022200000D18246641C7F1CAF42FFF675AF4FF0B1
:10223000000BBAF1000F3FF464AF09F101090898EF
:10224000761C8642FFF64BAF1898FFF759FC0B98A7
:10225000401C0B903348006890F82A110B98B0EBA3
:10226000111FFFF639AF10984DE62DE9F14F9CB0E4
:1022700019F034F8CDE9140119F032F8CDE916015E
:102280001C98002861D027480068B0F832111C98CB
:10229000FFF71CFC13902448402502902E4608218D
:1022A00014A81AF0EBF80446082116A81AF0E6F86C
:1022B000444320480A9000F5FC60214606901BF03C
:1022C000C0FB61000A981BF0BCFBC02118481BF042
:1022D000DAFB0222214606981BF0ABFB00200F9090
:1022E0001C98FFF70DFC12484FF00009C030CB4698
:1022F0008068039001204F4618903A460120002143
:102300001BF094FADDE9142310401940084372D001
:10231000002019900FFA89F01A90054800EBCB01C4
:10232000099109E0500A10006C9401205C90012092
:10233000800C100004A61000D1E90001DDE916238D
:1023400050405940084310D011E0DDE9140116F067
:102350003DFBCDE91401FB480068B0F82C111C9836
:10236000FFF7B4FB1390F84896E70120199000247A
:102370002246012000211BF059FADDE91623804690
:102380008A4610401940084377D000201B9022460F
:102390005946029819F0B8FC0999D1E900239E46E4
:1023A000114602EA08030EEA0A02134301D1012290
:1023B0001B92199A002A0FD1069A12F80920022AB4
:1023C0000BD0DDF80CC03CF91930DDF84CC063458A
:1023D00076DD92B3012A51D0BAE0039B139A33F908
:1023E0001930934210DD7F2806DA06990022431C3B
:1023F00001F8092011E0EFE0099841EA08014EEAEE
:102400000A03C0E9001315E018DA10F17F0F0ADDA6
:10241000069A0121431E02F80910224659460298E5
:1024200019F07DFC11E0099841EA08014EEA0A0220
:10243000C0E900120020189007E00DE0099A41EA77
:1024400008014EEA0A00C2E90010039830F819109A
:102450000A9820F819107BE07F2804DA0A9921F8FD
:102460001930431C38E0099841EA08014EEA0A0293
:10247000C0E900120020189055E06BE01B9A32B1C1
:10248000099A41EA08014EEA0A03C2E900130A99CF
:1024900031F919201399521A039931F91930139906
:1024A000A3EB010100D55242002900DA49428A42D9
:1024B00002DC431C32E003E00A9820F8193032E0D5
:1024C00036DA012A01D06AB142E010F17F0FCADD8D
:1024D0000A9921F81930431E22465946029819F0EC
:1024E0001EFC35E01B9A32B1099B41EA08014EEA15
:1024F0000A02C3E900120A9931F919201399521AF4
:10250000039931F919301399A3EB010100D5524217
:10251000002900DA49428A42CEDC431E224659464F
:10252000029819F0FCFB0699022001F809000FE05F
:10253000069A022102F809101B9848B10999D1E9BD
:102540000001099A40EA080041EA0A01C2E90001D3
:1025500009F10109641CB442FFF60AAF0998D0E9F9
:102560000010DDE9162351405840014302D00020FD
:1025700018902FE0199868BBDDF868800024224687
:10258000012000211BF052F9DDE91623104019400B
:1025900008431CD022465946029819F0B5FB06990B
:1025A00011F8081011B1012905D00CE010F17F0FCE
:1025B00009DD431E02E07F2805DA431C2246594606
:1025C000029819F0ACFB08F101000FFA80F8641CC6
:1025D000B442D4DB0BF1010B7F1CAF42FFF68DAE92
:1025E0001898012805D00F98401C0F907F287FF77E
:1025F00077AE5448006890F82B01400776D5082143
:1026000016A819F03BFF0E900120189000200190B1
:10261000C0214E481BF037FA0020814602460120B7
:1026200000211BF003F9DDE9162380468A4610409D
:102630001940084376D043480222006890F83110D0
:1026400006981BF0F6F900273C462246012000219F
:102650001BF0ECF8DDE9142310401940084308D0C2
:102660004A463946029819F04FFB3849FC31C855A3
:102670007F1C641CAC42E8DB1C98FFF741FA33482E
:102680004FF0010BC03000248068274603903A4683
:10269000012000211BF0CAF8DDE914231040194085
:1026A000084372D0294800EBC4011091D1E9000120
:1026B00000EA080001EA0A01084316D14A46214609
:1026C000029819F021FB06990A5D0199022A0ED0A1
:1026D0000E9BDDF84CC004FB0311039B33F9113052
:1026E00063457DDD6AB3012A61D0D7E041E10E9AEE
:1026F00004FB0211039A099132F9112013998A42BD
:1027000011DD7F2804DA06990022431C0A5512E0E5
:102710001098D0E9001341EA080143EA0A03C0E92E
:1027200000131EE01FE11FDA10F17F0F10DD069A83
:102730000121431E11554A462146029819F0EFFA2D
:102740001BE023E0500A10005C900120800C100078
:102750001098D0E9001241EA080142EA0A02C0E9F1
:1027600000120020189008E01098D0E9001241EA09
:10277000080142EA0A02C0E900120399099831F8F7
:1027800010200A9921F8102088E092E07F2804DACE
:102790000A9A22F81130431C3AE01099D1E900025C
:1027A00040EA080042EA0A02C1E9000240E0109A49
:1027B000DDF840C0D2E9003243EA080342EA0A02E7
:1027C000CCE900320A9A32F91130139A9A1A039B13
:1027D00033F911C0139BACEB030300D5524200E068
:1027E0000AE0002B00DA5B429A4201DC431C40E025
:1027F0000A9820F811C041E044DA012A01D0D2B190
:102800004CE010F17F0F09DD0A9A22F81130431EC7
:102810004A462146029819F082FA3FE01099D1E920
:102820000001109A40EA080041EA0A01C2E90001E9
:102830000020189032E0109ADDF840C0D2E9003252
:1028400043EA080342EA0A02CCE900320A9A32F962
:102850001130139A9B1A039A32F911C0139AACEBF8
:10286000020200D55B42002A00DA52429342BFDCEA
:10287000431E4A462146029819F051FA0699022051
:1028800008550BE00699022008551098D0E900235E
:1028900042EA080243EA0A03C0E900231099D1E999
:1028A000000100EA080001EA0A01084300D183465A
:1028B000641C7F1CAF42FFF6EAAEBBF1000F3FF491
:1028C000DBAE0027DFF8A4A23C462246012000210F
:1028D0001AF0ACFFDDE914231040194008430AD078
:1028E0004A463946029819F00FFA1AF80720801A5A
:1028F0000AF807007F1C641CAC42E6DB09F1010406
:102900002CE02246012000211AF090FFDDE9162379
:1029100010401940084320D04FF0000847463A467F
:10292000012000211AF082FFDDE914231040194034
:1029300008430FD022464146029819F0E5F91AF8EB
:1029400008102246084443B24146029819F0E7F9BC
:1029500008F101087F1CAF42E1DB641CB442D0DB0C
:102960000198401C019009F101008146B042FFF638
:1029700055AE18981DB0BDE8F08F2DE9FF5F4FF000
:102980004009C846082102A819F078FD08210EA8C0
:1029900019F074FD0027DFF8D8B10FFA80FA3E462F
:1029A0003D462A46012000211AF040FFDDE90223BE
:1029B00010401940084323D0002422460120002162
:1029C0001AF034FFDDE90E2310401940084313D0FC
:1029D0003BF9160038B197FBFAF20AFB1272AAEB28
:1029E0000000824201DA109B00E0119B2246314632
:1029F000009819F094F97F1C641C4445DDDB761CBB
:102A00006D1C4D45CDDBBDE8FF9F70B5054601242B
:102A1000002018F0C4FF022018F0C1FFE80703D01F
:102A200000F014F800F00104A80702D500F059F8EE
:102A30000440002018F0CEFF022018F0CBFFE8077A
:102A400002D0012000F0B8F8204670BD2DE9FC4707
:102A5000012618F043FC04460D4618F041FCDFF84F
:102A6000149107468846D9F8000090F8CE0010F07F
:102A7000600F05D02046294615F0A8FF04460D46F4
:102A8000D9F8000090F82A01C00724D0CDE90078D9
:102A900022462B46384819F051F9D9F8001091F820
:102AA0002A01C20717D091F8CF10C90705D000201E
:102AB000FFF755F806000AD00DE040074FF0000080
:102AC00002D5FFF7D2FBF5E7FFF720FAF2E7012185
:102AD000742014F0B1F90020FFF712F83046BDE879
:102AE000FC872DE9FF41012618F0F8FB04460D464E
:102AF00018F0F6FB1F4F3A6892F830315FEAC37C5A
:102B00002DD0DFF878C09B070BD592F8353192F8BD
:102B100034218DE80F0022462B466046FFF72DFF3B
:102B200006E0CDE9000122462B46604619F006F981
:102B3000386890F83011C90711D090F8E100C0064C
:102B40004FF0010002D4FFF7E1F901E0FFF707F8C9
:102B5000060004D14FF48071742014F06DF9012047
:102B6000FEF7CEFF04B03046BDE8F0817C0D1000CA
:102B700088290120500A10005C9001206C940120EB
:102B800010B5FEF77CFF5320FFF73FFF00F0010474
:102B90004FF4D67001F046FA204205D0FDF7A7FFAA
:102BA000BDE81040FDF75FBF10BD10B5FEF767FF31
:102BB000BDE81040FDF757BF2DE9F047224C06460F
:102BC000206890F87501C0F30112C0F3810100F094
:102BD000030015F0BCFA2168401CC5B291F8BD0A8B
:102BE000C00700D1012591F8C10CC0072AD0012EE1
:102BF00028D191F83120154FDFF8549091F830101A
:102C0000022012FB01F1DFF84C80D9F800600122AC
:102C10000CB288F800203636FDF791FE002188F8C6
:102C20000010032018F0BBFED9F8000062006A43D0
:102C30008486394630461AF043FEBDE8F04703204B
:102C400018F0C8BEBDE8F087500A10007C6D012066
:102C5000540A10007C04100010B501463C220448C0
:102C60001AF0B5FE0121BDE81040002018F0F7BDB4
:102C7000940D100030B587B0684618F0C8FAFB48CC
:102C800002220078E0B1032101280DD003280ED0E4
:102C9000022818D0042205280CD004280DD00628BC
:102CA0000ED007280FD010E08DF807100DE08DF83A
:102CB00009100AE08DF80B2007E08DF80B1004E0F6
:102CC0008DF8072001E08DF80920E948E94D03243B
:102CD0000090684618F0C3FA002206AB01211046A6
:102CE00018F006FE0121002018F0E5FD28780028E4
:102CF00004D014F0B0F8641E002CEADC07B030BD3C
:102D00002DE9FF5FD94800252C46D0E91678D0F888
:102D100038902E4682463246012000211AF086FD68
:102D2000384001EA0801084304D019F80600A84217
:102D300000D90546761C402EEDD3DAE91878DAF88A
:102D40003C9000263246012000211AF06FFD3840E9
:102D500001EA0801084304D019F80600A04200D98E
:102D60000446761C402EEDD3DAF8481052464FF058
:102D7000FF080D70DAF84C000470DAF83030039375
:102D8000DAF8346093F800E0029696F800A0976AAB
:102D900001970EEB050397F800B0D76A00970AEB8E
:102DA000040697F80090B44F5B444E443F6897F890
:102DB0004C717F06D2E9167C50D557EA0C0705D036
:102DC000D2E9187C57EA0C0709D011E0536DB342E1
:102DD0002DD9A3EB0A04A4EB0903037021E0146DC1
:102DE0009C4224D9A4EB0E04A4EB0B030B7018E057
:102DF000B34241D2F31A2B44FF2B01D80B7039E0B8
:102E000081F80080D36943F40073D36132E003702A
:102E100006E000BF80F80080D36943F40073D361FB
:102E20000D70954B1B6893F84C315B0612D5937A65
:102E3000002B0FD0019B09781C78039B1B7823443F
:102E400019441165009900780B78029909781944A2
:102E500008445065BDE8FF9F0D700BE057EA0C0772
:102E600007D0D2E9187C57EA0C07C1D10D70057064
:102E7000D7E70C700470D4E79E42EDD29B1B23442D
:102E8000FF2BC7D8C3E72DE9F0411F460D46002AA6
:102E90001FDD764C77B1B4F90E60114616F063FA77
:102EA000B042287812DAFF2807D2401C2870002090
:102EB000BDE8F081B4F90C60EFE7E0691FB140F0C4
:102EC0000200E06105E040F40060FAE708B1401E4E
:102ED00028700120ECE72DE9F0411E460D46002A3E
:102EE0001ADD624C66B1B4F90E70114616F03BFA69
:102EF000B84211DD287850B1102804D3103803E00F
:102F0000B4F90C70F1E7002028700020D0E7E069E8
:102F100026B140F00100E0610120C9E740F4806083
:102F2000F9E72DE9F14F00255048009A2C46FF2182
:102F3000DAB1D0F83090022689F80010D0F8348049
:102F400088F80010B0F90E7041694FF0180B002995
:102F500000DC012545488069002800DC0124FFF7DA
:102F6000CFFEFFF787FE6DB11EE0D0F828904FF43A
:102F7000006689F80010D0F82C8088F80010B0F9AD
:102F80000C70E1E7DFF8E4A03A46DAF82000DAF85E
:102F90001410006801F082F8012805D1DAF81C103D
:102FA00031430125CAF81C108CB9DFF8C0A03A469D
:102FB000DAF82400DAF81810006801F06FF8012838
:102FC00005D1DAF81C1031430124CAF81C100DB1E8
:102FD000002C48D12E4627464FF0170A4EB92348F9
:102FE000009B016A42690E6849463046FFF773FF4D
:102FF00006464FB91D48009B416A82690F684146E9
:103000003846FFF768FF0746FFF77AFEFFF732FE04
:1030100006B117B9BAF1010AE0D22646134CABF15A
:1030200001073DB9206A009B494600686269FFF7C5
:103030002AFF05463EB9606A009B41460068A269C6
:10304000FFF721FF0646FFF75BFEFFF713FE05B112
:103050000EB97F1EE5D2012D05D1012E03D1E06905
:1030600020F40070E061BDE8F88F000080041000DB
:10307000092C0000940D1000500A10002DE9F04FAB
:103080009A4691460022FA4B83461446B3F91070D3
:1030900010460123904614E009EBE40504F0070C08
:1030A0002E7803FA0CF535420AD03BF91250BD4296
:1030B00003DC0AF80230012001E00AF80280521C09
:1030C000641C8A42E8DBBDE8F08F2DE9FF5F002435
:1030D0004FF001089A4617462646DFF89493454676
:1030E000DDF844B054E000BF0AEBE60006F007024A
:1030F000017805FA02F0084249D01BF804000128C3
:1031000044D0009830F91410B9F91000814221DA46
:103110003146019818F06DFEFF2812DA0E994FF033
:1031200000080844FF2800DBFF20C2B231460198A6
:1031300018F061FE009830F814100F9820F8141061
:1031400024E00BF80450D9F81C1041F00801C9F82C
:103150001C101BE0109A012A16D10F9A32F9142084
:10316000121AA1EB000000D55242002800DA4042BA
:10317000824209DC3146019818F03BFE401EC2B283
:103180003146019818F037FE0BF80450641C761C89
:10319000BC42A9DB404604B0BDE8F09F2DE9FF5FCB
:1031A00000244FF001089A46174625464646DFF8A8
:1031B000C092DDF83CB031E00AEBE50005F0070213
:1031C000017806FA02F0084227D01BF80400012813
:1031D00022D0009830F91410B9F9100081421BDD9B
:1031E0002946019818F005FE00280DDD0E994FF0D4
:1031F0000008884201DB401A00E00020C2B22946E4
:10320000019818F0F8FD07E00BF80460D9F81C10DD
:1032100041F00401C9F81C10641C6D1CBC42CBDBDE
:103220004046B8E72DE9F04F95B00F46064600241A
:10323000254618210EA81AF026FC282104A81AF009
:1032400022FC8B484169002900DC01248269002AA4
:1032500000DC01253346864A814606465832806B9B
:1032600000F026FF824A3B466032B169F06B00F005
:103270001FFFFFF745FDFFF7FDFC8CB1D9F82000DB
:103280007B4A4E4600680EAB5832D9F81410FFF74F
:10329000F5FE012804D1F069012440F00800F06136
:1032A0008DB1D9F82400724A4E46006804AB6032F2
:1032B000D9F81810FFF7E2FE012804D1F0690125C2
:1032C00040F00800F0610CB1002D79D12646A846E7
:1032D00000274FF0100A0DF1380B6EB9CDE900ABA5
:1032E000D9F82000624BD9F8142000685833D9F877
:1032F0003810FFF753FF0646B8F1000F0ED104A8AF
:10330000CDE900A0D9F82410594BD9F81820086845
:103310006033D9F83C10FFF741FF8046FFF7F0FC1F
:10332000FFF7A8FC16B1B8F1000F02D17F1C602F87
:10333000D3DBDFF840A1D9F81400264641000AF596
:10334000FC684C4650461AF07CFBA06941004046A0
:103350001AF077FB00274FF0010900BFFFF78AFC46
:1033600066B9CDE9009ACDE9029B206A404B6269BB
:1033700000685833A16BFFF7A8FE06466DB904A993
:10338000CDE90098CDE90291606A394BA2690068E5
:103390006033E16BFFF799FE0546FFF7B1FCFFF7DD
:1033A00069FC06B115B97F1C602FD7DB012E07D150
:1033B000012D05D1E069810502D520F40070E0619E
:1033C00015B080E62DE9FF4F83B04FF00108DDE92D
:1033D0001096A6F17F0001900024C6F17F001F46E1
:1033E0002546C246DDF84CB00090A5E009EBE500AB
:1033F00005F0070201780AFA02F0084276D0294661
:10340000059818F0C9FC1BF804200399022A0CD077
:10341000174B31F91410B3F9123099425ADD5AB3EF
:103420000199884249DD821B5BE031F91420104983
:10343000B1F912108A4209DD0199884202DD0BF8C8
:1034400004A0F0E71298405D40B10AE006DA009966
:10345000814206DD00220BF8042041E0129901F8B8
:1034600005A0039830F81410049820F814102DE0EB
:103470008004100004A61000FFE7049A32F914201B
:10348000D21AA1EB030300D55242002B00DA5B42B3
:103490009A4208DC0199884208DD821B294605987A
:1034A00018F081FC02E0049820F81410129901F839
:1034B00005A002210BF8041008E01298405D10B935
:1034C000129800F805A002200BF804001298405D45
:1034D00070B32FE025DA012A09D000998142ECDD92
:1034E00082192946059818F05EFCBAE723E0049A91
:1034F00032F91420D21AA1EB030300D55242002B5B
:1035000000DA5B429A4208DC00998142D8DD8219D8
:103510002946059818F047FCD2E7049820F81410C3
:10352000CEE702210BF80410129800F805A001E084
:103530004FF00008641C6D1CBC42FFF657AFB8F199
:10354000010F21D100252C461CE000BF09EBE4004F
:1035500004F0070201780AFA02F0084211D021466D
:10356000059818F019FC1BF80510022908D071B154
:103570000099814204DD82192146059818F013FC58
:103580006D1C641CBD42E1DB404607B09BE5019920
:103590008842F5DD821BEFE72DE9F04FDFF8049458
:1035A00006460C46FD48DFF8F8A3D9F814109DB084
:1035B00007680AEB41000AF5FC6810904D4608EBDD
:1035C000010B40461AF03DFA5846A9691AF039FA3B
:1035D0006869410050461AF034FAA8694100109811
:1035E0001AF02FFA182112A81AF04DFA282105A86E
:1035F0001AF049FA182112A81AF045FA282105A84C
:103600001AF041FA0222404669691AF012FA0222BF
:103610005846A9691AF00DFA5FF00005FFF72AFB7A
:1036200096B9E04A12A95832CDF80C800092CDE943
:103630000171D9F82010D9F81430D9F84020086861
:103640005146FFF7BFFE064694B9D64A05A9603237
:10365000CDF80CB00092CDE90171D9F82410D9F859
:103660001830D9F8442008681099FFF7ABFE0446DB
:10367000FFF746FB0EB1002C02D16D1C7F2DCDDB78
:103680001DB020E52DE9FF5F4FF00008DDE90EAB2E
:103690001E4691464546444622E000BF09EBE40041
:1036A00004F00701007801228A40024217D0214627
:1036B000009818F071FB071E00DA784250450DDDC6
:1036C0002146019818F095FB002F0DDDCBF1FF018D
:1036D000814201DB58440BE04FF001086D1C641C73
:1036E000B542DBDB404656E55845F5DBA0EB0B0069
:1036F000C2B22146019818F07EFBEDE72DE9FC47A8
:103700000E46070001D0002E51D10024DFF8989218
:10371000DFF89082254697B9D9F8000008F15802E1
:1037200090F8731190F87201CDE90001D8F81430C7
:10373000D8F83810D8F84000FFF7A4FF044696B92F
:10374000D9F80000974A90F8731190F87201CDE90A
:1037500000016032D8F81830D8F83C10D8F844008E
:10376000FFF790FF0546FFF7CBFA012C08D18D4AF1
:1037700000235832D8F81410D8F8400000F098FC14
:10378000012D14D1874A00236032D8F81810D8F8D8
:10379000440000F08DFC0EB1012100E0002117B1C2
:1037A0000CB1012000E00020BDE8FC47F4E6BDE8D4
:1037B000FC872DE9FF5F4FF000089A4691460F46BF
:1037C000454644460126DDF838B016E009EBE40032
:1037D00004F00702017806FA02F008420CD05445C2
:1037E00009DD2146009818F0D7FA00EB0B022146BC
:1037F000009818F0D8FA6D1C641CBD42E6DB404608
:10380000C9E42DE9F05F0D46DDE90A6107461C4673
:1038100093464FF0010A104618F0BEFA614A96F836
:103820000080B7F90030B2F91220A4F17F01C4F191
:103830007F0CB8F1020F0AD04FF0020993422FDD3E
:10384000B8F1000F1AD088424EDD021B2FE09342E0
:1038500005DD884210DD01213170021B05E00BDA25
:10386000844506DD00213170021958460B9918F085
:103870009AFA3B882B8020E02B8020E0B5F900707D
:10388000BF1AA3EB020200D57F42002A00DA52429F
:10389000974203DC884227DD021B21E02B8023E0D6
:1038A00022DAB8F1010F0CD084451DDD021958460B
:1038B0000B9918F078FA388828804FF0000A5046A3
:1038C0006AE4B5F90010891AA3EB020200D5494257
:1038D000002A00DA52429142E0DC844504DD0219FC
:1038E00058460B9918F05FFA86F80090E7E72DE943
:1038F000FF4F4FF0FF3997B0B2F1000BC84601DC23
:10390000012000E0002012902698002801DC012010
:1039100000E000201190002010900F9021492048D5
:103920000990496900EB41000A905846269914F025
:1039300019FC4FF0000A54460C908DE0012504F06C
:1039400007072E46D8450FDA1A9800EBE4000178F5
:103950000120B840014207D008F101082146129D1C
:10396000189818F019FA1090269989450FDA2798B7
:1039700000EBE40001780120B840014207D009F1D2
:1039800001092146119E259818F006FA0F900DB1F5
:10399000002E60D102208DF84C0007E004DE01000B
:1039A00004A6100080041000500A10008DF850008A
:1039B0005FF00007FFF75EF90DBB13A88DE8110853
:1039C000CDE903870998012300EB48011798189A5D
:1039D00000EB4800FFF715FF054601280FD12146EF
:1039E000189818F0D9F9014610982346081A109033
:1039F00040B2009059461A9A1898FFF7DAFE1EBB9B
:103A000026980123CDE9014014A80090CDE9039741
:103A10000A99249801EB490100EB4900259AFFF728
:103A2000F0FE064601280FD12146259818F0B4F97A
:103A30000F990DF1940C401A0F9040B200909CE841
:103A400007002346FFF7B5FE05B116B97F1C7F2F8F
:103A5000B0DB0AF1010A641C0C998A45FFF66EAFCF
:103A60001BB0BDE8F08F2DE9F047002591460F46C9
:103A700082462C46DFF8388401261FE009EBE4007B
:103A800004F00702017806FA02F0084215D0214638
:103A9000504618F081F910F17F0F02D07F2805D031
:103AA0000AE0D8F81C1041F0400103E0D8F81C10DF
:103AB00041F08001C8F81C106D1C641CBD42DDDBA8
:103AC000BDE8F0872DE9FF41F94C616949B3002554
:103AD000A06940B300260DB1002E4DD1F44A002359
:103AE0005832206C00F0E4FAF14A00236032A169F8
:103AF000606C00F0DDFA31462846FFF74DFDED4FD2
:103B0000386890F87101800703D531462846FFF7E1
:103B1000F5FD386890F87101C00715D02DB19EB938
:103B200003E00125D4E70126D5E7606AE04BA269EE
:103B300000686033616C8DE80F00206A083B6269A1
:103B40000068216CFFF7D3FE05B18EB9E06920F063
:103B5000C000E0612DB1D64A61695832206CFFF790
:103B600082FF2EB1D24AA1696032606CFFF77BFF01
:103B7000BDE8FF41FFF77EB8BDE8FF812DE9FF5F9B
:103B80004FF0010800259A4617462C46DFF820938F
:103B90004646DDF83CB039E00AEBE40004F00702E9
:103BA000017806FA02F008422FD01BF8040058BB37
:103BB0002146019818F0F0F80099B9F9122031F96E
:103BC00015304946934212DD0E9A7F3A904208DD45
:103BD0000E99421A2146019818F0E5F84FF00008B6
:103BE00012E0C86940F04000C9F81C000CE00BF876
:103BF00004600E99C1F17F01814205DD0E994218E2
:103C00002146019818F0CFF86D1C641CBD42C3DB3F
:103C1000404668E52DE9F04FA54C85B06169C9B310
:103C200000208346A069B0B300208246BBF1000F9C
:103C300002D0BAF1000F5DD19F4B02AD0DCB85E8EC
:103C40000D009B4A7F235832206C00F031FA984ACD
:103C50007F236032A169606C00F02AFA0026A14639
:103C600002A85C4650F8268055461621934819F064
:103C70000AFF92482821163019F0E3FED9F81C10EB
:103C8000002721F04001C9F81C1000BFFEF7F2FF29
:103C900034B114E000E001E00120C2E70120C4E7F4
:103CA0008649834BCDE90081D9F820105833D9F8E3
:103CB00014200868D9F84010FFF760FF04467DB96A
:103CC0007E497B4B1631CDE90081D9F82410603351
:103CD000D9F818200868D9F84410FFF74FFF0546B7
:103CE000FFF70EF804B115B97F1C182FCEDB761C38
:103CF000032EB5D305B0B4E62DE9F0416C4C002697
:103D000001270546E66101284BD02770A079617A2A
:103D100008430DD0664A002358326169A06B00F059
:103D2000C7F9634A00236032A169E06B00F0C0F973
:103D3000E079617A08430BD05D4962695831206CA3
:103D400018F03CF85A49A2696031606C18F036F8F6
:103D5000207910B10020FFF7E4F86079C0B1207934
:103D600038B16178A06A00F091F96178E06A00F0FA
:103D70008DF90120FFF7D5F8607948B1A178206B63
:103D800000F084F9A178606B00F080F9FEF7B8FFCD
:103D9000A07900B3FF20474A01462DB1012D09D07B
:103DA0000DE003202070B1E7116891F8490191F806
:103DB0004A1104E0116891F85A0191F85B11FFF77C
:103DC00031FAE178206B00F061F9E178606B00F086
:103DD0005DF9FEF795FF012D08D02670FEF74AFF2A
:103DE000E07970B1207A012803D008E00220207029
:103DF000F4E73846324F3870FFF70CFF3E70FFF79C
:103E000061FEFEF737FF012D08D01021E06900F0B8
:103E100065F9E06920B10020BDE8F0814021F5E7B7
:103E20000120F9E770B50C4617F058FA204DC5E9A6
:103E3000160117F055FAC5E91801082105F15800D7
:103E400018F01CFB6861082105F1600018F016FBF2
:103E5000A86104F18000A862401CE862401C28634D
:103E6000401C68634338A8631830C5E90F04403824
:103E700068646C308534C5E9120470BD10B5114911
:103E80000020FFF7CFFF0D4909481C390162091DC9
:103E9000416208490B6893F8382112F0010404715B
:103EA0004FF0000210D0836A1A70C36A1A7014E0CF
:103EB00080041000500A100008DE0100D00D100030
:103EC0005B0A1000A4980120846A93F841312370A2
:103ED0000B68C46A93F8423123700C6894F8383147
:103EE000C3F34003437113B1036B1A7006E0036B15
:103EF00094F843211A700A6892F84421436B1A70AF
:103F0000096891F83821C2F380038371C2F3C003BA
:103F1000C371B1F839318381B1F83B31C381B1F854
:103F20003D310382B1F83F31438291F8453143700E
:103F300091F84631837091F84731C37091F80411BC
:103F400001F001010172110601D501210172C2F3D4
:103F500040114172BDE810400020CDE610B57A490D
:103F60000120FFF75FFF7A48784901620021C0E92C
:103F700018110A46816177490B6893F84C4114F097
:103F80000104047104D0836A1A70C36A1A7008E0CD
:103F9000846A93F8553123700B68C46A93F85631DC
:103FA00023700B6893F84C41C4F34004447114B17E
:103FB000036B1A7006E093F85721036B1A700A68B6
:103FC00092F85821436B1A70096891F84C21C2F39A
:103FD00080038371C2F3C003C371B1F84D31838193
:103FE000B1F84F31C381B1F851310382B1F8533187
:103FF000438291F85931437091F85C31837091F8A4
:104000005D31C37091F8291601F0010101721106AA
:1040100001D501210172C2F340114172BDE8104087
:10402000012069E62DE9F04706460124002017F03B
:10403000B6FC022017F0B3FC464F454D70074FF019
:104040000008A1460CD5386890F84C01400603D50D
:1040500085F80A9085F80B80FFF710FF00F0010447
:1040600030070BD5386890F84C01400603D585F829
:104070000A8085F80B90FFF771FF0440022017F0CB
:10408000A9FC002017F0A6FC204619E502788A4218
:1040900001D9511A00E000210170704710B5144693
:1040A00015F061F9A04201DC012010BD002010BD17
:1040B000F0B500252C4601260DE000BF02EBE40719
:1040C00004F0070C3F7806FA0CFE1EEA070F01D039
:1040D00003556D1C641C8D42F0DBF0BD70B50446C9
:1040E0000D46C00702D0832012F0A6FEA00703D51C
:1040F0002946842012F0A0FE600703D529468520BA
:1041000012F09AFE200703D52946862012F094FE6D
:10411000600603D529468B2012F08EFE200603D5BB
:1041200029468C2012F088FEE00503D52946872019
:1041300012F082FEA00505D52946BDE87040882012
:1041400012F07ABE70BD00002C990120C40D100041
:1041500080041000500A1000DFF86C9108B55B4D28
:1041600000245B48C9F800405A4E2C60DFF8688193
:104170000460DFF868A13460C8F80040DFF860B17F
:10418000CAF8004000226B465946104617F0B0FBB3
:104190000098810713D5FCF72DF92F682C60FCF7E8
:1041A00027F917F0530F02D03846FEF72EFC17F40C
:1041B000D67F02D03846FFF735FF02217FE0410568
:1041C00014D5FCF717F937683460FCF711F9F807D4
:1041D00001D0FCF731FCB80701D5FCF788FC780763
:1041E00001D5FCF740FC4FF4806168E001060CD576
:1041F000FCF700F9D8F80070C8F80040FCF7F8F8B0
:104200003846FDF7E3FA802159E0C1010CD5FCF7EF
:10421000F1F8344807680460FCF7EAF83846FDF71F
:1042200031FB4FF080714AE0C10404D5FEF7A8FCD1
:104230004FF4805143E0010204D5FCF7C9FC4FF470
:1042400000013CE0010504D5FEF7AFFC4FF400612E
:1042500035E041020ED5FCF7CDF89AF80070CAF8A7
:104260000040FCF7C5F8F80701D0FDF708FC4FF453
:10427000800124E0C1050DD5FCF7BCF8D9F8007029
:10428000C9F80040FCF7B4F83846FCF758FB4FF487
:10429000807114E0C10004D50AF06DFA4FF080512E
:1042A0000DE0410104D5FCF77DFF4FF0806106E091
:1042B00000017FF567AFFCF78CFF4FF00061002035
:1042C00017F0F9FA5EE70000600A1000640A1000B7
:1042D000680A10006C0A1000700A1000740A1000BE
:1042E000839FF01D780A1000204810B5016820480F
:1042F0000268134692EA010F28D01E4A8C07126802
:1043000025D592F8E642E40702D043F002030360A9
:104310000B071FD592F8AC30DB0703D0036843F0DE
:10432000080303604B0619D592F82C3DDB0703D038
:10433000036843F040030360C90513D592F8961C47
:10434000490703D5016841F48071016010BD23F075
:104350000203DCE7036823F00803E2E7036823F0C5
:104360004003E8E7016821F48071EEE7880A100055
:1043700014051000500A10002DE9F0419748984E9E
:10438000984C0068316A012790F8312090F830503D
:1043900041B184F8302094485200206119F090FA1D
:1043A00084F83D70716A002909D08F4884F8315033
:1043B0002C306A00606119F083FA84F83C70BDE823
:1043C000F0812DE9F0418548854C0268854892F8D6
:1043D000311080F8301092F8305080F83150227B44
:1043E00080F8332004F13C0240F8242BA27B427277
:1043F000627B827694F83A30C37694F83B20027759
:10440000667DC674784E183E46612438012B00D173
:10441000114615FB01F10EB20025770080460FE032
:104420002A463146A06813F0D0FE0146D8F8002095
:1044300006FB05F002EB40003A4619F041FA6D1C0C
:10444000A07BA842ECDC98F837004546012807D14C
:10445000654895F830201838921CA16919F030FA97
:10446000624863490078097808434007A7D5207D52
:1044700095F8311010FB01F001B25B487C304A0026
:1044800068602169BDE8F04119F01ABA97E72DE993
:10449000F0415648564E0027046830680443012016
:1044A00017F07DFA44214F4819F0EDFAE00706D0E5
:1044B000FFF787FFE00601D5FFF75EFF01274D48B4
:1044C000464D0078800616D5E00614D5FFF754FF58
:1044D0002868494A444990F83130484814F0B4FEFD
:1044E00028684149464A90F830302C31454814F04C
:1044F000ABFE11F08AF94448214602683948C0E908
:10450000072433684362364B404E5C688462DC7B30
:1045100080F8354093F8383080F83630337880F8BA
:104520002C30002480F84140394C062B05D16378AB
:10453000052B02D1012380F84130CB0710D0C906EA
:104540000ED5296891F80032DB0702D042F0100244
:10455000C26191F8BA10C90702D042F02001C161CE
:10456000012017F037FA30786070002F0BD0052843
:1045700007D0062805D00121BDE8F041022017F040
:104580006EB90221F8E71AE7204810B5007808282C
:1045900023D0134890F83910006B00F05DFEFFF750
:1045A00076FF0E48006890F8AC00C10715D081076F
:1045B00013D50024400919F09FFB00B101241448D1
:1045C00001788C4209D004700CB1082100E0102160
:1045D000BDE81040032017F042B910BD500A10008A
:1045E000100E1000B4B9100030080120180510009A
:1045F0001C0510008C0A1000DC8F0120E40C012047
:1046000008900120100D0120140510000C05100069
:10461000E804100070B5114800214FF0010504783E
:104620000F4801600F49096891F87110C90600D55B
:10463000056000F0C1F8012000F037FD052C05D021
:10464000062C03D0084805700AF090FA00F057FFD6
:10465000BDE870400221012017F001B90C051000DF
:1046600010051000500A10000E05100010B50400CF
:1046700012D0FBF7BFFE8948016821430160FBF7B8
:10468000B7FE0121052013F01CF8BDE810404FF4DF
:104690008071002017F0E3B810BD01460020C90763
:1046A0000BD07F490320096891F80022D20703D17B
:1046B00091F8BA10C90700D00B20704710B5C00799
:1046C00017D07748006890F8C10C010601D4400665
:1046D0000FD5FBF78FFE7348016841F008010160B8
:1046E000FBF786FEBDE810404FF48001002017F074
:1046F000B6B810BD2DE9F0476B4C6C4FE088401CFC
:10470000E08038886A4DE0812888208238882988AE
:10471000DFF8A081DFF8A091684E4FF0000A8842D0
:104720002BD098F82C00012827D0D9F8000020B30E
:10473000A6F800A0E08A401CE082388860822888C1
:10474000A0825748B6F90010006890F8E20B884242
:1047500006DA6089401C608111F0F0FDA6F800A027
:10476000208B5749401C208340F28A2018F009FE14
:10477000608B401C6083BDE8F087A089401CA0814D
:104780003088401C308038882988884203D12988A5
:10479000E02013F027F998F82C00012803D100211C
:1047A000E12013F01FF9D9F800000028C5D100213D
:1047B000E22013F017F9C0E710B500F0A0FE0221C7
:1047C000012017F078F8012017F0E9F84421394862
:1047D00019F059F93749012081F82C0017F0FAF83F
:1047E0000121022017F03BF8BDE8104000F056BC54
:1047F0002DE9F0413348002601680A0603D521F06F
:104800008001012601602C4F0D46386890EA0504AE
:1048100029D065B170B104EA05000446FFF74EFFE8
:104820003146204600F02BF83D60BDE8F081FFF7EF
:10483000C3FFF9E700F063FE0221012017F03BF807
:1048400000F04AFB00F022FC2C402046FFF736FF28
:104850003146204600F013F800F009FC0221012047
:1048600016F0FDFFE0E7002DDFD11748007805289E
:1048700001D00628D9D13D60BDE8F0419CE710B5D4
:10488000012904D0FFF709FFBDE81040EEE60F480C
:104890000078012801D10E49087010BD600A10008F
:1048A000500A1000740A1000F8B91000A20A100093
:1048B000A40A1000B4B9100010051000AA0A1000D4
:1048C000AF620100840A10000C051000D80510002A
:1048D0009B0A1000FE4988717047FD488079704737
:1048E00070B5FC4C4FF00003226812F4707F3AD090
:1048F0000B60012101602068410604D5BDE87040CD
:10490000002010F001BBF44D010609D5012010F084
:10491000FBFA287800282BD1206820F0800016E0D0
:10492000C10509D5022010F0EFFA287802281FD21D
:10493000206820F480700AE0800519D5032010F06B
:10494000E3FA2878032813D2206820F4007040F09E
:1049500040002060002010F0D7FABDE87040002130
:10496000382012F069BA920602D50B60102101605E
:1049700070BD2DE9F047DFF864930026D44CD9F8D8
:104980000000B04690F84010C90765D0D44D297892
:10499000022910D005290BD0062909D090F84170C2
:1049A000012010F083FF01460020012906D010E00D
:1049B00090F84370F4E790F84270F1E72978052900
:1049C00007D0A17929B1E060C6490978012904D04E
:1049D00004E0E168491CE160F6E7E060E168B942A3
:1049E0003ADDD9F8001091F8402092070AD52A78CC
:1049F000022A07D1E279521CD2B2E271022A01D90D
:104A00000122E27191F8BD1AC9070ED02978022956
:104A100003D0042901D0052910D121796279491CDC
:104A2000B1FBF2F302FB131121712978022903D0A3
:104A3000042901D0052901D14FF00108E060287850
:104A400005280ED000F091FA054600F094FA0543CF
:104A500000F09FFA40EA050684F803803046BDE87E
:104A6000F0870126F8E72DE9F0470546002616F005
:104A7000CEFBFFF77EFF04469B480178A143C807A1
:104A800002D0E00600D44026DFF8508244B1D8F8C6
:104A9000000090F8F401000702D500F089FA0643FF
:104AA00044EA0600DFF82892C0074FF001071CD047
:104AB00000F08CFA28710146D8F8000090F8BD2A61
:104AC000D20705D099F803302B7499F804206A7442
:104AD00090F8CE20C2F34112022A06D390F8CF00FC
:104AE000000602D5042900D12F75700700D56F711B
:104AF000E00611D5EF71D8F8000090F8400080076B
:104B00000AD599F80700012802D0022802D003E054
:104B10002F7301E002202873700600D56F7273486E
:104B20000460734806609AE770B57248684D724C2D
:104B30000078022816D07148007898B9704800783B
:104B400001280FD06F4E307860B919F005F948B9D7
:104B5000A9782078814205D33178014302D06A4890
:104B6000007808B1002000E001202178A97070BD14
:104B700070B55A480025564C006890F8C4615D48ED
:104B80000078022801D165702570FFF7CDFF58B17C
:104B9000607858B92078401CC0B22070B04205D966
:104BA00025700120607001E065702570607870BD2F
:104BB0002DE9FC470446002001900090204616F0A5
:104BC00026FBFFF7D6FE019000F0CFF900990843CD
:104BD000009000F0D0F900990843009000F0D9F956
:104BE00000990843009000F0E3F900993B4E084318
:104BF00000903068DFF81491DFF814A190F8B30149
:104C0000DFF8CC8041064FF0010501D480061BD5AA
:104C1000FFF7AEFFC0B1316891F8B301800600D54F
:104C2000A574009820F01000009091F8CF1D49065F
:104C300005D499F8001011B99AF8001021B140F08C
:104C40001000009088F8085001A96846FFF748FE58
:104C5000DDE900070743F8071ED000F0B7F920711F
:104C60000146306890F8CE20C2F34112022A06D3E2
:104C700090F8CF20120602D5042900D1257501999C
:104C8000C90709D090F8BD0AC00705D098F80310ED
:104C9000217498F804006074780700D56571F806EF
:104CA00004D51C48E571007800B125730098C10651
:104CB00002D4A17C012900D1E571316891F8CF1DA2
:104CC00049062BD499F8001031BB9AF8001024E063
:104CD000EC0410008C0A100091091000500A10001A
:104CE0000C05100007051000100510001C05100031
:104CF000180510000D051000C60910003C05100035
:104D00003D0510002C0510009A0A10001A0A100028
:104D1000220A1000CC09100000E029B198F8081010
:104D200011B120F010000090AF4901980860AF4920
:104D300000980860BDE8FC8710B501463C22AC48ED
:104D400018F045FE0121BDE81040084616F087BD69
:104D50002DE9F04FA749A84887B04FF0000B81F824
:104D600008B0007802281BD0DFF890929E4FDFF841
:104D70007C8201254FF0070A052815D0062839D076
:104D8000082868464ED0FFF713FF9D489D490090C4
:104D9000684681F800B016F062FA07B0BDE8F08FFF
:104DA0006846FFF760FEF0E76846002616F02FFA27
:104DB0008DF81350FFF7DDFD040000D14026E00719
:104DC0000CD0D9F8000090F87100C00604D500F0AE
:104DD000FDF88DF8040001E08DF804A0E00601D58F
:104DE0008DF80750700601D58DF809503C60C8F861
:104DF0000060CAE76846002416F009FA8DF81350DF
:104E0000D9F80000012590F87100C00604D500F023
:104E1000DDF88DF8040001E08DF804A03C60C8F8CE
:104E20000050B2E7002416F0F2F901200D218DF8B0
:104E300004103C60C8F80000A7E7F8B572496F4E4F
:104E4000801E0A78316805281BD2DFE800F0031ABB
:104E50000609100091F8734014E091F8724011E0D7
:104E600012B191F8E80B05E091F874400AE02AB11C
:104E700091F8E90B00EB8000440003E091F87540E5
:104E800000E0012491F871000125000600D50A25F3
:104E9000002711F0E3FD00B101276946032016F059
:104EA00018FD009800B94FB13168142091F87110C5
:104EB000090600D5C820844200D20446AC4200D284
:104EC0002C462046F8BD10B500F019FB0221BDE8C4
:104ED0001040012016F0C3BC10B5464C0020E06025
:104EE00020714648006890F87501C0F30112C0F3C4
:104EF000810100F0030013F02AF9401C607110BD1D
:104F0000EAE738B5002016F04AFD3B4C3F492078CF
:104F100008703F48006810B100F010F901E000F09F
:104F2000D9F82078FFF789FF0446AFF2650100F059
:104F3000D9FA2046FFF70CFF01280ED101216B465C
:104F40000022084616F0D4FC0121084616F0B3FCF6
:104F50002748007830B111F07EFFBDE838400020CE
:104F600016F038BDFFF710FBF7E72A480078C007B6
:104F700000D00120704727480078C00707D01F489D
:104F8000006890F80002C00701D010207047002090
:104F9000704720480078C1071848006890F8BA00A8
:104FA00003D0C10701D01020704700F00100704706
:104FB00018480078C00707D01048006890F87401BE
:104FC000C00701D004207047002070470B49012022
:104FD000096891F8CE10090603D50F48407808B14A
:104FE00004207047032070471C05100018051000AE
:104FF000100E1000EC0410000C051000500A1000F8
:10500000E94C000007051000980A10000D0510007B
:105010008C0A100010051000900A1000734810B59B
:10502000006890F87100C00710D018F095FE0128B4
:1050300009D06F48017809B1407820B96D480178EE
:1050400029B1407818B16C490020486010BD01209A
:1050500010BD10B500F082F967490020674A48602A
:1050600002211170664908706649087010BD6249D6
:105070000020624A486004211170634A01211170C6
:10508000624A11705F49087000F068B95A490020FF
:1050900048607047584900204860704756490020D2
:1050A0004860564901200870704710B5044600F06A
:1050B00052F95149087000F051F905204F49012C6F
:1050C00004D00A78052A03D0062A00D1087010BD42
:1050D0000620FBE770B5494D474C287802281BD0C5
:1050E0000026042808D0052805D100F034F908B1BD
:1050F0002178F9B1207070BD00F03DF8012809D089
:105100006068401C606000F03FF80128F3D1BDE802
:1051100070409EE7666070BD00F02DF8012806D053
:105120006068401C6060FFF779FF0128F3D0BDE89C
:1051300070409CE720700620287070BD00F47871E4
:1051400051EAC0732D494FF0040201D00A70704734
:105150008307FBD4420701D5022002E0020702D5F3
:10516000052008707047C20601D50620F9E7000542
:10517000F8D50820F5E710B500F0EDF8044600205A
:1051800010F094FB204310BD2DE9F041174E204F45
:10519000194C30684FF0000590F87100800710D569
:1051A000FFF73CFF01281FD1306890F8791038785C
:1051B000401C11FB00F0616888420ED314E065606A
:1051C00012E0FFF72BFF01280ED138786168401CF0
:1051D00000EB8000B1EB400F06D918F0BDFD0128AF
:1051E000EDD00120BDE8F0810020FBE7500A10005F
:1051F0001A0A1000220A1000FC0410000C0510000E
:10520000F3041000EF041000960A1000970A100033
:105210009C0A100070B5874A00241668864AB6F8C2
:10522000F6511278052A01D1B6F8FA5100220FE0A2
:1052300030F91230002B00DA5B42AB4206DD96F803
:10524000F531641CA34201DC012070BD521CD2B2B6
:105250008A42EDDB002070BD2DE9F0478946010050
:1052600072D0DFF8D8A1744F00248AF80340387850
:105270000126A046022803D0032801D0052834D1F6
:105280000020B9F1000F00D00120BAF804205446E4
:10529000121A15B201EB40009AF80220294600F0DC
:1052A00074F8A07029466648FFF7B4FF04466548C5
:1052B0000078D0B16448654DDFF894913CB12E7010
:1052C00099F8001001290DD046701A2106E085F8E2
:1052D000008099F8001029B146701B2181705A484E
:1052E00012F0F5F9297889F800109AF8010055466E
:1052F00001280AD004B338785649022809D0032877
:1053000007D0CCB1052808D01DE085F80180012424
:10531000F1E72C708AF8036003E0287878B98AF8FE
:105320000040086800280FD100F0E9F8BDE8F04718
:105330000221012016F093BA3878052803D118F01D
:105340000BFD012802D02C70BDE8F0872E70EBE732
:105350003A4948707047394800787047374801210A
:1053600081703449096891F83110818032490A7896
:105370000021052A02D0062A00D00170314A127895
:10538000002A00D001707047E8E72DE9F0432B4E6A
:1053900081468BB0307814468846154650B9012CAA
:1053A00008D127480A467F2349465838009413F00D
:1053B00071FF00251F4F386890F8F401C00722D014
:1053C0004FF0FF301E4ACDE90800583A434649469F
:1053D00002F12C0013F038FF0020CDE906003968F7
:1053E000024608F0FF00B1F9EA11CDE903020123FA
:1053F00008A88DE80B0012499A1E13462C39104854
:1054000001F067F906E00E4A4346583A49460C480F
:1054100013F01AFF3078204307D109487F23424612
:1054200049465838009413F035FF0BB02846BDE8C4
:10543000F0830000500A10000C0510000405100055
:10544000440A0120980A1000402810005A0A10004F
:10545000590A10008C0A10002A4908B5002048603B
:10546000012288600A704A70274A107088702749A4
:105470000870FFF789FFFFF743FDFFF70BFE244C91
:10548000FAF7B8FF2088401C2080FAF7B1FF6B467E
:105490000022DE21012016F02BFA0098410703D5E7
:1054A000FFF7A6F9042119E0010703D5FEF71CFF59
:1054B000082113E0C10603D5FFF7ACF810210DE079
:1054C000810706D50221012016F0F5F9FFF719FD35
:1054D000D6E70006D4D5FBF7FAFB8021012016F0B1
:1054E000EAF9CDE70B49096891F87110090602D471
:1054F00000EB8000400080B2074917F0D7BF17F0DB
:10550000F8BF00000C051000990A10009B0A10005B
:10551000A40A1000500A1000774E000000F050BCA2
:1055200030B50023038001230AE000BF00EB4304F1
:1055300031F8135034F8024C2C4420F813405B1C13
:105540009342F3DB30BD2DE9F74F05468EB00020C6
:10555000CDE90C000446FE48002A04707DD00320EB
:1055600016F01DFAFB4EFC4A29463378FB4813F02F
:105570006BFE032016F02EFA3078F8494200F84806
:1055800018F09EF9DFF8DC93D9F8000090F8B2012A
:10559000C00609D53278F149F348FFF7C1FF3278E8
:1055A000F149F24812F0F2FEDFF8B8A3B146DAF89A
:1055B0000000B0F8CA1161F30F07B0F9CC1161F324
:1055C0001F478B46B0F8CE1161F30F08B0F9D01128
:1055D000059161F31F4890F8D21161F3070590F827
:1055E000DB1190F8DC0161F30F2560F3174530788B
:1055F000CDE9007801260295CDE90360B71E3B4650
:105600003A46DA490CA800F0FCFEDAF80000002562
:10561000DFF85C8390F8B2110DF1300AC1F300128B
:10562000C1F380131A4012EAD11F13D090F8D3119E
:1056300090F8D20199F80020CDE90301CDF800A03F
:10564000CDE901623B463A4698F80000002100F09F
:10565000DDFFC5B2C348006800E084E090F8B211F5
:1056600009061CD5C349B0F9D501497801B105989F
:10567000CDE9065499F80010CDE90106CDF800A057
:10568000CDE903163B463A46B449B74801F021F844
:1056900099F80000B4494200B04818F011F999F89F
:1056A0000020AE49B448FFF73BFFAE48006890F8D1
:1056B000B211490616D5AF49B0F9D701497801B101
:1056C0005846CDE9065499F80010CDF800A0CDE970
:1056D0000314CDE90106A1483B463A46A6497C3071
:1056E00000F0F7FF9F48006890F8B211C1F3001274
:1056F000C1F380131A4012EAD11F29D00F9A00215A
:10570000012A03D188F8004088F80240E5B190F8FA
:10571000D31190F8D421B0F9D90199F80030CDE92E
:1057200008020A91CDE90663CDE9045498F8020015
:10573000CDE9020489483B463A468C49CDF800A0A1
:105740007C3001F0DAF8C1B288F8005088F8021015
:105750000F9800908948814999F8002003687C31AE
:10576000874813F07DFD11B0BDE8F08F2DE9F74FAC
:1057700005468EB00020CDE90C00012A7ED1032021
:1057800016F00DF97F4C75487F4A237829462C384E
:1057900013F05AFD032016F01DF920786F494200DE
:1057A0002C397A4818F08CF86E4F386890F8B201AE
:1057B000C0060AD5694922782C397548FFF7B0FE32
:1057C00022787349734812F0E1FDDFF898910127C0
:1057D000D9F80000B0F8DF1161F30F05B0F9E1115D
:1057E00061F31F458B46B0F8E31161F30F06B0F982
:1057F000E511059161F31F4690F8E71161F3070881
:1058000090F8F01190F8F10161F30F2860F3174858
:1058100020788DE86001CDE90370BE1E3346324624
:105820005C490CA800F0EDFDD9F800000025DFF878
:10583000409190F8B2110DF1300AC1F30012C1F39A
:1058400040131A4012EAD11FA84612D090F8E8116E
:1058500090F8E7012278CDE90301CDF800A0CDE969
:1058600001723346324699F80100002100F0CEFE65
:10587000C5B23C48006890F8B21100E0A5E0090606
:105880001CD53C49B0F9EA01497801B10598CDE948
:1058900006582178CDE90107CDF800A0CDE903171E
:1058A0002E49334632462C39394800F012FF207811
:1058B0003749420029482C3818F002F82749227845
:1058C0002C393548FFF72CFE2648006890F8B211B5
:1058D000890615D52749B0F9EC01497801B1584638
:1058E000CDE906582278CDF800A0CDE90328CDE90E
:1058F00001071A48334632462749503000F0E9FE86
:105900001848016891F8B201C0F30012C0F34013C7
:105910001A4012EAD01F4FD00F9A0020012A03D15B
:1059200089F8018089F80380C5B391F8E80191F8FE
:10593000E921B1F9EE1123780697CDE90920CDE9E7
:105940000731CDE9045899F803103346324626E072
:105950002B051000B9091000089001209C0A0120B5
:10596000180C0120500A1000980B0120600D012036
:1059700020051000900A1000940C012070091000FE
:10598000100D0120B8091000DC8F0120EC0B012064
:10599000680B0120B00D0120680C012008E0CDE962
:1059A0000218CDF800A00B490B4800F0A6FFC0B2CA
:1059B00089F8015089F803000F9800900748227871
:1059C00005490368064813F04BFCCCE60549002066
:1059D00008707047B00D0120EC0A0120700910001A
:1059E000E40C0120BF09100086480021C0E9001125
:1059F000C0E902111030C0E90011C0E902110846E7
:105A00008149087070472DE9F047DFF8FC917F4D20
:105A1000002189F8001028687D4EDFF8F88190F8A1
:105A2000B2017D4F7D4C80070ED508F0EAFFB8B17A
:105A30000FF09EFF296891F8C311884210DDF878B5
:105A400010B17748007858B1286890F8B301000782
:105A500029D53078012803D098F80000012822D1F8
:105A6000387808B97878F0B1286898F80010B0F85C
:105A7000BB51012902D03178012901D1B0F8C151BF
:105A8000A17B012341F08001A173B0F9BF215D48E2
:105A90001146103000F0D0F82AB2012311465948BF
:105AA00000F0CAF80BE057484FF0FF31C0E9001191
:105AB000C0E902111030C0E90011C0E9021199F8E3
:105AC0000010A07B61F38610A073BDE8F0872DE97C
:105AD000FF4F83B01546069991F84010012903D075
:105AE0000699898C890504D5DFF8188108F110081A
:105AF0003EE04749DFF80C810B78012B13D149496F
:105B0000097881B14849097801290CD147490978B8
:105B1000012908D1464CD4E90016C8E90016D4E999
:105B20000214C8E902143949096891F8B21111F058
:105B30000C0F1DD0E3B9374A1278CAB9364AD27869
:105B4000B2B93C4A12789AB9C1F38101012902D055
:105B5000022907D00CE04FF0FF33C8F80830C8F82E
:105B60000C3005E04FF0FF31C8F80010C8F8041001
:105B70004FF0000BA97818F05BF98246A8782DE069
:105B80000A462C780120002117F050FECDE90001D3
:105B90001DE000BF1AF804100498814216D1DDE917
:105BA0000012D8E9000308401340184325D0D8E973
:105BB000026722460120002117F038FE06400F4000
:105BC0003E431AD00BF101001FFA80FB641C687879
:105BD000A042DFDA0AF12A0A09F101008146E878D9
:105BE00049464845CCDA06995FEA0B00A1F826B091
:105BF00000D0012007B0BDE8F08F00210AF80410A2
:105C0000E4E70000F022100024051000500A100004
:105C10003D0510002C051000E48C1000D46C012010
:105C2000C7091000C6091000B7091000B609100016
:105C3000102310004709100070B50446FE480D46B9
:105C4000007801280CD04FF0FF30C4E90000FB4879
:105C5000007801280ED04FF0FF30C4E9020070BD7B
:105C6000F74823460178F74800F0B6FA204618F0C6
:105C700091F8ECE7F44804F108031C460178F14878
:105C80002A462C3000F0A8FA2046BDE8704018F0F3
:105C900081B870B51C4605460123049EFFF7CCFF72
:105CA000002020703070E448E44902780120012A85
:105CB00001D01AB105E00A7872B102E00978012931
:105CC00012D0D5E90012114319D0D5E902121143BF
:105CD00015D02070307014E0D5E900231A4308D0A5
:105CE00020700978012904D1D5E90212114300D0AE
:105CF00030702078012804D03078012801D00020AD
:105D000070BD012070BD10B504460020024605E0BC
:105D100034F91230834200DD1846521C8A42F7DB08
:105D200010BD10B50C461146FFF7EDFF10FB04F057
:105D3000642190FBF1F000B210BD70B5C34EC44CAD
:105D400030792168012805D0C2484078A0B3B1F964
:105D5000B60170BD91F8010240062ED5B648B1F9E2
:105D6000B4510078012810D1B54891F82712007875
:105D700042B2B448FFF7D5FF30812168B1F8B421B1
:105D8000824202DBB1F8B4013081AC4800780128CE
:105D900010D1AD4891F82712007842B2A9482C30B2
:105DA000FFF7BFFF21680546B1F8B421AA4201DB25
:105DB000B1F9B451284670BDFFE7B1F9B401FAE773
:105DC00070B5A24CA44900252571012008702570EA
:105DD00065709F48A570E5700068B0F8B401E08078
:105DE00000F01CFAFFF7F2FDE5602561E3E72DE91D
:105DF000F843814690488846974906788F48934CE7
:105E00000F78057800200870E07000F007FA9348DA
:105E1000007848B12A4639464046FFF794FB32469F
:105E200039464846FFF7A2FCFFF787FFE0800146AE
:105E300086482279801C012AA0F10103009006D037
:105E40000A468748FFF725FF2070BDE8F883B4F9BC
:105E50000820F6E72DE9F04F9146DDE909BA002563
:105E60009E462C467A4A26E093F83060664300232B
:105E70001AE0F71830F917C0DC4504DDB1F80080EE
:105E8000C444A1F800C030F91770CAF1000C67458E
:105E900009DA6D1CB9F800C0ADB2002F00DA7F42FC
:105EA0006744A9F800705B1C176897F830707F1E74
:105EB0009F42DEDC641C136893F83160A642D3DC99
:105EC000AEF80050BDE8F08F2DE9FF4F87B00026F7
:105ED0006448149DADF80C60ADF81060ADF8146026
:105EE0004078DFF8689193463446B246012876D070
:105EF00057495D4F00220968B7F900701046B1F8A4
:105F00001E32FB4200D50122584B1F78584B1B789C
:105F100007B923B1DFF85CC100228CF8004055B10D
:105F2000DFF850C19CF800C0BCF1000F08D0BCF1F4
:105F3000010F55D0B5E0DFF83CC100228CF80040DD
:105F40000FB1002B4AD1002D48D0002A46D03B4F3C
:105F5000B1F810823E4D3978012905D13A480178CF
:105F600038482C3013F0FFF92A6899F80430B2F958
:105F70000E12012B03D1B2F82232194409B23E4B62
:105F8000B3F900308B4229DA404502DA387801282B
:105F900004D03A493878097808431FD1B2F814027E
:105FA000B2F81212364A09B200B2B2F900208DE8F6
:105FB000070005AB04AA03A95846FFF74BFFBDF83D
:105FC0001000BDF80C1088426BD92868BDF8141079
:105FD0004FF0010AB0F8160288425ED961E0B4E0E1
:105FE00047F6FF7791F83100FD430122A0F1010B44
:105FF0001DE000BF234891F8303030F9120003FB58
:1060000002FEA3EB000C0223ACF1010C0CE000BF7C
:106010001D480EEB030830F91800854200DA0546EA
:10602000874200DD07465B1C6345F1DB521C93454C
:10603000E0DCB1F8180229E0B7091000B609100039
:10604000B8091000E40C0120B9091000280510005F
:10605000500A1000900A1000970A1000BF091000A3
:1060600010231000DE0510009E0510001A0A100013
:10607000220A10003D0510009C0510003C05100090
:10608000CE09100088290120DC0D0120A84204DB84
:10609000B1F81A024042B84203DD012600F0DAF8F6
:1060A00001E000F0EDF8614F614DDFF8888138784C
:1060B000012804D198F8000090B1012817D02C7065
:1060C000397898F800004546814202D0062011F048
:1060D000F8FA38782870AEB3012189F8041034E05A
:1060E0002C70DDE90701012200F0F0F8E8E708F084
:1060F00082FC514995F800C0504B096891F81C2268
:1061000002F00F02624504DA00F58050D0F8C809A9
:1061100028B1B1F81802B3F9002090420EDD2C70BE
:10612000B1F81802B3F90010884202DC99F80000B7
:1061300020B9DDE90701002200F0C8F82878401CEA
:106140002870BDE7FFE789F804403D4820F85EAFBE
:10615000BDF81410418099F8041001710BB0B1E63C
:1061600070B5384A0024234612782146521E52B296
:10617000354D0DE035F91260864202DD491CC9B289
:1061800004E08C4200D921460C460021521E52B236
:10619000002AEFDA8C4200D921462C4C00222478C8
:1061A000641E65B2284C2C340EE000BF34F9156033
:1061B000864202DD521CD2B204E0934200D91A4654
:1061C000134600226D1E6DB2002DEFDA934200D906
:1061D0001A468818C0B2EEE52DE9F0471D464FF08B
:1061E0000008C5E90088914682460C4611E000BFD0
:1061F0003AF9141049450CDDD5E900674FF0010864
:1062000022464046002117F011FB06430F43C5E923
:106210000067641EECD24046BDE8F0870C480021C0
:10622000C0E90011C0E90211704700003D051000EF
:10623000400510003E051000500A100042051000F5
:10624000D46C0120B8091000E40C0120B909100039
:106250001023100041480021C1704278002A0ED15D
:1062600002783F4B521CD2B202701B6893F8023284
:1062700003F00F03934202D2012242700170704773
:106280003648002101704278002A0CD0C278344B85
:10629000521CD2B2C2701B6893F80232B2EB131FC9
:1062A00001D94170C17070472C4810B58178417098
:1062B00000210170C170FFF783FDBDE81040FFF7BA
:1062C00093BB264800214170817070472DE9F04151
:1062D000244B254D224CB3F90030012A05D0226809
:1062E00092F81D22C2F1100612E002461E4812F07A
:1062F000ABFF0FE030F9137031F913C0A7EB0C07B7
:1063000035F813C077431CFB02773F1125F8137053
:106310005B1EEFD200210A4619E0144B13F811302E
:1063200013F0FF0690F83030A3EB060003FB01F3F7
:1063300005EB4303C0B21A8003D107E023F8102015
:10634000401C266896F830608642F7DC491C2068BD
:1063500090F831308B42E0DCBDE8F0813C05100064
:10636000500A1000CE091000DC0D01208829012000
:106370002DE9F05F4FF00008994692460E4604461C
:106380004546DDF828B037E02A460120002117F005
:106390004DFA0B9B00EA0B001940084322D0F74846
:1063A000F74910F81500097840B2091A4FB24100B8
:1063B00004EB470017F045FB0020208001200EE091
:1063C00004EB400136F8102031F8021C114424F887
:1063D000101036F91010414500DD8846401CB842C7
:1063E000EEDB04E04FEA4901204617F02AFB06EBFA
:1063F000490604EB49046D1C5545C5DB4046BDE824
:10640000F09F2DE9FF5F86B0DDE914AB0FFA8AF04B
:106410000590DDF860900FFA8BF00490D948407831
:1064200028B14FEA2A4005904FEA2B4004902C21D6
:10643000D54817F006FB002549E000BF079909FB86
:1064400005F001EB4004DDE908012A4617F001FAE6
:10645000C00733D0E8B20390169ACDF800A0CDE97A
:1064600001B2DDE904124B46204600F068FD064605
:1064700017980C46012813D0B9F1010F10D0BF486E
:10648000012730F9158009E0A9EB0702012000215E
:1064900017F0CCF986438C437F1CFFB2B845F3DA82
:1064A000B74826F00306002102780120521E17F09B
:1064B000BDF926EA000024EA010102E04FF0FF30B6
:1064C0000146069A02EBC5026D1CC2E9000117984D
:1064D0008542B3DB0AB092E72DE9F05F1F46904694
:1064E0000E4605460024DFF894A2DDF828B01FE030
:1064F0001AF814002246381A00F0FF090120002182
:1065000017F094F90B9A00EA0B001140084305D0EC
:106510004A463146284611F039FF04E04FEA490166
:10652000284617F08EFA06EB470605EB4705641C74
:106530004445DDDB63E72DE9FF5F4FF00008DDE94F
:106540000E06DDE910498A4643464546C44647469D
:106550001FFA82FB414610E0C20709D03AF9112028
:1065600001FB015501FB02770B44944408F101083B
:1065700076084FEA300001F10101A142ECDB05FB96
:1065800008F003FB1306FEB107FB08F005FB0CF552
:1065900007FB135703FB1C08002511E008FB0570DF
:1065A00090FBF6F1A1EB0900594601F059FC3AF8CD
:1065B0001520A2EB0901081A009921F815006D1C9D
:1065C000A542EBDBBDE8FF9F009804B06200514696
:1065D000BDE8F05F17F074B9F0B50026344609B194
:1065E00000250DE00020F0BDD70704D030F915706C
:1065F000641C3E44E4B25B084FEA320205F1010537
:106600008D42F1DB96FBF4F000B2F0BD2DE9FF5FA7
:1066100088B00025DDE918194FEA5900A846DDF8D1
:106620005CB04FEA510A2C46CDF8009002904AE047
:10663000DDE90A01224617F00CF9C00742D016988E
:10664000524600EBC4010191D1E90067012000210D
:1066500017F0ECF8401E41F1FF310F400199064060
:10666000CDE90467D1E90001524617F0F2F8CDE90F
:106670000601082104A815F001FFC6B2082106A8EA
:1066800015F0FCFEC7B2F019C0B20190DDE90801B7
:10669000224617F0DEF8C00703D01A984844C0B26B
:1066A0000090DDE90001814204D30298864201D3C3
:1066B000874207D222460120002117F0B7F8054390
:1066C00041EA0808641C5C45B2DB284641460CB030
:1066D00095E62DE9FF5F86B00746DDE916A60024A2
:1066E000700093460D46049037E0149800EBC40008
:1066F000D0E9008081461898012801D128F00108CE
:1067000058462246099917F0A4F8C0071CD0DDE9C5
:106710001A01224617F09DF8C00705D029463846D1
:10672000049A17F0CDF813E042464B46314628460E
:10673000FFF752FFCDE90260CDE9008929463846CE
:10674000159AFFF7F8FE03E03846049917F079F937
:1067500005EB460507EB4607641C5445C5DBB9E667
:106760002DE9F04F87B08046DDE9129500246800DE
:1067700092469B460E46054F06904EE08829012022
:10678000B9091000900A10009C1B01204C23100036
:10679000109800EBC400D0E90010CDE90410149A61
:1067A000012A02D121F001010491504659462246A6
:1067B00017F04FF8C00735D0DDE91601224617F073
:1067C00048F8C00709D031464046069A17F078F8D5
:1067D0002946384617F035F919E0DDE90423294642
:1067E0003046FFF7F9FECDE9007003462A4604A9BA
:1067F000304600F0E5FB0198CDE90250DDE90401E7
:10680000CDE9000131464046119AFFF794FE06EBB0
:10681000450608EB45082F44641C4C45B8DB07B01F
:10682000BDE8F08F4046069917F00BF9D0E7F0B5B8
:106830000026FE4FB44616E001240DE031F9145055
:10684000002D00DA6D42D7F800E09EF8D9ED7545CD
:1068500001DA20F814C0641C9C42EFDB01EB430119
:1068600000EB4300761C9642E6DBF0BD2DE9F047D5
:1068700091460022DFF8B8A33BE000273D46012601
:1068800022E000BF03FB026424B231F91440002C63
:1068900001DBA44601E0C4F1000CDFF89083D8F8D6
:1068A000008098F8D98DC44503DA3C446D1C27B2AA
:1068B0002DB225B197FBF5F42AF8124003E04FF012
:1068C000000C2AF812C0761C9E42DBDB01245646DF
:1068D0000CE000BF03FB02452DB236F812C031F8C0
:1068E0001570641CA7EB0C0720F815709C42F1DBB7
:1068F000521C4A45C1DBBDE8F0872DE9FF5F86B039
:1069000007461D9804900020DDE91AA580468146BF
:10691000044668000E46059051E01498224600EBAC
:10692000C400D0E900B00190DDE9080116F091FF44
:10693000C0073BD0DDE91801224616F08AFFC007E8
:1069400038D02A465846019911F053FD0090DDE9F0
:106950001601224616F07DFFC00704D0DDE91D01B7
:106960000844C0B204900499009888420FD95A464E
:1069700029463046019BFFF72FFECDE90250CDF8A6
:1069800000B0314638461C9AFFF7D5FD12E031467B
:106990003846059A16F094FF22460120002116F091
:1069A00045FF40EA080841EA090903E03046059935
:1069B00017F047F806EB450607EB4507641C5445FE
:1069C000ABDB4046494685E52DE9FF5F1F460024C5
:1069D00039E000BF17FB04F00199002501EB400AE4
:1069E0000099A84601EB400922460120294616F0ED
:1069F0001DFFDDE910231040194008431CD00E98FC
:106A0000002600EBC40B15E08A48825D3AF81210AC
:106A100029F81610DBE9000116F01BFFC00707D0AC
:106A200032460120002116F001FF054341EA080823
:106A3000761CF6B2BE42E7D30E9901EBC401641C8A
:106A4000C1E90058E4B202988442C3D3BAE52DE903
:106A5000FF4F81B01E4600243EE000BF16FB04F04D
:106A60000299224601EB400B019901EB400A0020FC
:106A7000804681460120002116F0D8FEDDE9102372
:106A800010401940084320D00E98002500EBC400A8
:106A9000009018E067483BF815102A46475D2AF831
:106AA00017100099D1E9000116F0D3FEC00708D0F5
:106AB0003A460120002116F0B9FE40EA080841EAF2
:106AC00009096D1CEDB2B542E4D30E9A02EBC40283
:106AD000641CC2E90089E4B203988442BED305B0C5
:106AE0009EE62DE9F74FDFF844B10F468CB0DBF896
:106AF00000005E46002190F83120012016F096FE3D
:106B0000441EDFF830910020A9F1180941F1FF354A
:106B100089F80000C021484816F0B5FF032014F0A2
:106B20003EFF4648DFF81C813946B0F90030444842
:106B30000268D8F8000012F087FB306890F8010274
:106B4000000645D540480078012841D10020DFF8F3
:106B5000FCE037E092F830103D4A01FB00FA32F9D0
:106B600010208B1A01212AE0D8F800700AEB0106E8
:106B700037F916200092002A00DA5242BEF900C00E
:106B8000624512DD88B1DBF8002092F83120521EF8
:106B900082420AD0012908D05A1E914205D0009A9B
:106BA000002A00DA5242AEF80020DFF8A8C037F819
:106BB0001620491C3CF816C0624427F8162099425A
:106BC000D2DB401CDBF8002092F831308342C1DC7C
:106BD000032014F0FFFEDBF800001F4E1F4F90F85B
:106BE0001D01DA46C00712D01D48817A79B9C17AF1
:106BF00069B9C07858B91B480078012807D03278A5
:106C00003978D8F8000001F02AFE04460D46DAF87B
:106C1000000090F83502C00606D5D8F80010337889
:106C20003A780846FFF703FE1EE00000500A100005
:106C3000202310006005100080271000CE091000EE
:106C4000F0091000EC0910003D051000420510008D
:106C500088290120DC0D0120B9091000B8091000B5
:106C6000E48C10002C051000DAF8000090F83502D2
:106C7000000706D5D8F8001033783A780846FFF7B1
:106C8000F5FDDAF8000090F83402400712D5CDE99E
:106C9000004533783A78D8F800100C98FFF768FB75
:106CA000A9F80200CDE9004533783A78F3480C9909
:106CB000FFF712FCF248049B039902680DF1080EDD
:106CC000B346B2F85102BA4660F30F03B2F9530269
:106CD000059060F31F43B2F855029C4660F30F0124
:106CE000B2F95702069060F31F4192F859320298A8
:106CF00063F3070092F85C3292F85D2263F30F2091
:106D0000079262F3174033783A788EE80D00CDE9A8
:106D100000C122462B46D949DA48FFF772FBD94811
:106D2000079911F083FBD64800263746006890F893
:106D30003412C1F38002C1F3C0031A40C1F3400111
:106D40000A421FD090F85A1290F859029BF800306E
:106D50009AF80020CDE90301CA488DE80D00D9E971
:106D6000020122462B46FFF751FC06460F46084318
:106D700008D0C348006890F85E22304611F0CFFA80
:106D800006460F46BE48016891F8340282074ED588
:106D9000B1F94B120191BC49497809B106990191A9
:106DA00080060ED5B7480090CDE902459BF800302B
:106DB0009AF80020B548D8F80010FFF705FEB3494F
:106DC00001E0D8F80010CDE906679BF800309AF88A
:106DD00000C0AC480122CDF808C00090CDE90332D4
:106DE00022462B460C98FFF774FCA548006890F8E3
:106DF000340280060FD5A348CDE9024500909BF8E8
:106E000000309AF800200C99D8F80000FFF71FFE18
:106E1000D8F8001000E00C999AF8000042009BF8A6
:106E2000000012FB00F2D8F8000016F049FDCDE991
:106E300000459BF800309AF800209448D8F80010DC
:106E4000FFF796FADFF83882D8F8000090F834128D
:106E5000090719D58C49B0F94D02497801B1059857
:106E6000CDE9066700229BF800309AF800100DF17A
:106E70000408049288E80B008248009022462B46C2
:106E800082490C98FFF76CFC7D48026892F8340246
:106E9000C0F38001C0F3C0031940C0F340000142B9
:106EA00032D000200E9B0146012B07D14B46804675
:106EB000C3E90288C9F81080C9F8148056EA0703AC
:106EC0001CD092F85A0292F85B12B2F94F229BF84A
:106ED0000030CDE90910CDE907329AF80000049698
:106EE000CDE90570D9E90401CDE9020165480090BA
:106EF00022462B4661490C98FFF7FFFCC9F8086051
:106F0000C9E90401C9F80C705D48006890F83402C2
:106F1000C00608D5CDE900459BF800209AF800107E
:106F20000C9812F02DFA204629460FB078E4584903
:106F3000002008704FF45C71564816F082BD2DE9B0
:106F4000F84F17460446DDE90C980A004FF00000A0
:106F50009A46014632D06FF00041204611F0AEF95A
:106F600005460E465346012211F05CF902464A4896
:106F70000B460178204600F07AFF48493A465346CE
:106F800021F8180000901146204611F073F90746C9
:106F90000C4601222846314611F0EBF907F00103B7
:106FA00003432140C9F3072207EA0300002A05D062
:106FB00001B05346BDE8F04F11F034B9BDE8F88F89
:106FC0002DE9FF5FD1E9005892468B46DDF83890F5
:106FD00000244FE0E80719F9040022D000281EDA47
:106FE000009931F914200399521A2549096891F83A
:106FF000001E8A4213DA401C09F80400DBE900672E
:1070000022460120002116F011FCC24324481640FC
:107010008F43CBE900678188491C818024E00521EA
:1070200020E000281DDD009931F914200399521A3F
:107030001349096891F8001E8A4212DA401E09F8C5
:107040000400DBE9006722460120002116F0EEFB78
:107050000F4313490643CBE900678888401C8880AA
:1070600002E0FB2109F804105FEA58084FEA3505F1
:1070700004F101045445ADDBE8E40000D4640120D0
:10708000500A1000C0261000900A1000BC14012005
:10709000BE0910004C231000B90910009C1B0120F0
:1070A0004805100070B50D46C64901EB8504A1786E
:1070B00016F0BEFEA17800230BE0227804E0865C87
:1070C000AE4200D18354521C66789642F7DA2A30D9
:1070D000491CE2788A42F0DA70BD2DE9F84F1E466D
:1070E00015468846834600244FF0AA090A9F4FE0C0
:1070F000305D08B9285DE0B306F8049038F9140053
:1071000000F04FF928F81400285D90B305EB040A4D
:107110001AF8011C81421CD0AA281AD00AF8019C36
:107120000BEB4401009131F9020C00F03AF900999F
:1071300021F8020C311901F8019C08EB440100917F
:1071400031F9020C00F02DF9009921F8020C285DAC
:1071500078B19AF80110285D814218D0AA2816D07B
:107160008AF801900BEB440ABAF9020000F019F911
:1071700000E00CE0AAF80200311908EB440A81F89B
:107180000190BAF9020000F00CF9AAF80200641CA0
:10719000BC42ADD3BDE8F88F2DE9FF5F01249B46CB
:1071A00091460E46884F2546DFF820A2DDF83C8048
:1071B0002FE000BF05FA04F010EA090F06D110EA2B
:1071C0000B0F03D1B8F1000F1ED021E07D49B8F1BB
:1071D000000F01EB840108D089780E98B1EB500FB5
:1071E00001D83D7014E07D7012E010EA0B0F0FD053
:1071F000DAF800000A7890F8AA3C9A4204D249785A
:1072000090F8AB0C814203D321460098FFF74AFF68
:10721000641CB442CED9BDE8FF9F6B480021C16019
:10722000016170476849C8607047674908617047E5
:107230002DE9F74FDFF89891DFF898A10D4699F8FE
:1072400000009AF80010604C84B0904608434FF05C
:10725000000705D05D4E306890F8700C800704D4AC
:107260006760A76007B0BDE8F08F277067700120E6
:10727000CDE90050DFF860B158489BF80010D4E920
:107280000323FFF789FF5648A18820F89A1F218918
:107290004180207800B96760617801B9A76099F8EA
:1072A00000209AF800301A4314D038B13368B3F88C
:1072B000A8CC63689C4501D35B1C636051B1336803
:1072C000D4F808C0B3F8A83C634503D30CF1010C13
:1072D000C4F808C00123002AC4D030B13068626805
:1072E000B0F8A80C904200D2002329B13068A16800
:1072F000B0F8A80C884201D3002BB3D1CDE90057D8
:107300009BF80010D4E903233448FFF745FF002120
:10731000049816F095FD03900121049816F090FD55
:10732000029000212D4816F083FD019001212B4889
:1073300016F07EFD82466F1EF9B2049816F080FDAD
:107340008346AD1EE9B2049816F07AFD8146F9B283
:10735000224816F06DFD0746E9B2204816F068FD98
:10736000054630686168B0F8A80C884207D2DDE9AC
:1073700002105346CDF80080019AFFF7AEFE306848
:10738000A168B0F8A80C884207D22B463A46494675
:107390005846CDF80080FFF7A0FE07B0BDE8F04FDB
:1073A0003BE70A49096891F8782C12FB00F0642247
:1073B00090FBF2F0B1F8762C00B2824201DAB1F91A
:1073C000760C7047243E012084051000500A1000FE
:1073D00078091000B608100002091000343A0120A4
:1073E000D46C01202DE9F041FB4D2C21FB482C6889
:1073F000274604F28266F41C16F023FBF74897F840
:10740000312097F830102C3016F013FB0022114673
:10741000F24F2B681FE0A05C884203DA022A01D2F7
:10742000521CD2B2B05C27F8110090B193F83050E2
:10743000281AEA4DC0B22C3507E000BF15F800C08D
:10744000ACF1010C05F800C0401C93F830C0844535
:10745000F4DC491C49B293F831008842DBDCBDE81A
:10746000F0812DE9FF4F00210D9E8646DFF86893DD
:10747000A3F1010AA6F1010B642559E001EB81009B
:107480000EEBC007002050E0D9F80020802492F8CD
:107490002DCB5FEA4C781FD592F8158C884503D127
:1074A00092F8168C80451CD092F8178C884503D131
:1074B00092F8188C804514D092F8198C884503D125
:1074C00092F81A8C80450CD092F81B8C884503D119
:1074D00092F81C2C824204D0019A125CD201B2FBB9
:1074E000F5F45FEA8C7218D551EA000201D019B1A7
:1074F00007E0029A12780DE0584502D1029A5278BC
:1075000008E0514500D1B8B1514506D1584504D1E4
:10751000029AD278D201B2FBF5F43A5C6243D417F6
:1075200002EB5462D2093A54401CB042ACD3491C1D
:107530009942A3D3BDE8FF8F029A9278EAE72DE93A
:10754000F05F07460C9B0E4603EBC300C0EB8310B5
:1075500002EB0019A24800240378A2480179C278FE
:107560009D48006863B102B939B190F8131C90F8D6
:10757000144CA14208D20C4606E090F8134C03E0EC
:1075800002B909B190F8144C0025DFF85CB2DFF8BD
:107590005CA21FE0DDE90A012A4616F05AF9C0078D
:1075A00017D0002005EB85020FE000BF05FB0101AD
:1075B00000EBC20836F8113019F808C0A44413FBD8
:1075C0000CF3DB1127F81130401C9BF800108842A7
:1075D000ECDB6D1C9AF800008542DBDBBDE8F09F18
:1075E00008B500931346824AB2F9002011F038FE24
:1075F00008BD2DE9F05F7B4C2046E178007901B9A8
:1076000008B1012100E000218A467A494F78002123
:10761000022F01D3A17000E000B1E170DFF8B8E102
:10762000754DDEF800102E78B1F9B902B1F9D42207
:10763000B1F9E832052E01D0062E01D1B1F9B6021A
:10764000022F05D3B1F8BD5215B1B1F9BD020CE05E
:107650005FB191F8BC52284491F8D75200B22A4445
:1076600091F8EB5212B22B441BB2DFF878C1E579E6
:10767000A3469CF808C0B5F100094FF0640402D09D
:1076800091F8B45004E0BCF1000F11D091F8325DD4
:1076900015FB00F898FBF4F8404400B215FB02F229
:1076A00092FBF4F215FB03F292FBF4F21A4413B2CC
:1076B000524D534A052E28801380524A2DD0062E53
:1076C0002BD091F8BB42041B148091F8EA827446D7
:1076D000A3EB08084C4BDFF834E1A3F800809EF8D8
:1076E0000080B8F1000F05D09EF80280A0EB0808DA
:1076F000A2F80080DFF818E19EF80080B8F1000FD2
:1077000005D09EF80280A0EB0808A2F80080B9F12D
:10771000000F05D091F8B7C007E091F8B842D2E762
:10772000BCF1000F04D091F835CDA0EB0C00108017
:107730009BF80000DFF8A880A8B198F8000090B18D
:10774000B1F805022880B1F807C2052EA0EB0C00A5
:10775000108001D0062E06D1B1F80A022880B1F8B7
:107760000C62801B1080BAF1000F04D124482E88CF
:107770000680108818802888264D274E2880B2F968
:107780000000264A3080127862B117B191F8752C4A
:1077900000E00022B1F8727C3A442A8091F8741C0F
:1077A000511A3180B3F9001010F0D8FC1C49088040
:1077B00098F800101B4819B12168B1F8451208E08B
:1077C00019494978012931D003292FD02168B1F80E
:1077D0004312018002E70000500A100088290120AE
:1077E0003D051000E48C1000B9091000B809100024
:1077F000CE091000900A1000B509100064091000AD
:1078000066091000680910006A0910001A0A1000C1
:10781000220A10007409100076091000CD0910002A
:107820006C0910006E091000180A10002168B1F8E8
:107830003212CEE72DE9FC4F8146DDE90BC4F84D4D
:1078400016460AE0184606E006FB030731F91770F2
:10785000AF4200DD3D46401EF6D2761EF2D2DFF882
:10786000C4E3DEF80060B6F8CC03A84201DD0024D2
:107870000DE0B6F8CE63AE4209DB2F1AA4EB0C0480
:107880006743301A97FBF0F00CFA80F004B2002046
:10789000B8E000BF00FB03F64FF0000B31F91670A3
:1078A000DA46A7427BDC01EB4608B8F90260009695
:1078B000A64274DCF61B00D57642DEF80070B7F8FD
:1078C00010CE66456BDCB8F90480009EB8EB060666
:1078D00000D57642664562DC012824DB461E5E4305
:1078E00001EB4606B6F902C0461C5E4301EB4606B4
:1078F000CDF804C0B6F90260B7F8128EB4440CFBA0
:1079000008FC4FF064089CFBF8F8DDF800C0E04587
:1079100009DDDDF804C0BCEB060600D57642B7F8F9
:1079200014CE66456DDB012817DB461E5E4301EB76
:107930004606B6F90260002E00DA7642B7F816CE97
:1079400066450ADD461C5E4301EB4606B6F9026059
:10795000002E00DA7642664553DCC4F1000CCDF807
:1079600000C0002697F8C7C312E000BF00FB036702
:1079700031F91770A7420ADADDF80080474506DDC5
:107980005F440FFA87FB0AF101070FFA87FA761CAA
:10799000B445EBDCBAF1030F02DA002603E030E075
:1079A0009BFBFAF636B2B3460026F24623E000BF50
:1079B00000FB036CB7F8CC830FFA8CFC3EB3A845F0
:1079C00018DA39F91C80CDF80480CDF800805FEA20
:1079D0000B0801D5CBF10008B7F8D073B844009F6D
:1079E000002F00DA7F42B84504DD019FA7EB0B08AA
:1079F00029F81C80761CDAF8007097F8C7C3B445E4
:107A0000D6DC401C9042FFF645AF0020D3E0A845ED
:107A1000F0DA39F91C80CDF80480CDF800805FEAF7
:107A20000B0801D5CBF10008B7F8D273B844009F1A
:107A3000002F00DA7F42B845DCDD019FA7EB0B0782
:107A400029F81C70D6E700BF461C5E4301EB4608D0
:107A50004FF0000B38F9027CDA46A7427EDC38F999
:107A6000046CA6427ADCF71B00D57F42DEF800C02A
:107A7000CDF800C0BCF810CE67456FDC38F9067C45
:107A8000BF1B00D57F42674568DC012825DB00FB72
:107A900003F701EB470737F904CC871C5F4301EB81
:107AA0004707CDF804C037F9048C0CEB0807DDF864
:107AB00000C0BCF812CE07FB0CF74FF0640C97FB2C
:107AC000FCF7B74209DD019EB6EB080600D5764209
:107AD000009FB7F8147EBE426CDB012818DB00FB68
:107AE00003F601EB460636F9046C002E00DA764206
:107AF000009FB7F8167EBE420ADD861C5E4301EB8E
:107B0000460636F9046C002E00DA7642BE4251DC9D
:107B10005E1E67420197009F97F8C773A3EB070C9F
:107B2000CDF800C0ACF1010C12E000BF00FB036710
:107B300031F91770A7420ADADDF80480474506DDFF
:107B40005F440FFA87FB0AF101070FFA87FA761EE6
:107B5000B445EBDBBAF1030F03DA00E02AE00026BC
:107B600002E09BFBFAF636B2B346009E20E000BF6F
:107B700000FB0367DEF800800FFA87FCB8F8CC73CF
:107B8000AF4214DA39F91CA05FEA0B0701D5CBF13B
:107B90000007B8F8D083B844BAF1000701DACAF197
:107BA0000007B84503DDAAEB0B0729F81C70761C0B
:107BB0009E42DDDB401C9042FFF646AFBDE8FC8FE5
:107BC0002DE9F84F164D14460BE0184607E000BFAC
:107BD00004FB030631F91660AE4200DD3546401E57
:107BE000F6D2641EF1D20F48046894F8180E009083
:107BF00086070D48407859D530B1B4F9289E94F8DD
:107C0000267E94F8270E05E0B4F9199E94F81B7EA1
:107C100094F8250E4FF0000E8246F34676461FE09C
:107C20000080FFFF500A100098051000002014E0AB
:107C300006FB030CB4F8238E31F91CC0E0450BDAC7
:107C4000B0EB530F04DA0EF1010C0FFA8CFE03E0D7
:107C50000BF1010C0FFA8CFB401C9842E8DB761C00
:107C60009642E3DBFF4894F82ACE06780020B4451C
:107C70000FD20EEB0B0C0CEB8C0C4FEA4C0C9CFB5C
:107C8000F6F6B4F82BCE664503DAF7494870BDE83E
:107C9000F88F4D4507DABE4505DDBB4503DDF249EA
:107CA000012048702CE0F04E707001E0012827D0D0
:107CB0000098C00724D00027BB46384618E00026AD
:107CC00013E000BF00FB036CB4F8238E31F91CC035
:107CD000E04509DAB0EB520F02DA7F1C3FB203E055
:107CE0000BF1010C0FFA8CFB761C9E42EADB401C68
:107CF0009042E4DB4D4503DA574501DDD345CEDC48
:107D0000D9484078C3E72DE9FF4F83B08046DDE9CD
:107D10001523DDE912100024109E014375D00027C1
:107D20001498B946BB46BA46019708B114461E4698
:107D3000254617E02A460120002115F077FDDDE9F0
:107D400012231040194008430BD0049805FB0599F5
:107D500030F915002F4405FB00AA83440198401C0C
:107D600001906D1CB542E5DB019909FB01F007FBB1
:107D700017000090002867D0019825460AFB00F103
:107D800007FB1B10019009FB0BF00AFB170A4FF0D1
:107D900000094F4632E0149850B92A4601200021CC
:107DA00015F044FDDDE912231040194008430AD0C4
:107DB0000199009801FB05A191FBF0F0059988421B
:107DC00007DD08460AE0049830F8151028F8151069
:107DD00013E00699C84201D506984042049931F84B
:107DE0001510081A069900B2884204DA01440029E5
:107DF00001DD81447F1C28F815006D1CB542CADBEB
:107E0000002F18D099FBF7F513E026E0149850B92D
:107E100022460120002115F009FDDDE91223104062
:107E20001940084304D038F81400401B28F8140007
:107E3000641CB442EADB07B0BDE8F08F049830F868
:107E4000141028F81410641CB442F7DBF3E704980C
:107E500030F8141028F81410641CB442F7DBEAE779
:107E6000884202DC4942884200DA08467047F0B591
:107E70000026344609B100250DE00020F0BDD707EB
:107E800004D030F91570641C3E44E4B25B084FEA3C
:107E9000320205F101058D42F1DB96FBF4F000B2F0
:107EA000F0BD2DE9F05F5FEA010CDDE90A9E0E9E50
:107EB00005467CD052EA030079D04FF000089A467C
:107EC0004046414647464446B346434611E0D6073E
:107ED00009D035F9136003FB031103FB0644184472
:107EE000374408F101085FEA5A0A4FEA320203F107
:107EF00001036345EBDB01FB08F200FB1026002EBB
:107F000055D004FB08F200FB1728794304FB101737
:107F10005FEA0E0058D00024ACF1020C11E000BF63
:107F200008FB047090FBF6F1A1EB09005946FFF73E
:107F300097FF35F81420A2EB0901081A25F8140060
:107F4000641C6445ECDB0C984FEAC01B0D984FEAAB
:107F5000C01A08FB047090FBF6F935F9140000EB29
:107F60008000010291FBF9F0514610F0FFF85946EC
:107F700010F000F909FB00F04FF00A0990FBF9F04E
:107F800035F81410A1EBE01025F81400641C08FB70
:107F9000047090FBF6F635F91400514600EB8000B2
:107FA000000290FBF6F010F0E1F8594600E00AE01C
:107FB00010F0E0F8464396FBF9F035F81410A1EB09
:107FC000E01025F8140005E4002210E008FB027020
:107FD00090FBF6F1A1EB09005946FFF741FF35F898
:107FE0001230A3EB0901081A25F81200521C624551
:107FF000ECDBE8E72DE9FF4F81B00C460746002592
:108000000E9E4FF47C712046009515F01AFD00215C
:108010002046356015F00CFF04460021384615F067
:10802000FDFEDFF848B00246DFF844A09BF80010E0
:108030006F46DFF84090012357E000BF9AF8000038
:108040004CE000BFDDF83CC0BCF1000F2ED1B9B14F
:108050009BF800C0ACF1010C614511D080B19AF8D9
:1080600000C009E00309100098051000B8091000CD
:10807000B9091000500A1000ACF1010C604515D18F
:10808000D9F800C032F91080BCF830C2E04514DDE8
:1080900049B14FF0000C00BF17F80C8008F101083F
:1080A00007F80C8008E04FF0010CF5E732F910807A
:1080B000DDF80CC0E04500DD235432F910C0DDF8D6
:1080C00010801CEB080F09D5D6F80080BCF1000F1A
:1080D00001DACCF1000CC444C6F800C0401EB1D295
:1080E0009AF800002A3402EB4002491EA6D2FE494B
:1080F00000200D70D9F8002092F8B1413A5CA242FC
:1081000004D90D7803FA00F22A430A70401CC0B269
:108110000228F3D305B08FE62DE9F04F8B46824657
:108120000021099F2FE000BF11FB03F4F04E0AEB82
:108130004405EE4C36780020A6F10109ED4E247876
:108140003668641E1BE097B130B1012804D0A0420C
:1081500002D009B149450AD1B6F8CFC2B6F8B48207
:10816000ACEB080C35F91080C44504DB05E035F9AB
:108170001080D84501DD01205EE6401CC0B2984267
:10818000E1D3491CC9B29142CED3002054E62DE977
:10819000FC47D948DFF86483DA4EB0F904C0D84808
:1081A000A8F88CC0DFF860A30068A8F88E00B6F9C4
:1081B0000020BAF80030D31A1FB21CFB01F164236F
:1081C00091FBF3F109B2914200DC11463180C949BB
:1081D0000A6892F8811249062ED5CD49DFF82C9312
:1081E0000978B9F90040052904D3B2F97C32B2F913
:1081F0007E5203E092F8A132B2F99F52B2F89D127A
:10820000614513DAAC4211DAB2F8A41281420DDAF8
:1082100042F21074CDE90054B2F8A22210F098F99D
:1082200004B2AC4200DD2C46A8F89040B9F9001029
:108230008C4201DDA9F800403088C01BAAF800007C
:10824000BDE8FC872DE9F04F8BB0B248DFF8C8924B
:108250004FF00008ADF81000ADF8140099F80000D8
:10826000A44EDFF8B8A247464546444618B1AC488C
:108270000078012803D099F80300E8B34CE0A9483E
:10828000DAF80010B0F900004200A748006815F0C5
:1082900017FBB346366896F80102400725D596F8D5
:1082A000000210F0300F2BD0C0F3011001284FF066
:1082B000140228D09D4906A815F002FBBDF8220043
:1082C00096F82F1206AA0844ADF82200BDF82A003D
:1082D00096F82F120844ADF82A009348B6F92032D8
:1082E0000168DAF800000BF0CDF8DBF8000090F838
:1082F0000112090710D500E007E090F824420BE0D6
:1083000014228B49D7E78B49D5E78B4841787948C8
:10831000006891B390F825417C4ADFF820B2784B91
:108320001288874992B2CDE900327048CDE9021B2C
:1083300002786F48704B564601789B1DDAF80000B2
:1083400010F0C1FFDFF8B0A105AA04A9AAF8040043
:108350007C4803787C4800780343306811F04AF881
:108360001CB121463068FFF712FFBDF91010BDF9AE
:108370001400814205DD0B4604E0FFE790F826413A
:10838000CAE70346714AAAF80430B2F900209142C4
:1083900000DD01276E49B1F90010884200DD01259A
:1083A0006C482F43057001D04FF0010899F80E007A
:1083B0004C46012802D130680FF03BF8E07B0128E1
:1083C00003D1654965480EF0C4FF4C4810F8871F7B
:1083D00068F3000165F3410100F8011BBDF81010BE
:1083E0000180BDF814104180554909688161DBF8AE
:1083F0000010C16140460BB01EE52DE9F74F584C07
:1084000086B0DFF8F08025780495D8F80000924611
:108410008B4690F831200120002115F007FA461E06
:10842000504841F1FF37057000252570FFF7E1F84E
:108430003148022108300CF0EBFBDFF8DC902E4CC9
:1084400099F8000010B999F8010028B15146584632
:10845000A268FDF7CCFC01E0434805704348007872
:10846000012806D1049A0699A068FEF73AFB064651
:108470000F46D8F8001091F83502420605D40006E0
:1084800003D491F82D0BC0070CD03948394A007835
:108490000096CDE901702348A168B0F90030084684
:1084A000FFF74DF81348DFF84880DFF840A0006878
:1084B0004FF0010B90F83512890663D52E4AB0F9BA
:1084C000C813B0F9CA03127862B184F802B001AAE5
:1084D000009182E8C100A1689AF8003098F8002065
:1084E00008464BE04DE04DE001091000B9091000CD
:1084F000B8091000500A100098051000D46C012033
:10850000F809100064091000680910006E091000D5
:108510000C0510000080FFFFE48C1000E40910003F
:108520003D051000CE091000E80910007EDE0100B4
:1085300092DE01006ADE0100900A10000C0A1000B1
:10854000080A10001A0A1000220A10006C09100014
:1085500076091000C1091000E40C0120100D012063
:10856000960A10002809100028051000BE09100006
:10857000C9091000C81B0120FC091000FFF75AF9B7
:1085800000E0A570FE48006890F83502400708D565
:10859000A1689AF8003098F800200846FFF710FB11
:1085A0006070F748016891F83402020605D440066D
:1085B00011D599F8030001280DD1B1F9490201AA9A
:1085C000009082E8C100A1689AF8003098F8002075
:1085D000084600F0B7FA57469AF8002098F80010BD
:1085E000A068FEF725FEE748DFF89C83049B02683D
:1085F000A168D8F80000FEF7F3FFE14E306890F86C
:108600001D1CC90714D090F8161C90F8150C3A7868
:1086100010FB0211D8F8000020F8115031683B78A7
:1086200091F8182C91F8171C11FB032120F8115018
:108630000221D6480CF050FB99F80C0000274C465C
:10864000012805D0A07A012802D0E07A012803D1C0
:10865000CF480078012802D0FFF7F4FD0746CD4847
:10866000D8F80010B0F900004200CB48006815F0BF
:1086700027F9CA48DFF82C930560C9480560CA4845
:10868000C9F800500570217B012928D0A17A012961
:1086900025D0E17A012922D02FB380F800B02078CC
:1086A00018B1C2480078012825D002240121C04811
:1086B0000CF0AEFA3168BF4AB1F86B0212780AB119
:1086C000B1F86002CDE9009503B2BB48B0F90020D3
:1086D000B7480168D8F80000FFF78CFC04E0AC490B
:1086E0000978012903D00124204609B044E5062475
:1086F00080F800B0F8E70324D8E7FEB50746AF4896
:10870000002406780470FEF774FF02219F480CF0E5
:108710007FFAAB489D4D0078083D012804D13246D0
:108720003946A868FEF7DDF9954E9A4F316891F801
:108730003502420605D4000603D491F82D0BC0077C
:108740000DD0A048A04A007802904FF0FF30CDE94C
:108750000000A968B7F900300846FEF7F0FEA968E6
:10876000B7F90000884D4200286815F0A9F8306874
:1087700090F81D1CC90714D090F8161C90F8152C01
:108780009248037812FB0312296821F812403268DC
:10879000007892F8183C92F8172C12FB003021F860
:1087A0001040022179480CF097FAFFF74BFD06467E
:1087B000B7F90000296842007748006815F080F892
:1087C0007648784F784904603C600C709EB1012671
:1087D0000E700224314676480CF01AFA7648CDE93C
:1087E0000076B0F90020724847F6FF7301682868E8
:1087F000FFF700FC00E001242046FEBD634910B5F0
:108800000839694A002088601070714A10708870B9
:10881000FEF78DFBFEF701FD59486E4A6E4B00686E
:10882000B0F8B9121180B0F8E8221A806B4B1980A9
:108830006B490A806049B0F84302088010BD10B54A
:1088400000F045F9FEF7CEFD4D48006890F8810232
:10885000000603D5BDE810400AF00CBF10BD2DE99D
:10886000F74F86B00020CDE90000CDE90200804638
:10887000434817460C46006800254FF0010BB0F93D
:108880001EA1B0F9200105902EE000BF15FB07F0F6
:108890000FFA80F905980126404204902A46304696
:1088A000002114F0C3FF0BFA05FC4FF0000E17E097
:1088B000069A09EB060332F91320524502DC049BA9
:1088C0009A4206DADDE9003603430E43CDE900366D
:1088D0003E46424502DDCDE902CE9046761C36B2D8
:1088E000BE42E5DB6D1C2DB2A542CFDB244D2868CE
:1088F00090F822212AB1DDE900010FF010FDCDE949
:108900000001286890F81D0180076BD5DDE9001093
:10891000014367D00821684613F0B0FDC1B2286852
:1089200090F8230188425DD9401E40F34702DDE9FB
:1089300002010FF0F4FCCDE9020106460F46224683
:108940000120002114F072FF401E41F1FF3230403F
:108950003A40CDE90202082102A813F08FFD2968F0
:10896000C0B291F82311814262D9621E0120002118
:1089700014F05CFFDDE9022310401940084332E0A7
:10898000500A100070091000E4091000A005100042
:1089900028051000CE091000E80910005409100045
:1089A000580910005C091000C00910003D051000B6
:1089B00018091000470910006E091000960A1000EF
:1089C000BE091000C9091000C81B0120B909100018
:1089D000C109100064091000660910006809100040
:1089E0006A0910002BE011D0601E5B4606E000BF54
:1089F000029E03FA00F13143401E0291296891F86A
:108A00002311611A491E8142F2DB11E0D0070FD019
:108A100000215B4607E000BF029C03FA01F02043FF
:108A2000491CC9B20290286890F823018842F3D803
:108A30009DE80B00039A18431143CDE90001286813
:108A4000002190F83120012014F0F0FE401E41F189
:108A5000FF33DDE9001201401A40CDE90012286819
:108A6000574C90F82731F3B1207868B1401CC0B260
:108A70002070834201D3114301D0002012E0D4E9D9
:108A80000401CDE900010EE04E48007858B11143D1
:108A900009D1D4E9040150EA010204D0CDE9000172
:108AA0002078401C2070DDE9000108430BD12868C4
:108AB000002190F83120012014F0B8FE401E41F151
:108AC000FF31CDE900010098C4E904010DE62DE96C
:108AD000F84F3D4C206890F831A010F8308F90F896
:108AE000450100F00302C0F38101C0F301100FF053
:108AF0002EFB2268064602F62E3402F6CE374FF4DD
:108B00005C603249802300E00B54401EFCD292F896
:108B10002D0BC00714D0002589460FE005EBC500DA
:108B2000C0EB851109EB011053463A462146CDF8BA
:108B30000080FEF796FC28346D1C3F1DB542EDD930
:108B4000BDE8F88F2DE9FF4F8B46DDE90D9E1A46F3
:108B5000DFF87CA02FE01AF80200002739460BEB63
:108B600042060546CEF1000C0AE000BF05FB03F407
:108B700036F914404C4503DA644501DD2744491CAD
:108B80006D1EF3D201B9012197FBF1FC009DDDE9D7
:108B90000F1405EB42070CE0CD0707D000FB03F5EF
:108BA00036F81580A8EB0C0827F8158064084FEA02
:108BB0003101401EF0D2521ECDD2BDE8FF8F000021
:108BC00098051000C6091000500A1000C81B0120AB
:108BD000B42901209648002101704180704730B5CA
:108BE0009449024601200C6894F84B364BB1904DE5
:108BF000B2F842106D68491B00D549428B4200DA39
:108C0000002094F84C16002913D0894CB2F91A5060
:108C10000834B2F91820B4F90230B4F900405B1BF3
:108C2000A21A5B4302FB023211FB01F18A4200DD12
:108C3000002030BD2DE9F0477E4FDFF8F4810600BB
:108C40004FF005044FF0060510D096F8520100F0E1
:108C50007DFA0446386890F84A0618B1B6F8421012
:108C600081422DD8B06900F0B9F848B398F80000F7
:108C700001214FF0000907280ED2DFE800F00404BC
:108C8000243F7E040400052C04D0042C06D0012CC3
:108C900007D015E088F80090BDE8F08788F800104C
:108CA000FAE7FFF797FF022088F80000A8F8029083
:108CB000B6F84200C8F80400B069C8F80800EBE74D
:108CC00088F80050E8E7B8F80210491C89B2A8F803
:108CD0000210032C0CD1386890F8452640468A4291
:108CE00001D8057001E003210170A8F80290D3E7D4
:108CF000052CD1D03046FFF772FF20E0B8F8020013
:108D0000401C80B2A8F80200012C0BD03A6892F8FF
:108D10004636494A834215D888F8005010688001C9
:108D200019D4B9E7396891F8F11D8142C8D83046A5
:108D3000FFF755FF042188F80010A8F802900028DA
:108D4000BED0A9E7052CA7D110688201A4D5800662
:108D5000A2D488F8005039484170192181703449F3
:108D600008314A88C270120A027109884171090AE1
:108D70008171BDE8F0470EF0AABCB8F80200401CB3
:108D800080B2A8F80200032C05D0396891F8471684
:108D90008142ADD894E7052088F800007CE738B51B
:108DA00000210091694600F08BF9214C012802D97D
:108DB0000620207010E00098FFF73CFF207805287F
:108DC0000AD11D480078800606D51C480121417053
:108DD00005218170012038BD002038BDF0B515494E
:108DE00006460120096891F84826950091F8492621
:108DF0002B46940091F83620D7074A8E898EA2EB35
:108E00000502A1EB040112B209B20ED023460F46AF
:108E10002C463114994206DBB94204DC31B2A1423E
:108E200001DB914200DD0020F0BD17460A46F0E765
:108E3000B0051000500A1000C805100040281000AE
:108E400000F0BABACB4890F82C00062801D00528CB
:108E500007D1C948C949006890F83E0200F00F00E8
:108E60000860C7490020487000F0B1BA70B5C54924
:108E700000230978062903D011B1052900D0012368
:108E8000C1490A78BE49012A04D0022A02D0032A25
:108E900000D04BB1B848006890F8780048700A28B4
:108EA00001D20A20487070BDB84A1278062AFAD159
:108EB0004A7822B1521E12F0FF024A70F3D10546E1
:108EC0005FF0000404EBC400C0EB841005EBC006A7
:108ED0003146284605F045FD3146284605F079FD26
:108EE000641CE4B20F2CEDD3A94800780528DAD031
:108EF000BDE870401021012012F0B1BC2DE9F04115
:108F00000024054600F580565FF00107D6F8C80931
:108F100007FA04F108420AD004EBC400C0EB841045
:108F200005EBC00000F118010C300FF0E6FC641CEA
:108F3000E4B20F2CEAD3BDE8F0812DE9F041002620
:108F40000446354600F580585FF00107D8F8C80997
:108F500007FA05F108420CD005EBC500C0EB8511FE
:108F600004EBC10191F85201032802D1204605F01B
:108F700016FD6D1CEDB20F2DE8D32046FFF7BEFFA6
:108F8000844800217E4D016041608160C160A86815
:108F9000C00104D5204600F06CFD012807D07E49B1
:108FA000A868084203D02046FFF7F9FE48B9A86830
:108FB000C0011BD5204600F01CFB7849087018261C
:108FC000A0B174480EF083FB182E0DD17148083003
:108FD0000EF07BFB6C48807900EBC001C1EB801088
:108FE00004EBC0000EF048FBFFF7F4FD0026B84686
:108FF00004F5805508FA06F0D5F8C819014211D0D9
:1090000006EBC600C0EB861104EBC10797F85201CE
:10901000082807D13946204605F0DBFC39462046B2
:1090200005F09FFC761CF6B20F2EE3D32046BDE878
:10903000F0411BE72DE9F84F80464F48006890F853
:10904000500CC00738D04046FFF758FF4C4E4FF049
:109050000007B068C00131D5404600F0A2FBDFF840
:1090600034B1814600244FF0010A08F580550BF118
:10907000080B1DE0D5F8C8190AFA04F2114216D0FF
:1090800004EBC401C1EB841208EBC2010091B9F1F9
:10909000000F0BD086F800A03E480EF018FB584693
:1090A0000EF013FB00980EF0E7FA00E03770641C36
:1090B00095F9D409A042DDDABDE8F88F3770FBE7F7
:1090C00030B505460020034603EBC302C2EB831212
:1090D00005EBC20494F85221012A0DD0022A0BD0CC
:1090E000032A09D0042A07D0052A05D0062A03D06E
:1090F000072A01D0082A02D1401CC0B20C605B1CB8
:10910000DBB20F2BE0D330BD2DE9F043244E254DCB
:10911000194C377881462E680020256813E04C46AC
:109120000DE000BF12FB074C36F91CC0B5F8F28DFC
:10913000C44502DD0120BDE8F083641CE4B28C422A
:10914000F0D3521CD2B29A42E9D3F4E709280ED2E6
:10915000DFE800F00D0505070909090B0B000420E5
:109160007047012070470220704703207047052098
:1091700070470000B4B91000500A100070091000C8
:10918000C0051000B0051000A8281000B509100097
:109190000C0510004028100020000002D805100027
:1091A000B9091000E40910002DE9FC4FFE4A1268CD
:1091B00092F83660B2F967CCB2F96B7CB2F969AC5F
:1091C000B2F96DBC5FEAC678948E558E4FEA467848
:1091D00008D0B8F1000F20DAEF1B67F31F43A5EBAF
:1091E0000B071CE0B8F1000F06DAA5EB0C0C6CF3D2
:1091F0001F43A5EB0A0C01E06AF31F436CF31F4108
:10920000B60705D5E61B66F30F03A4EB0B0610E0CB
:109210006BF30F0367F30F0112E06BF31F4367F368
:109220001F41B60708D5A4EB0C0666F30F03A4EBA9
:109230000A0666F30F0103E06AF30F036CF30F01F4
:1092400012F8306F671C92F80180B246B5FBF6F653
:10925000B7FBF8F236B212B2002D75D0002C73D0E5
:10926000002E71D0002A6FD00F144FF0000B13D0D6
:1092700097FBF6FC6CF3070997FBF6FC06FB1C77E3
:109280001FFA87F74FEA234C654509DCAAF101056F
:1092900065F30F29B5B20CE06BF307090027F1E77E
:1092A0009CFBF6F565F30F299CFBF6F506FB15C54F
:1092B000ADB209B289B191FBF2FC6CF3174991FB95
:1092C000F2FC02FB1C1189B21BB29C4209DCA8F122
:1092D000010363F31F6993B20CE06BF3174900219C
:1092E000F2E793FBF2F464F31F6993FBF2F402FBE1
:1092F00014339BB207EB8704640094FBF6F4C4F1CB
:109300000A041FFA84FE05EB8504640001EB810169
:10931000490091FBF2F1C1F10A011FFA81FA03EB56
:109320008301490094FBF6F491FBF2F1A4B209F039
:10933000FF0200948FB200259346C9F307444FEA19
:109340001966C9F3072C25E034E0934502D10FFAE2
:109350008EF807E0944503D100990FFA81F801E0F7
:109360004FF00A083BB221460FFA8AF901930DE04B
:109370008C4201D14B4604E08E4201D1019B00E0BA
:109380000A2308FB0353491C1DB209B28E42EFDACF
:10939000521C12B29445D8DA858180F808B080F862
:1093A00009C0A0F810E0009941828472C672A0F84A
:1093B00014A0C782BDE8FC8F7C48007828B97C489F
:1093C00000218163C163A0F8401000F072BB7749AF
:1093D000002048700978002911D17549744A8863C2
:1093E000C863A1F84000383108706F48006890F8F1
:1093F0005B1C117602F11C0190F85D0C0876704739
:109400002DE9F041044690F99A7190F8526190F874
:1094100053510B2084F89A01082084F8520105204A
:1094200084F853010DF054FB0128FBD100222046A3
:10943000A1690EF07BF984F89A715C4984F8526155
:1094400084F8535100200870BDE8F0815949012289
:109450004A7018228A70827ECA70428B120A0A7180
:10946000027E4A71008B000A887170472DE9FE4F19
:10947000074650480C46002180F82F1004F11000D8
:109480000290A08904F1080808B947F6FF704FF070
:10949000000B0190DA46D94697F85B6031E000BFD7
:1094A00098F80200B0422BD898F80300B04227D3B6
:1094B000F1B2414814F0BCFC009097F859501BE001
:1094C00098F80000A84216D898F80100A84212D3D4
:1094D0000098405D78B1F1B2E8B24246029B00F0DC
:1094E00016FB58441FFA80FB0098405D18B109F143
:1094F00001001FFA80F96D1C97F85A00A842DFD2CC
:10950000761C97F85C00B042CAD264210BFB01F0D4
:109510000199B0FBF1F18AB2B7F8441029B1642384
:109520004B43B0FBF3F01FFA80FA2248012380F886
:109530002F300172090A417280F80A904FEA19210E
:10954000C1721E48019920F8731FA0F802B0B7F845
:109550004410C180A0F80890027180F805A0207E18
:10956000904205D8617E514502D80120BDE8FE8FAA
:109570000020FBE72DE9F0410B4A4B8800241268DC
:1095800092F8605C92F8617C5B1B1EB20B8892F8CB
:10959000625C92F8632C5B1B1DB2CB883B448F88C6
:1095A0001BB23A4417B20BE0500A1000D805100065
:1095B0007028100040281000343A0120D46C01209B
:1095C00090F85221032A01D0042A10D1B0F91A20B0
:1095D000B2420CDBB0F91860AE4208DB9A4206DCFE
:1095E000BE4204DCFFF742FF012800D101242046DF
:1095F0002AE72DE9F05FDFF814840546DFF810A4B0
:1096000098F800300026A8F13800C3B1FF4944465D
:10961000042789794FF0020801EBC102C2EB8111E6
:10962000024605EBC105927E05F11801012B3DD0E4
:10963000022B67D0032B71D0042B70D04AE000249A
:109640004FF0010905F5805783461AE0D7F8C8198D
:1096500009FA04F0014212D004EBC400C0EB8410FC
:1096600005EBC00AEA48006890F85B1C8BF81810FC
:10967000E64950463839FFF77DFF012806D0641CC3
:1096800064B297F9D409A042E0DA24E0DF4A88F80E
:109690000090383ADAF81810C2F83A1088F8064004
:1096A000B8F80810491CA8F8081014E095F85231D1
:1096B000042B01D0062B0DD181461346A01C0FF0C0
:1096C00013F8012806D1D14928463839FFF7CEFED4
:1096D000012803D027703046BDE8F09F2089B9F8F3
:1096E0000E104B4688420AD384F800802846FFF7C4
:1096F000ADFEDAF8000090F8640C18762DE0401CFE
:109700002081E8E795F85201042809D0062807D0FF
:109710000828E0D12846FFF773FE3CE01FE03DE05B
:109720001346A01C0EF0E0FF012806D1B7492846D9
:109730003839FFF79BFE01280CD095F852710820AC
:1097400085F852012846FFF75BFE0320207085F85C
:109750005271C0E72846FFF779FE0126BBE795F86E
:109760005201042801D0062813D11346A01C0EF084
:10977000BBFF0128AFD1A54928463839FFF776FE4F
:109780000128A8D12846FFF761FE012684F8008051
:10979000A1E708289FD1FFF71AFE9CE795F8520130
:1097A000F7E72DE9F05FDFF86C820546002698F8B0
:1097B0000000994CDFF858B2374658B3DBF8000088
:1097C00090F8F63D90F8F52D90F8F81D90F8F70D0B
:1097D000FFF79AFCA070E0B384F80170DBF800009A
:1097E000617890F8F40D884214D288F800706770A0
:1097F000F6F700FE8948016841F00A010160F6F7BA
:10980000F7FDFC2105200DF05CFF4FF48071002076
:1098100012F025F82078DFF8F4A1AAF11C0A30B183
:10982000DBF8000090F8651C8AF818102770774F55
:1098300005F580584FF00109387878B13C46042787
:1098400001283CD0022879D0032872D0042871D096
:109850005AE0FFE76078401C6070BFE70024D34601
:109860001BE000BFD8F8C81909FA04F0014212D071
:1098700004EBC400C0EB841005EBC00A6448006828
:1098800090F85D1C8BF81810604950461C39FFF7A2
:1098900071FE012806D0641C64B298F9D409A04274
:1098A000E0DA32E0594A87F80090383ADAF81810CE
:1098B000C2F83A10BC713989491C398125E0A07978
:1098C000D8F8C81909FA00F911EA090F1CD000EB01
:1098D000C001C1EB801005EBC00595F852010428CA
:1098E00001D0062811D19AF81A2005F11801134663
:1098F000A01C0EF0F9FE012806D1444928461C3967
:10990000FFF7B4FD012802D027703046E4E6208935
:10991000BAF80E10534688420DD302202070284614
:10992000FFF794FDDBF8000090F8650C18766AE00C
:1099300004E03EE074E0401C2081E6E7A079D8F81E
:10994000C81909FA00F911EA090F2ED000EBC0017D
:10995000C1EB801005EBC00595F85201042801D039
:1099600006281ED19AF81A2005F118011346A01CEA
:109970000EF0BAFE012806D1244928461C39FFF70B
:1099800075FD012803D02078022805D009E028467B
:10999000FFF75CFD012604E02846FFF731FD0320B8
:1099A000207095F852010828AFD12846FFF728FD0E
:1099B0003DE0A079D8F8C81909FA00F911EA090FB1
:1099C00035D000EBC001C1EB801005EBC00595F868
:1099D0005201042801D0062897D19AF81A2005F1DF
:1099E00018011346A01C0EF07FFE01288DD10749F7
:1099F00028461C39FFF73AFD012886D12846FFF793
:109A000025FD0220207001267FE70000A828100015
:109A1000500A10002A0A1000D8051000600A100031
:109A2000A079D8F8C81909FA00F2114202D1FFF75B
:109A3000CEFC6AE700EBC001C1EB801005EBC0056E
:109A400050492846FFF796FD0128DDD19AF81A20E3
:109A500005F118011346A01C0EF046FE0128D3D1D3
:109A600048492846FFF702FD0128CDD184F800902F
:109A70004BE710B5434990F8523100221C395B1E68
:109A8000052B14D8B0F91A30B1F90240A3420EDB0D
:109A9000B0F91800B1F90040A04208DBB1F9064066
:109AA000A34204DCB1F90410884200DC0122104614
:109AB00010BD10B5344C334821681C3891F8512C36
:109AC000C28191F8522C8276B1F8532C4280B1F8C1
:109AD000572C0280B1F8552CC280B1F8592C8280E5
:109AE00091F85B2C027691F85C1C4176FFF75CFBE9
:109AF00024491C221C39234813F0E2FE2168214826
:109B000091F85D2C027691F85E1C417610BD30B55F
:109B10001478844204D25578854201D90A2012E093
:109B2000844204D15578854201D018780AE08442F5
:109B300004D05478844201D1987803E018789C7856
:109B400010FB04F0C0B294788C4204D2D5788D42D8
:109B500001D90A2112E08C4204D1D5788D4201D07E
:109B600019790AE08C4204D0D2788A4201D19979DD
:109B700003E019799A7911FB02F1C9B210FB01F0E7
:109B800030BD00008C281000500A1000BD48BE49AE
:109B90000068B0F8FB290A80B0F8FD294A80B0F8C7
:109BA000021AB948801E01800021C0F806104181C8
:109BB000C160016170472DE9F843B24F804600252E
:109BC00038682B462A46418EB0F9346061F31F4451
:109BD00066F30F04694640460EF002FE3968BDF98F
:109BE0000220B1F8043A91F83E004343934207DA69
:109BF000B1F8063A4343934202DDB1F8082A01E086
:109C0000B1F8022A424310B2D8F800200092B1F80D
:109C1000F433BDF90020934203DAB1F8F61361F38F
:109C20001F4482420ADB311A8A4207DCBDF9021066
:109C3000814203DBC0EB2440814200DD0125284640
:109C4000BDE8F8832DE9F84F06468F480025001D32
:109C500006F12404018809B9408820B1204600F0AB
:109C6000B8F801281FD08848B0F80080B0F80290FA
:109C70000EF030FE824600231A46694620460EF05A
:109C8000AFFD804FBDF90010386890F83E0000FB32
:109C900008F2914205DB0FFA8AF309FB1030884283
:109CA00003DA012528E0042526E07748801E008895
:109CB00020B12046FFF77FFF012804D072480A3008
:109CC000018841B901E0022516E0418819B981886F
:109CD00009B9C08880B1204600F0A6F801280BD150
:109CE0003868F16A90F8000A884204D9B6F8A001F1
:109CF00028B1082803D010252846BDE8F88F08258C
:109D0000FAE72DE9F047044690F852010E464FF06D
:109D10000109032807D000274FF00308042816D0B4
:109D2000082853D13FE02046FFF78CFF05004DD0B7
:109D300094F9990104F048FFA4F8A051306820621A
:109D4000E08F4FF0000940F40060E0873EE094F9B6
:109D5000990104F053FF012838D12046FFF772FF24
:109D60000546B4F8A001102803D0082801D085B119
:109D70002CE065B1314604F120000EF0F4FC4149BD
:109D8000096891F8011A11FB01F1814204DA206A95
:109D9000306084F8528113E0102D01D0082D15D1C8
:109DA000A4F8A05112E094F9990104F027FF0128CA
:109DB0000CD12046FFF746FFB4F8A0010828E6D0F2
:109DC000A4F8A07194F9990104F00DFF4846BDE88C
:109DD000F0872DE9F8432C4D80462D1D0026B5F95E
:109DE00000400EF077FD074600231A4669464046BC
:109DF0000EF0F6FC2348A988BDF90020006890F811
:109E00003E004143914201DAB5F90240BDF902102A
:109E100010FB04F2914204DB3A1404FB1020884248
:109E200000DA012630460BE7F8B5064600250EF0AD
:109E300051FD044600231A46694630460EF0D0FC18
:109E400010481149BDF9022000680A310B8890F8CA
:109E50003E004343934211DC4E88231406FB10332B
:109E600093420BDB8B88BDF900204343934205DC12
:109E7000C98823B201FB1030904200DA0125284640
:109E8000F8BD0000500A1000DE29012075490020AD
:109E9000487070472DE9F041734900F580534FF049
:109EA00001050E684FF00E0196F896CC5FEA8C72B1
:109EB00019D5D3F8C8490A4605FA02F73C4210D032
:109EC00002EBC207C7EB821700EBC70797F8537185
:109ED0007F0706D5634A96F8974C921C147055700C
:109EE00001E0521EE8D25FEA4C7225D55F4A527BF0
:109EF000002A21D05B4C0022A280D3F8C83900BFD1
:109F000005FA01F73B420FD001EBC107C7EB811700
:109F100000EBC70797F853C15FEA4C7C04D0B7F851
:109F20004470974200D93A46491EE9D2A280B6F958
:109F3000B60CFCF715F92070BDE8F0814A490968B4
:109F400091F8961C89070AD54649891C10B1002052
:109F5000487003E00878002801D0401E0870704760
:109F60002DE9F04706464048414B4249026800252A
:109F70001F6892F8960C0B682C465FEA407C3CD533
:109F80003A49497BC1B3DFF8DC9092F8B41C92F8EF
:109F9000B80C99F801C0BCF1010F09D192F8B58C49
:109FA000A1EB080192F8B98CC9B2A0EB0800C0B2CD
:109FB000B9F8048088450BD899F80010814207D879
:109FC000D2F8E80DB84207D2D2F8EC0D984203D28D
:109FD000042086F85301012421464F4689F80140A8
:109FE0008C4502D00A200DF06CFB23487A78017B67
:109FF00062F30001017321E0FFE781070FD51948E3
:10A00000801C4178012901D10078B0B9D2F8E80D5F
:10A01000B84213D2D2F8EC0D98420ED30EE0C0072E
:10A0200007D1D2F8E80DB84208D2D2F8EC0D984228
:10A0300004D296F85301042800D1012525430FD0FE
:10A040000E49AA20087096F85201032805D004286A
:10A0500001D0062804D1082000E0022086F8520131
:10A06000BDE8F087DC051000500A1000E48C1000F9
:10A07000080A10000C0A1000D46C0120C609100058
:10A0800070B590F85A5090F85940C38F2E1B90F835
:10A090005C2090F85B10761C022E01D98A4205D014
:10A0A000511A491C022906D9A54204D143F00101E5
:10A0B000C187012070BD23F00101C187002070BD60
:10A0C00070B50446002084F85601FB48FB4D94F916
:10A0D00099310678286826B18B4290F8031218D07F
:10A0E0002AE0F74E367826B18B4290F8341323D10C
:10A0F0000FE0F44E8B4236780ED190F83313052ED4
:10A1000001F00F0184F8561101D0062E17D190F8F6
:10A11000F01D01F00F0110E093420BD190F83313C2
:10A12000090984F85611052E01D0062E07D190F8A2
:10A13000F01D01E090F83513090984F8561190F8E4
:10A140000D13C9060BD5E18F890508D590F83603A4
:10A1500094F8561100F00F00084484F85601204688
:10A16000FFF78EFF01280DD1D7480078012809D9C3
:10A17000296894F8560191F8351301F00F0108444D
:10A1800084F85601286890F80C1AC9060AD5CF49F8
:10A190000978002906D094F8561190F82A0A084444
:10A1A00084F8560170BDC84900200870C84908707D
:10A1B000C8490870C5490870C7490880C749087070
:10A1C00070472DE9F84F8146C548002409F58056AF
:10A1D0000470C4484FF0FF37DFF80CB30470B6F8D2
:10A1E000C809DFF8E4823D4610EA17400CD0484623
:10A1F000FFF750FE40464A460078BE46F9074FF04A
:10A20000010A009048BB0EE0B14888F80040047095
:10A210008BF800500120FFF791FEAF480480AF4853
:10A220000470BDE8F88F02F58055002095F9D4C977
:10A2300022E000BFD5F8C8890AFA00F318EA030F34
:10A2400018D000EBC003C3EB801302EBC30393F8F9
:10A250005281B8F1010F01D03D4615E0B3F84280BC
:10A26000B8F1000F06D01B6B93FBF8F3994201DAAB
:10A2700019468646401C40B28445DBDA75461EF11D
:10A28000010001D08BF8005000989BF900E0BB461C
:10A2900039464FF0004201282CD809F5805700209C
:10A2A00097F9D4C924E000BFD7F8C8890AFA00F3A7
:10A2B00018EA030F1AD0704518D000EBC003C3EBA7
:10A2C000801809EBC80393F85281B8F1010F01D04F
:10A2D00059460FE0B3F84280B8F1000F06D01B6B6F
:10A2E00093FBF8F39A4201DA1A460146401C40B249
:10A2F0008445D9DADFF8D0810091A34688F8004080
:10A300000027BAE0D6F8C8190AFA07F001427AD055
:10A3100007EBC700C0EB871109EBC10494F85201A9
:10A32000012806D0052810D0092824D00D2831D0C6
:10A3300014E0204600F052F929462046009AFFF723
:10A34000BFFE022084F8520133E0204600F09FF85F
:10A35000062084F85201204600F0F3F894F85201E8
:10A36000022826D0062851D0072858D00A280DD018
:10A370000E281AD05AE05148006890F8370300F0D0
:10A380000F0084F856010A2084F8520194F856010F
:10A39000D0B34BE04948006890F83A0300F00F0052
:10A3A00084F857010E2084F8520194F8570160B3E5
:10A3B0003CE094F83E00C00710D02046FFF760FE56
:10A3C00060B93E4994F85601096891F8351301F0D7
:10A3D0000F01884206D9411A84F8561194F85601A3
:10A3E00010B123E084F856B1032084F852013348B9
:10A3F000006890F80D03C00618D5E08F800515D5CC
:10A40000206AE06012E036E00BE00CE094F85701BF
:10A4100060B994F83E00800701D5072004E00820C9
:10A4200002E00B2000E0032084F852012046FFF7F1
:10A4300097FD94F8520102280AD006280FD00A2866
:10A4400006D00E280BD0032810D004280ED012E01E
:10A4500094F8560178B1401E84F856010BE094F848
:10A46000570140B1401E84F8570104E098F80010ED
:10A47000491C88F800107F1C7FB296F9D409B842B5
:10A48000BFF640AFBDE8F84F0020FFF757BD10B54D
:10A49000002180F8571108490A780849096852B123
:10A4A00091F8042202F00F0280F8572190F83E2024
:10A4B000920724D530E019E03D051000500A100045
:10A4C00047091000B5091000C6091000990A1000CC
:10A4D000FC091000C5091000E0051000DC051000A3
:10A4E000C7091000C8091000E2051000514A12788F
:10A4F000002A91F83823D5D0120980F8572191F815
:10A500003923836A02F00F04A34205D990F857312A
:10A5100003EB121280F8572190F857212AB9C28F05
:10A52000120502D5012280F8572190F84521032A0F
:10A5300006D190F8572191F8B61D114480F85711B3
:10A5400010BD2DE9FC41DFF8F0800546D8F8000089
:10A5500090F80D03C0073FD0002405F1A0070126A5
:10A5600007EBC60030F8041CADF8021030F8081DE7
:10A57000ADF800108089ADF8060037F83600ADF868
:10A58000040001A968460EF0EEF8844200DA0446A1
:10A59000761CF6B2052EE3D3294605F120000EF015
:10A5A000E2F80246234800780028D8F8000005D0D9
:10A5B000B0F82713B0F82303494304E0B0F825139B
:10A5C000B0F8210349434043824205DD8C4203DD5C
:10A5D000E88F40F00200E887BDE8FC8170B5164ABC
:10A5E000126892F80D33DB0622D5046AB2F8F453F0
:10A5F00023B2AB42558E01DDA5F5967565F31F417B
:10A600002614B2F9345092F88C4365F30F01A64238
:10A610000ADBC6EB2141A14206DB92F88D138B4287
:10A6200002DBEA1A8A4203DAC18F41F40071C18762
:10A6300070BD000047091000500A10002DE9F84FC6
:10A640008B46FB49924600230A681D46B2F8926386
:10A6500046B9B2F8941329B9B2F8961311B9B2F801
:10A660009813B1B1B0F90E40B0F90C10A6420FDC4E
:10A67000568EB2F89473F61BA64209DBB2F89643E5
:10A680008C4205DC948EB2F89863A41B8C4200DAED
:10A690000125B0F84260E74946B392F86446A64205
:10A6A00001D80C780CB101240C70E349097801B190
:10A6B0000123E2494C78E2490978CCB192F865036C
:10A6C000040900F00F03012904D992F8660300F091
:10A6D0000F03040925B192F8640300F00F03040985
:10A6E000B2F86713B2F86923494381E00024DBE73D
:10A6F0008BB192F86B03040900F00F03012904D910
:10A7000092F86C0300F00F030409B2F86D13B2F86D
:10A710006F2349436CE0CB4B1B78022B14D090F88D
:10A720005301012822D092F86506DFF81C93DFF868
:10A730001C8300F00F03040992F864C699F80070B6
:10A7400098F8000027BB22E092F87103040900F09A
:10A750000F03012904D992F8720300F00F030409D2
:10A76000B2F87313B2F87523494341E092F87A03C3
:10A7700000F00F03040925B192F8620300F00F0303
:10A780000409B2F88113B2F88323494330E030B1B1
:10A7900092F86B4692F86AC604F00F0324096645E6
:10A7A00005D9B2F86616B2F86826494320E092F857
:10A7B000774304F00F032409012904D992F8781390
:10A7C00001F00F030C0925B192F8631301F00F0398
:10A7D0000C09494617B10B7999F8054018B198F85A
:10A7E000043098F80540B2F87D13B2F87F2349434E
:10A7F0005243584600940DF0C5FFCAF80040BDE82A
:10A80000F88F2DE9F84F044600F1240590F8520125
:10A810000F4604F18808032814D0854A04281168DB
:10A8200019D007287ED0082803D00B2801D00A2889
:10A83000E5D12A463946404600F0CCFE7D4900204D
:10A840000870DCE7134601B02A4639464046BDE8A9
:10A85000F04F00F049BE91F87B0304F10C010609AA
:10A860009146081D0DF07FFFD9F800200146DFF862
:10A87000DCB192F88503800736D594F8550108B10C
:10A88000C4F89810D4F898008246B1EB000992F809
:10A89000880302D500F00F0000E00009DFF8A8C12E
:10A8A00092F864369CF800C0BCF1000F04D19BF80C
:10A8B00000C0BCF1000F01D092F86A36B4F842C073
:10A8C0009C4508D992F86C06B9F1000F02D500F04A
:10A8D0000F0000E00009C0F110020AFB00F301FBC9
:10A8E00002300111C4F898106A462046FFF7A6FE10
:10A8F00003465548017801B186799BF8001009B1EB
:10A900009BF8066054F8901F324618460DF04FFF32
:10A91000064602462B463946404600F024FE266095
:10A920001CE0FFE791F80D03002680070ED591F893
:10A930007C03474900F00F06097801B106092B4650
:10A9400032463946404600F02AFE07E0B7F90200D9
:10A95000C4F88C00B7F90000C4F888003D4810F82E
:10A96000481F66F30301017049E72DE9FF4F91B0DD
:10A970009146DDE91E0A00EBCA00D0E90045CDE9A9
:10A980000C45D0E90240CDE90212CDE90E4003EBBF
:10A99000CA01D1E90201CDE900010EA90CA8DDF838
:10A9A000088000F002FD07468B46694602A800F0C9
:10A9B000FCFC05460E4669460CA800F0F6FC044671
:10A9C000401BB1412DDA28460DF0D8FB80462046C9
:10A9D0000DF0D4FB0446BAF1000F00D16410791BCE
:10A9E0007BEB060005DA38460DF0C8FBA04200DA22
:10A9F0000446B8F1000F0CD001990398009A401A50
:10AA00006043029990FBF8F0891A614391FBF8F1D9
:10AA100001E000200146019A02EB0009009800EBDA
:10AA200001081198C0E9008915B0BDE8F08F000059
:10AA3000500A1000E40510003D051000900A1000B7
:10AA4000C60910002C0510001A0A1000220A100076
:10AA500047091000D46C01202DE9FF4F00278BB06F
:10AA600090463E463D463A46199C0AE0012864D08D
:10AA700053F832100F44514301FB0255521C0E444F
:10AA8000D2B2A242F2D3F84C206800906068CDE9BF
:10AA90000107E06803902069CDE90406A0690690EB
:10AAA000E069CDE9070568460DF022FD8246206881
:10AAB000CDE90007A0680290E068CDE9030660696F
:10AAC0000590A069CDE90605206A08908B46684686
:10AAD0000DF00EFD00970A9060680190A068CDE926
:10AAE0000206206904906069CDE90505E0690790D8
:10AAF000206A0890894668460DF0FAFCAAFB0876A1
:10AB00000D460BFB086104460C9B0A980022A0FB33
:10AB100003C80AFB021609FB038100FB021017EBB6
:10AB20000C014641081946EB05014FF475620023FC
:10AB300012F0A2FE0C9921B11CE003EBC20149689E
:10AB400098E7CA49096891F83113890612D50A981D
:10AB5000031849EB090113EB0A0341EB0B01AA00AF
:10AB6000A000181842EA947251414FF47552002324
:10AB700012F082FE189BC3E900AB189B0A9AC3E946
:10AB800002291899C1E904450FB04EE72DE9F04FAD
:10AB90000D4601F1300B01F1600401F1680901F18A
:10ABA0008008B249174685B0096891F8312302F050
:10ABB0001F06AF4A127812B191F8320304E0C08F39
:10ABC000400503D591F8A10300F01F0633B995F8AD
:10ABD0009810012230460DF0EAFDC6B2BE4201D9FE
:10ABE000781EC6B285F8986016FB06FACDE9009784
:10ABF0002B46524631460120FFF72EFF6060CDE91B
:10AC000000872B46524631460020FFF725FF974923
:10AC10002060096891F89A13C90712D0626801464A
:10AC2000CDF800B02B4603A8CDE90167FFF79DFEE4
:10AC3000DDE9030105EBC6025160616045F83600AD
:10AC4000206005B0F1E62DE9F041044600F1A005D1
:10AC500090F8400090460E4600074FF0050703D5D8
:10AC600094F84001012828D0A021284612F00BFFBB
:10AC700005EBC70071684160316845F837107168AD
:10AC80004163316801637F1EF2D20020C5E91A00DA
:10AC9000C5E91C00C5E91E00C5E92000C5E9220080
:10ACA000C5E92400D6E90001C5E918014246294654
:10ACB0002046BDE8F041012368E7182105F168004E
:10ACC00012F0E1FE182105F1800012F0DCFE94F88C
:10ACD000420101282FD194F845116448012902D07E
:10ACE000032915D027E094F8431151B9B4F84E1157
:10ACF00039B10068B0F8940C814202D2E089A4F81E
:10AD00004C01B4F84C016084B4F84A01208412E08C
:10AD100094F8431149B90068B4F84E11B0F8940C96
:10AD2000814202D2A089A4F84A01B4F84A012084E1
:10AD3000B4F84C01608494F8430101283AD0B4F986
:10AD40004C117068E962401A90FBF7F0B4F94C11AD
:10AD500000EB400201446962B4F94C1101EB40017F
:10AD6000E961B4F94C1111446961B4F94C1101EB7A
:10AD70008000E86070686860B4F94A113068A962C0
:10AD8000401A90FBF7F0B4F94A1100EB400201447D
:10AD90002962B4F94A1101EB4001A961B4F94A11E1
:10ADA00011442961B4F94A1101EB8000A8603068B0
:10ADB00028606AE75FF0000005EBC001B4F94C21A0
:10ADC0004A60B4F94A2145F83020B4F94C214A636D
:10ADD000401CB4F94A21C0B20A630628ECD354E7F8
:10ADE00070B50BE001EBC30474E90256C4E90256E6
:10ADF00000EBC30474E90256C4E902565B1EF1D1AC
:10AE0000D2E90034C1E90034D2E90012C0E90012ED
:10AE100070BD70B50C460546D2E90001C4E91801C1
:10AE20001E46214604F13000FFF7DAFF3246214684
:10AE30002846BDE870400023A8E600B585B0032190
:10AE4000049100224FF47561CDE90212009200F5E1
:10AE5000907300F5847200F1A00100F580700DF090
:10AE600088FB05B000BD0000E8051000500A100086
:10AE7000470910002DE9F843FE4E04460D463068A0
:10AE800017464FF0010990F8CF1D890614D5DFF859
:10AE9000E8C390F8D12D012B3BD090F8D23D00951E
:10AEA00090F8D01D94F9990100EB800808EB401050
:10AEB0000CEB800000F01AFC306890F80D0340069F
:10AEC00003D52946204600F07BFA3068B0F93210ED
:10AED000B5F902000DF01FFC68803068B0F934103D
:10AEE000B5F900000DF017FC2880306890F89A033F
:10AEF000800703D5286800F096FA286094F852017C
:10AF000003280FD0042811D0072820D008281ED0ED
:10AF100020E090F8D71D90F8D23D0A441944D2B2EF
:10AF2000CBB2BCE73988A4F84F1013E03068B4F80E
:10AF30004F2090F87B0300F00F01C1F110004A434D
:10AF4000398801FB00200009A4F84F0001E0B4F8A3
:10AF50004F003880C94A294604F1240000F01CFA49
:10AF60004846BDE8F8832DE9F74FC54982B04FF058
:10AF70000008C1F80080C149C24D4646C1F80080B2
:10AF800085F80080029FDFF8ECB24FF0010907F569
:10AF90008057DCE0D7F8C81909FA06F001427DD0E5
:10AFA00006EBC600C0EB8611029800EBC10494F8D2
:10AFB000520103280BD0042809D0072807D00828FD
:10AFC00005D0092803D00A2801D00B2866D1E068F3
:10AFD0000090B4F84D00ADF8040004F10C01A84A4B
:10AFE000081D00F0D9F901AA69462046049BFFF725
:10AFF00041FF8246DBF8000090F80C03400605D5BF
:10B0000069462046049A01F020F98246DBF80000E8
:10B0100090F80C03800604D569462046049AFFF791
:10B02000F0FBDBF80010584691F8D62312060CD539
:10B03000BAF1000F09D094F85221032A05D1628C8D
:10B04000ADF80220228CADF800208F4A127832B37E
:10B0500094F84020D20702D04FF0000A42E094F862
:10B060004021012A3ED1B4F92220B4F96C30D31A20
:10B0700000D55B4291F8B52D934209DCB4F920303C
:10B08000B4F96AC0B3EB0C0300D55B42934227DDF1
:10B09000226A009291F8B81D090701E056E021E00C
:10B0A0001ED07A49097801291AD16262BDF80020C0
:10B0B000BDF80210130202680902803192F8B8CD7F
:10B0C00080330CF00F0C01FB0CF10912ADF80210EB
:10B0D00092F8B81D01F00F014B431912ADF80010A2
:10B0E00084F8408194F85311032909D12978491C27
:10B0F000C9B2297094F84020D20701D0491E2970A6
:10B1000000996162BDF80410A4F84F10006890F82F
:10B11000FA09C00708D0BAF1010F17D169462046D5
:10B12000FEF7EFFD90B102E0BAF1010F0ED10098E9
:10B13000A061BDF80400A4F85100039894F8992187
:10B14000006809FA02F1084303990860761C97F930
:10B15000D409B042BFF61EAFDBF8000090F8700CC7
:10B1600000070ED529784A4829B14A4909780129AA
:10B1700001D180F80090D7F8CC19002901D180F8CE
:10B1800000805EE52DE9F05F93468A46064600277B
:10B19000DFF8E0904FF0010800F5805488E000BF30
:10B1A000D4F8C80908FA07F2104262D007EBC700CA
:10B1B000C0EB871006EBC00595F8520103280BD0B1
:10B1C000042809D0072807D0082805D0092803D06B
:10B1D0000A2801D00B286AD195F99921DAF80030B4
:10B1E00008FA02F10B4262D003280AD1104603F09C
:10B1F00005FD30B9BBF1000F03D12946304603F0FD
:10B20000CEFB95F8530104280AD195F8520107287E
:10B2100003D0082801D00B2802D1032085F8530160
:10B2200095F99A01002842DBD9F8000090F83B1DFF
:10B23000C90716D095F85211032912D1B5F9531048
:10B24000B0F83C0D81420CDA95F8B30148B91248C8
:10B250000078012805D80121E86803F03FFD85F852
:10B26000B38195F853110020012917D0042917D074
:10B2700017E01CE0500A1000F0290120040A100019
:10B28000000A1000FC091000CD091000580A100037
:10B290007909100078091000C6091000032000E0A9
:10B2A000052085F85401594628460CF0E7F97F1C23
:10B2B00094F9D409B842BFF673AF002743E000BF4A
:10B2C000D4F8C81908FA07F211423BD007EBC701BE
:10B2D000C1EB871106EBC10595F85211082902D080
:10B2E0000B2915D02EE095F89921DAF8001008FA0C
:10B2F00002F0014207D095F99A01002803DB2946A4
:10B30000304603F066FB2946304603F02AFB15E081
:10B3100095F89921DAF8001008FA02F0014211D0EC
:10B3200095F99A0100280DDBB5F84000294620F078
:10B330000800A5F84000304603F04BFB95F9990151
:10B3400003F051FC7F1C94F9D409B842B8DAD4F860
:10B35000C80920B194F8060AFF2802D2401C84F8DC
:10B36000060ABDE8F09F4349002008604249086092
:10B370004249087000F0B7B838B5054600200C46C1
:10B380000A46009069462846FFF7EDFD22466946C9
:10B390002846FFF7F7FE38BD10B514460DF0E3F967
:10B3A0002168814200DA206010BD4A68436809685C
:10B3B0000068D21A081A404302FB0200C117704706
:10B3C0007CB50D46B1F902100191B5F9001000915C
:10B3D00090F8521100F1A00403290ED0042911D0D5
:10B3E00006290FD00A290DD00C290BD00E2909D01F
:10B3F00007290DD008290BD00EE006226946FFF779
:10B4000022FC09E006236A462146FFF702FD03E01D
:10B4100006226946FFF711FDB4F864006880B4F8AD
:10B42000600028807CBD30B515490514096891F885
:10B430009D43B1F93220B1F93430A54201DC64F307
:10B440001F4091F89E43121B0414A24201DC62F3D8
:10B450001F4091F89F2304B2944201DC62F30F0075
:10B4600091F8A01302B2591A914201DC61F30F0066
:10B4700030BD0000000A1000040A1000E4051000AE
:10B48000500A100030B55D4C236893F8B83D1D0795
:10B490004B6803F1800343F30F2303D0584D2D78FD
:10B4A000012D05D04380096880310912018030BD2B
:10B4B00043800D6880352D120580538003881380EA
:10B4C00023684A6893F8B83D803203F00F035A436B
:10B4D000121242802268096892F8B82D803102F079
:10B4E0000F025143E1E770472DE9F04116460D4642
:10B4F000012B36D0414C216891F88523D3074FF0BA
:10B50000000204D091F886331B098360027391F81E
:10B510008513890700D502610746294600F05EF8C9
:10B52000206890F8B80D00071BD035480078012836
:10B5300017D168887080288830802168786891F8F1
:10B54000B81D803001F00F01484300126880216867
:10B55000386891F8B81D803001F00F01484300129F
:10B560002880BDE8F0812DE9FC4104461E461546C1
:10B570000F46684600F032F801992A46606800F0EC
:10B5800036F8606000992A46206800F030F82060A4
:10B59000324621463846FFF775FFBDE8FC812DE9AC
:10B5A000FC4104461E4615460F46684600F016F854
:10B5B00001992A46606800F01AF8606000992A46EE
:10B5C000206800F014F82060324621463846FFF724
:10B5D00059FFE2E70B460146184653E7B1F902204E
:10B5E00012024260B1F90010090201607047C2F115
:10B5F0001003504301FB030000117047500A100074
:10B60000580A10002DE9F04F9DB0044600200D901F
:10B610000E900F901090202112A812F034FA2021E1
:10B6200005A812F030FAD4E900E694F810A0E07B07
:10B63000217BD4F808B008B150464CE052460DAD1D
:10B6400005AF1CE008460CE002FB01033BF910C00B
:10B6500056F8233003FB0CF355F822C0634445F839
:10B660002230401EF0D2AAEB0200401EC0B255F8B4
:10B67000223007EBC0004FEAE37CC0E9003C521ED9
:10B68000E0D22AE012AB0A4603EBC00916E000BF85
:10B6900000FB01250EEBC503D3E900673BF912302F
:10B6A000A6FB03584FEAE37C07FB038306FB0C333E
:10B6B000D9E900767D195E41C9E90056521EE7D2EC
:10B6C000AAEB0002521ED2B205AED9E9003506EB54
:10B6D000C202C2E90035401ED4D2202205A904F1DD
:10B6E000110012F0EDF81DB0BDE8F08F2DE9F04F1C
:10B6F00095B00C4681469846174634216846DDF8D9
:10B7000078A012F0C0F9042C09D0082C09D0102C14
:10B710000AD0D9F80010CAF8001015B0E4E746487E
:10B7200003E04548603000E04448009001208DF877
:10B730000F0003200DA98DF810008DF80C40204655
:10B740008B46029106E0221A09EB820131F8022CA5
:10B750002BF81020401EF6D26846FFF753FFA7FBD8
:10B760000753DDF81120DDF81510A2FB050601FBDB
:10B77000056102FB03116422002312F07DF80E46DE
:10B78000DDF819100546A1FB070CDDF81D2000238C
:10B7900002FB07C201FB03210A2212F06DF80A46E0
:10B7A00029185641DDF82120DDF825008918464189
:10B7B000C80C40EA4630AAF802002046594606E086
:10B7C000231A09EB830232F8042C21F81020401EC2
:10B7D000F6D26846FFF716FFA8FB0843DDF8111004
:10B7E000DDF81520A1FB040502FB045201FB032137
:10B7F0006422002312F040F8DDF819300446A3FB60
:10B800000807DDF81D600D4606FB0871002203FBEA
:10B8100002110A22002312F02FF8231845EB01022F
:10B82000DDF82110DDF8250059184241C80C40EA26
:10B830004230AAF8000070E7100610003007100030
:10B84000704700002DE9F041044690F88400FF4E57
:10B8500000270D467F2852D104F10C01081D0CF081
:10B8600082FF0146204600F081FD40B284F884004A
:10B870000F2802DD0F2084F8840094F84000800730
:10B880003DD56888B4F96CC0B4F96A30A0EB0C00FF
:10B8900001B22888D4F86A20C4F85E20D6F800E007
:10B8A000C01A64229EF8DBE300B200291EFB01F1FE
:10B8B00091FBF2F101DD614401E0ACEB0101A4F880
:10B8C00064103168002891F8DB1311FB00F090FB45
:10B8D000F2F001DD184400E0181AA4F8620068884C
:10B8E000B4F86410401AA4F868002888B4F862100C
:10B8F000401AA4F86600306890F8DB03F0B394F9BE
:10B9000084006A88C0F1100111FB02F1B4F86C20C8
:10B9100010FB021040F30F10688094F84010890764
:10B9200010D5B4F96010884203DDB4F96420904268
:10B9300005DC884206DAB4F96410884202DAB4F809
:10B940006400688094F984002A88C0F1100111FB1A
:10B9500002F1B4F86A2010FB021040F30F102880A7
:10B9600094F84010890724D5B4F95E10884203DDAD
:10B97000B4F96220904207DC884200E02DE00ADA48
:10B98000B4F96210884206DAB4F86200288094F8AC
:10B99000400080070DD5B5F90000B4F96210884267
:10B9A00007D1B5F90200B4F96410884201D184F8D6
:10B9B0008470316894F8840091F8DD1301F00F0170
:10B9C000401A40B284F88400002801DA84F88470B8
:10B9D0002868C4F86A00BDE8F08184F8847001200A
:10B9E00084F88200F7E72DE9F047884605460127ED
:10B9F00090F88410384671B195F8821001290AD068
:10BA00000322414605F16E000CF08DFE95F883008F
:10BA1000012804D05DE085F88200BDE8F0878C48FD
:10BA20008A4EDFF8309240780028306806D090F8CF
:10BA3000E01390F8E10361F31F4416E090F8DE1381
:10BA400090F8DF0361F31F4499F8001060F30F04CE
:10BA500029B199F8030060F31F4460F30F047E4896
:10BA6000017821B1C07860F31F4460F30F0405F141
:10BA70006A004146221412FB02F214FB04240CF06B
:10BA800072FE0023A0421EDC316899F8002091F874
:10BA9000D90302B1400095F84020120704D591F86F
:10BAA000D80300EB8000400010B1AA6A82420AD895
:10BAB00091F80C03000600D40027D5F86A00C8F8F6
:10BAC00000003846A9E785F8833095F984000028FE
:10BAD000F7DD41462846FFF7B5FEF2E72DE9FF4FB7
:10BAE00081B00446B0F97010029800271D46B0F9E5
:10BAF00002001646081A00D5404200B2FF210CF0A1
:10BB000035FB0FFA80F994F98500002808DD4F49CC
:10BB1000096891F8262D49460CF0C9FC0FFA80F906
:10BB200084F885900298B4F96E10B0F90000081AF4
:10BB300000D5404200B2FF210CF018FB0FFA80FA4A
:10BB400094F98600002808DD4049096891F8262DFF
:10BB500051460CF0ACFC0FFA80FA3D4884F886A000
:10BB60004078C0B1DFF8E480D8F8000090F8211DDB
:10BB7000009190F8EA3390F8242D90F8231D484660
:10BB800000F025FC3080D8F8000090F8221D0091CC
:10BB900090F8EB33A3E02F49087818B92E4A1278B1
:10BBA000002A77D02D4A1278012A18D9DFF89C8014
:10BBB000D8F8000090F8B21D009190F8B03D90F8D0
:10BBC000242D90F8231D484600F001FC8346D8F848
:10BBD000000090F8B31D009190F8B13D2FE0C8B17E
:10BBE0001A48CB7900930068884690F8242D90F885
:10BBF000231D484600F0EBFB8346144898F80730B5
:10BC00000093006890F8242D90F8231D504600F012
:10BC1000DEFB804610480178B9B18046C3790B48F5
:10BC20000093006890F8242D90F8231D484600F0FA
:10BC3000CEFB8346054898F807300093006890F8DB
:10BC4000242D90F8231D50460AE00CE0500A100005
:10BC5000900A10001A0A1000220A1000C6091000EB
:10BC600000F0B5FB8046FE48016891F8B41D91B123
:10BC7000B4F8422002FB0BF292FBF1F13180006834
:10BC8000B4F8421090F8B40D01FB08F191FBF0F00C
:10BC9000288004E00BE0A6F800B0A5F80080DFF8EB
:10BCA000C0B3DBF80000B0F892334BBB1FE0DFF805
:10BCB000B083D8F8000090F81F1D009190F8E83389
:10BCC00090F8242D90F8231D484600F080FB30802A
:10BCD000D8F8000090F8201D009190F8E93390F812
:10BCE000242D90F8231D504600F071FBD0E7B0F8EA
:10BCF000941329B9B0F8961311B9B0F8981399B301
:10BD0000B4F90E20B4F90C10934210DC438EB0F855
:10BD10009483A3EB0803934209DBB0F896238A428D
:10BD200005DC828EB0F89833D21A8A421CDA90F879
:10BD30002A1D009190F8283D90F8242D90F8231D9D
:10BD4000D846484600F043FB3080D8F8000090F811
:10BD50002B1D009190F8293D90F8242D90F8231D7B
:10BD6000504600F034FB288004F16E0002990CF07C
:10BD7000FAFC0246DBF8000090F8253D13FB03F3C4
:10BD80009A421CDD90F8233D4B4507DD328890F840
:10BD9000270D10FB02F0001230800127DBF80000B5
:10BDA00090F8232D524508DD298890F8270D10FBC7
:10BDB00001F00012288047F0020747F0030705B0A2
:10BDC0003846BDE8F08F2DE9FF5F0446012003905F
:10BDD0000D464FF0000901AB6A462046FFF77EFE94
:10BDE00002900322294604F16E000CF09CFC94F8AA
:10BDF0004000DFF86CA2000717D594F84201012833
:10BE000013D1DAF80000A16A90F8F00381420CD255
:10BE10006888B4F86C10401AB4F87E100844A4F88E
:10BE20007E002888B4F86A100BE06988B4F87400C2
:10BE3000081AB4F87E100844A4F87E002888B4F8E4
:10BE40007210DFF820B2401AB4F880100844A4F849
:10BE50008000029840B9B4F97E00002800DA404220
:10BE6000BDF9001088427DDDB4F97E00BDF90010F7
:10BE70004FF00109002804DD411A00200CF07AF986
:10BE800003E0014400200CF071F934F87E1F00B289
:10BE9000091A24F8121956462188084400B2208055
:10BEA000DAF80010B1F932100CF035FC24F86C0906
:10BEB000B5F902108646081A03B2002B01DB1846BA
:10BEC00000E05842BDF9002090427DDDB4F97420B5
:10BED000891A00D549420AB2316891F88563B607DC
:10BEE00039D594F855610EB1ABF80220BBF9028048
:10BEF000B2EB080691F8886302D506F00F0600E061
:10BF00003609DFF864C191F864769CF800C0BCF192
:10BF1000000F06D1DFF854C19CF800C0BCF1000F3F
:10BF200001D091F86A76B4F842C0BC4509D9D4F87A
:10BF30009860961B91F86C6602D506F00F0600E03B
:10BF40003609C6F1100718FB06F612FB076242F32A
:10BF50000F12ABF8022091F8EE6391F8EFC391F85D
:10BF6000EC7300E040E0DFF8008198F80080B8F161
:10BF7000000F06D1DFF8F48098F80080B8F1000FC8
:10BF800008D03B480078012802D991F8B70D01E0AC
:10BF900091F8ED03B24201DBB44501D138460AE025
:10BFA000624508DC921BC01B4243ACEB060092FBCF
:10BFB000F0F0384400B2B4F87E2012FB03F2002AFD
:10BFC00007DD002B02DC00E00BE040427044A4F8E7
:10BFD0006C00B1F93210B4F96C000CF09CFBA4F8C1
:10BFE0006C00029800BB16E0DAF80010B4F970009B
:10BFF000498E884203D1B4F974208A4203D050B9E3
:10C00000B4F8741039B9B4F96C10814203D0A4F8B3
:10C010006C004FF00109B4F98000002800DA4042BA
:10C02000BDF90410884275DDB4F98000BDF9041033
:10C03000002804DD411A00200CF09CF803E00144C4
:10C0400000200CF093F834F8801F00B2091A24F88D
:10C05000161956462188084400B220800AE00000E4
:10C06000500A1000B00810001A0A1000220A10002E
:10C07000C6091000DAF80010B1F934100CF04BFBCF
:10C0800024F86A09B5F900108146081A07B2002F92
:10C0900001DB384600E07842BDF9042090427DDDA6
:10C0A000B4F97220891A00D549420AB2316891F870
:10C0B00085339B073AD594F855310BB1ABF8002086
:10C0C000BBF90080B2EB080391F8883302D503F086
:10C0D0000F0300E01B09DFF820C391F864669CF8A9
:10C0E00000C0BCF1000F06D1DFF810C39CF800C0FF
:10C0F000BCF1000F01D091F86A66B4F842C0B445B3
:10C100000AD9D4F89830D31A91F86C3603D503F0D5
:10C110000F0301E04DE01B09C3F1100618FB03F308
:10C1200012FB063242F30F12ABF80020DFF8C88290
:10C1300091F8EE3391F8EFC398F8008091F8EC6332
:10C14000B8F1000F06D1DFF8B48298F80080B8F19A
:10C15000000F08D0AA480078012802D991F8B70D3D
:10C1600001E091F8ED039A4201DB9C4501D1304694
:10C170000AE0624508DCD21A801B4243ACEB0300A4
:10C1800092FBF0F0304400B2B4F8802012FB07F2CA
:10C19000002A07DD002F00DC404200E028E0484490
:10C1A000A4F86A00B1F93410B4F96A000CF0B3FADB
:10C1B00012E0DAF80020B4F96E00918E884203D1C3
:10C1C000B4F972308B4203D048B9B4F8721031B967
:10C1D000B4F96A10814202D0A4F86A0008E0B9F10B
:10C1E000000F05D192F80C03000601D40020039043
:10C1F000D4F86A002860039804B0BDE8F09F10B539
:10C20000044690F8520104281ED194F840004007DB
:10C210001AD404F10C01081D0CF0A5FA0146794866
:10C22000006890F8DA0310FB00F2B4F8400043070E
:10C230000AD4914202DA40F0020003E020F002004A
:10C2400040F00400A4F8400010BD2DE9F04117466D
:10C250000E4604460125FFF7D2FF94F85201032849
:10C2600004D004280AD0082828D02AE03A463146CB
:10C27000204600F02CF827B3002525E0614F3868F0
:10C2800090F8D603800709D531462046FFF7ABFB6F
:10C29000054694F88200012803D00CE0012084F8C0
:10C2A0008200386890F8D603C00704D03146204693
:10C2B000FFF789FD0546012D03D005E0D4F87A008B
:10C2C00030603068C4F87A002846BDE8F08170B567
:10C2D0000D460446012A02D02868C4F86A000322E9
:10C2E000294604F16E000CF02BFA4648026892F8D9
:10C2F000D60381074FF000002CD543490E78012169
:10C300007F230EB394F8406036071DD594F843613F
:10C31000012E12D084F8820084F8831084F88430CF
:10C320006988B4F86C30C91AA4F868102988B4F880
:10C330006A30C91AA4F866100CE084F8821084F8F8
:10C34000830084F8840005E084F8820084F8831078
:10C3500084F8843092F8D613C90703D0A4F87E007D
:10C36000A4F8800004F8850F607070BD274810B5F0
:10C370004378244802689BB192F8E70392F8E433CB
:10C3800000F00F04000913FB03F392F8E52300BF4C
:10C3900012FB02F2994202DD91420DDB204610BDF4
:10C3A00092F8E60392F8E23300F00F04000913FB61
:10C3B00003F392F8E323EBE79A4200D1521CC91A27
:10C3C000041B6143D21A91FBF2F1401A10BD10B563
:10C3D0008842029C01DB8A4201D1184610BD90427E
:10C3E00001DD204610BD401AE41A6043511A90FB4B
:10C3F000F1F0184400B210BD1A0A1000220A100011
:10C40000C6091000500A1000CD091000900A100053
:10C41000FFB581B01E461546044600231A466946FC
:10C4200002A80A9F0CF0DCF90120B04047B1BDF929
:10C430000010A94210DAA1680143A16005B0F0BD67
:10C44000BDF90210A94203DA216801432160F5E732
:10C45000616801436160F1E7E1680143E160EDE794
:10C4600030B50124039D9C4035B1091491420EDA88
:10C4700081682143816030BD09B2914203DA0168CD
:10C480002143016030BD41682143416030BDC16836
:10C490002143C16030BDFD48B0F96610B0F962209B
:10C4A000914205D1B0F96E10B0F96A00814201D015
:10C4B000012070470020704730B5B0F90030B0F966
:10C4C0000240F348F149C578F248AC31026892F86D
:10C4D000850C21F8800F6DB1558E2D1A4D80A0422C
:10C4E00014DC518E091AA14210DB98420EDC918EA9
:10C4F000081A09E0928E101A4880E448B0F98010BA
:10C50000994203DCB0F98200984201DA012030BD83
:10C51000002030BD2DE9F84F91460646DDE90A724C
:10C52000DDE90CCA887900250C46032835D2D948A4
:10C53000DFF85C83006890F87A1C2181D8F81480B9
:10C54000B8F1000F04DD90F87B8CA1EB080121818C
:10C55000B0F87C0C316B81421DDD4946BAF1000F09
:10C56000DBB23846CDF800C002D0FFF779FF01E01A
:10C57000FFF74EFFA079401CC0B2A071032806D07F
:10C58000C549B6F95500B1F90010884205DD032010
:10C59000A071012501E00020A0712846BDE8F88FB8
:10C5A0002DE9F0410446BD480078002860D0B94824
:10C5B000006890F8700CC0065AD594F99A010028CA
:10C5C00056DA94F84000800652D4A08F0027C004A9
:10C5D00000D5012704F10C00FFF76EFF0646B4F802
:10C5E00040004FF0020C41064FF003084FF00105E8
:10C5F0001DD53E430CD084F852C140F00100A4F890
:10C60000400094F85601032821D284F856811EE098
:10C6100020F0410040F02800A4F84000002204F57A
:10C62000A571204601F040FF84F842510FE004F16B
:10C630002000FFF741FF012801D1012E1AD0B4F8E4
:10C64000400020F0400040F02000A4F8400094F8A2
:10C65000400040060CD594F85A0185408C48816909
:10C660000D4385618E4810F87D1F41F00401017073
:10C67000BDE8F081002FEAD0B4F8400040F041005E
:10C68000A4F8400084F852C194F85601032801D25E
:10C6900084F85681122104F5A07011F0F4F9E068D5
:10C6A000C4F84A0184F84551D1E70FB42DE9F84F99
:10C6B0001C46DDE90E87DDE910A90D46164600236C
:10C6C0001A4669460AA8DDF848B00CF089F8BDF9A9
:10C6D00002002914884202DB3114884217DBBDF9BD
:10C6E00000103AB2914203DB0FFA8AF291420EDB5C
:10C6F0002214904203DD4FEA2842904207DD0FFAF0
:10C7000089F0814208DD0FFA8BF0814204DC0120C0
:10C71000BDE8F80F5DF814FB0020F9E711B581B012
:10C72000002423462246694601A80CF059F85749CF
:10C73000BDF90220B1F98C0082420FDBB1F9900003
:10C7400082420BDCBDF90000B1F98A30984205DB6A
:10C75000B1F98E30984201DC01243AE0B1F994003D
:10C7600082420FDBB1F9980082420BDCBDF9000078
:10C77000B1F99230984205DBB1F99630984201DC6C
:10C78000022426E0B1F99C0082420FDBB1F9A0003F
:10C7900082420BDCBDF90000B1F99A30984205DB0A
:10C7A000B1F99E30984201DC042412E0B1F9A400F2
:10C7B00082420EDBB1F9A80082420ADCBDF900001A
:10C7C000B1F9A220904204DBB1F9A610884200DC46
:10C7D000082420461CBDF1B582B000242346224621
:10C7E000694602A80BF0FCFF2849BDF90220294840
:10C7F000B1F98C309A4216DB0368B1F9905093F886
:10C80000E06B354495420EDBBDF90050B1F98A600A
:10C81000B54208DBB1F98E6093F8E13B3344AB429B
:10C8200001DB012455E00068B1F9945090F8E03B39
:10C83000ED1A954212DCB1F99850AA420EDCBDF90E
:10C840000050B1F99260B54208DBB1F9966090F8FA
:10C85000E17B3E44AE4201DB02243AE0B1F99C5058
:10C86000AA421FDBB1F9A0501D4495421ADBB1F971
:10C870009A5090F8E16B2E44BDF90050AE4211DCA5
:10C88000B1F99E60B5420DDC042422E0B42810000A
:10C89000B4081000500A100064091000CD091000FF
:10C8A000D46C0120B1F9A450EB1A934211DCB1F918
:10C8B000A8309A420DDCB1F9A22090F8E10B121ACF
:10C8C000BDF90000824204DCB1F9A610884200DC08
:10C8D00008242046FEBDF1B5F84FF94E82B0386805
:10C8E0000024B0F8135D3078F0B37078E0B302281C
:10C8F0003DD001F0ECFD012839D100231A466946EC
:10C9000002A80BF06DFF3968BDF90200B1F8152DD2
:10C91000904205DABDF90030AB4201DA01241CE097
:10C920008B8E9B1A834205DABDF90070AF4201DAA3
:10C93000022412E0904207DA4F8EBDF900207F1BDF
:10C94000BA4201DD042408E0834206DA498EBDF9CB
:10C950000000491B884200DD0824707848B1012896
:10C960000AD002280BD000E001E003280AD0002002
:10C97000FEBD24F00300FEBD24F00A00FEBD24F03D
:10C980000C00FEBD24F00500FEBD2DE9F04104467B
:10C99000B0F90E0001F0EFFDCA48C849C278002A7C
:10C9A000B4F90E202AD00968B1F8EE5CAA4224DB63
:10C9B000B1F8F03C9A4220DCB4F90C60B1F8F27C9A
:10C9C000BE421ADBB1F8F47CBE4216DCA46A91F8D0
:10C9D000F71C8C4211D801898C0705D0EC18B2EBFA
:10C9E000540F01DD032107E011F00C0F05D0E91809
:10C9F000B2EB510F01DC0C21818039E60868B0F8F8
:10CA0000EE1C8A42F9DBB0F8F01C8A42F5DCB4F97E
:10CA10000C10B0F8F22C9142EFDBB0F8F42C9142FC
:10CA2000EBDC90F8F70CA16A8142E6D8BDE8F04152
:10CA300001F091BD70B50546A348A04E00240078D2
:10CA400010B1A248007830B1306890F8700C8006C0
:10CA500001D4002070BDE868FFF760FE28B130689F
:10CA6000012490F8A50C85F8A501204670BD2DE99C
:10CA7000F047924D00242A6892F8ED3C9E0790F80A
:10CA8000A23119D53BB990F8A361A6B392F83170E1
:10CA90007F1EBE4230D092F83060761EB34202D183
:10CAA00090F8A3713FB3B34206D192F8316090F889
:10CAB000A371761EB7421FD0AA4692F8AF7C92F8B7
:10CAC000B06C92F8B15CB0F853C01CFB05F54FF0A8
:10CAD000640C95FBFCF52DB24D4395FBFCF10DB2BA
:10CAE0007B49B342D1F800C008D290F8A311B942F3
:10CAF00004D200210FE0FFE701243CE0B34212D250
:10CB000092F8311090F8A3818946C91B88450ADB49
:10CB1000A9F10100C1B2604611F092F9B0F900002C
:10CB2000A842E9DC27E092F83010D046891B8B42FE
:10CB30000ADB90F8A361BE4206D20021604611F0E4
:10CB40007FF9D8F800100FE056468B4213DB90F8BF
:10CB5000A31192F83100C21B91420CDB401EC1B2FE
:10CB6000604611F06DF9316891F8301000EB41002A
:10CB700030F9020CD4E72046BDE8F0872DE9F05FDC
:10CB80004FF0FF0A4FF000090646D0464F4690F896
:10CB90005B502EE04E48E9B2006811F051F983462F
:10CBA00096F8594020E000BF44483BF91410006853
:10CBB000B0F8F90C814216DD214650460BF0CEFA52
:10CBC00000F0FF0A214648460BF0CCFA00F0FF09BE
:10CBD000294640460BF0C2FA00F0FF0829463846C5
:10CBE0000BF0C0FAC7B2641C96F85A00A042DBD220
:10CBF0006D1C96F85C00A842CCD2A9EB0A00A7EB0A
:10CC00000801C2014B1CC901401C803191FBF0F0AE
:10CC1000803292FBF3F2294992B280B20968B1F8EE
:10CC2000FD3C934203D3B1F8FF1C814202D20120A4
:10CC3000BDE8F09F0020FBE72DE9F047254ADFF82B
:10CC40007C80234C1378D8F80060234A90F8A251D6
:10CC5000B6F9FBAC0021127827684FF00109B5EB5B
:10CC6000530F0CD290F8A3C1BCEB520F07D2384639
:10CC700011F0E6F8018840880D18012117E0B5EBA6
:10CC8000530F2BD290F8A3C1BCEB520F26D396F8CA
:10CC90003100401EC1B2384611F0D2F801884088F8
:10CCA0000D18D8F8000090F83100801EC1B220683D
:10CCB00011F0C6F8008828445CE00000500A10001B
:10CCC000180A1000B40810001A0A1000220A1000F6
:10CCD000E8091000B9091000B8091000B5EB530FAE
:10CCE00020D390F8A3C1BCEB520F1BD200213846D1
:10CCF00011F0A6F8D8F80010464691F8301000EB75
:10CD0000410030F8021C30F8040C0D180121206895
:10CD100011F096F8316891F8301000EB410030F8CE
:10CD2000020CC8E7B5EB530F25D390F8A301B0EB85
:10CD3000520F20D396F831004546401EC1B2384606
:10CD400011F07EF8296811F8302F00EB420030F81E
:10CD5000022C30F8040C16184878801EC1B22068E6
:10CD600011F06EF8296891F8301000EB410030F8AE
:10CD7000020C304401B2514501DA4FF00009484637
:10CD8000FAE6F0B5044685B00025D0F84A0101F076
:10CD900051FC10B1002005B0F0BDFE4EFE48FF4F23
:10CDA000F1780029D0E91212CDE90312D0E910126E
:10CDB000CDE901120146C968009190E80E00E068D3
:10CDC00020D0FFF772FCA0BB3868B0F8EA1CB0F8BE
:10CDD000E80C091AB4F8480181422ADD48B3D4F8B6
:10CDE0004A01FFF79BFC012801D0022802D1B1883B
:10CDF00003291ED0042801D0082819D1B0880C2896
:10CE000017D015E0FFF751FC98B93868B0F8EA1C64
:10CE1000B0F8E80C091AB4F84801814209DD40B1C4
:10CE2000D4F84A01FFF77AFC10B1F188014200D131
:10CE300001252846AFE7F0B5044685B00025D0F8B7
:10CE40004A0101F0F7FB08B10020A4E7D14FD24816
:10CE5000D24EF9780029D0E91212CDE90312D0E9B7
:10CE60001012CDE901120146C968009190E80E0048
:10CE7000E06820D0FFF719FC88BB3068B0F8EA1CE6
:10CE8000B0F8E80C091AB4F84801814227DD30B344
:10CE9000D4F84A01FFF79FFC012801D0022802D1F3
:10CEA000B98803291BD0042801D0082816D1B888D6
:10CEB0000C2814D012E0FFF7F8FB80B93068B0F806
:10CEC000EA1CB0F8E80C091AB4F84801814206DD02
:10CED00028B1D4F84A0101F042FB00B901252846E7
:10CEE00059E770B50546FFF719FC04462846FFF7D9
:10CEF000F2FC204317D0A749CA888243CA800A8916
:10CF000082430A814A8982434A818A8982438A818B
:10CF1000CA898243CA81012806D0022804D08888A1
:10CF200020F00C00888070BD888820F00300F9E7AD
:10CF300070B5984B0025DB78BBBB994B1B78A3BB26
:10CF4000984B1B788BBB954B04141B68B3F8E06DB2
:10CF5000B4422BDBB3F8E26DB44227DCB3F8E44D06
:10CF600000B2A04222DBB3F8E63D98421EDC00206E
:10CF7000012401F5805313E0D3F8C85904FA00F2F4
:10CF800015420CD000EBC002C2EB801201EBC202D2
:10CF900092F8455102F5A072012D00D11471401C88
:10CFA00093F9D4298242E7DA70BDFFE71571FBE7F8
:10CFB0000FB42DE9F84300241D460E4617462346BC
:10CFC0002246694608A8DDF830800BF009FCBDF95F
:10CFD0000200311488420ADB3914884207DABDF9AD
:10CFE000001032B2914202DB3AB291420FDD2914B5
:10CFF00088420DDD4FEA2841884209DCBDF9000076
:10D0000029B2884204DB0FFA88F1884200DC01244F
:10D010002046BDE8F8035DF814FB0FB42DE9F84392
:10D0200000241D460E46174623462246694608A898
:10D03000DDF830800BF0D4FBBDF9000031B288423E
:10D040000ADB39B2884207DABDF902103214914284
:10D0500002DB3A1491420FDD29B288420DDD0FFA4E
:10D0600088F1884209DCBDF902002914884204DBFA
:10D070004FEA2841884200DC01242046C9E72DE917
:10D08000F04F83468BB00020424C03908246A06153
:10D0900020460D460078E278411EC9B212B128B18F
:10D0A000217003E010B1217001F055FAFFF7F3F998
:10D0B000A046E07000260BF580574FF001099FE273
:10D0C00009FA06F0D7F8C819029001426ED006EBB3
:10D0D000C600C0EB86110BEBC10404F5A0700590EF
:10D0E0002046FFF75DFAB4F8401048065ED4E068C9
:10D0F0000190079094F85201012806D0022804D02C
:10D10000C9077DD004287CD072E22749B4F95320A6
:10D11000B1F900108A4249DB012805D11221059896
:10D1200010F08FFC84F8B4A12046FFF783FC01289F
:10D1300015D01B48007810B11A48007828B117485C
:10D14000006890F8700C800674D5E068FFF7C3FBA8
:10D1500068B31248006890F8A50C84F8A501204631
:10D16000FFF768FC01280AD164212046FFF77FFC05
:10D1700001284AD02046FFF701FD012848D00620AB
:10D1800005994871B4F8400040F00100A4F840004F
:10D1900005980DE0B4081000B4281000500A1000E3
:10D1A0001A0A1000220A10007409100041E041E040
:10D1B000E168C0F80A1005993346204681F80390CB
:10D1C000F649096891F89D1C0095CDE90119CDF843
:10D1D0000C90079A0599FFF79DF90390EF480068B6
:10D1E000B0F8EA1C05980181E068FFF797FA20B1D2
:10D1F000B8F808200243A8F8082094F8451101E087
:10D20000D2E1CBE0072905D009E0052184F8A61179
:10D210000720B5E7B8F80A200243A8F80A20E0681A
:10D22000FFF759FB002804D0B8F80E200243A8F8F5
:10D230000E20E4E1DA48C0680090D94890E80E007A
:10D240000798FFF7B5FE50B9D548C06C0090D44898
:10D25000403090E80E000798FFF7DFFEB0B3B4F857
:10D26000400040F00100A4F840000598E168C0F8D3
:10D270000A10CB48C0680090C94890E80E00079893
:10D28000FFF796FE80B1C64933462046B1F9061035
:10D290000095CDE9011ACDF80CA0079A0599FFF782
:10D2A00039F9022103900EE0BD4A01A83346B2F9D4
:10D2B0004420009580E804062046079A0599FFF768
:10D2C00029F9042103900598417198E1FFE7B448DA
:10D2D000C06A0090B248203090E80E000798FFF72F
:10D2E00067FE50B9AE48C06E0090AD48603090E81F
:10D2F0000E000798FFF791FEF0B3B4F8400040F03D
:10D300000100A4F840000598407918B90598E16833
:10D31000C0F80A100599A24881F80590C06A0090EB
:10D320009F48203090E80E000798FFF741FE90B12B
:10D330009B4933462046B1F926100095CDE9011AE4
:10D34000CDF80CA0079A0599FFF7E4F8039005982B
:10D3500080F8059053E1924801A93346B0F94400A2
:10D36000009581E801062046079A0599FFF7D2F853
:10D3700003900320059900E001E048713FE1059822
:10D3800080F805A028690299084328612046FFF724
:10D39000FCFA5946E068FFF7CBFD30E1059840798B
:10D3A000072838D17D48006890F8B21C2046FFF766
:10D3B0005EFB01280BD02046FFF73EFC012806D07B
:10D3C00094F8A60150B1401E84F8A60123E07348EA
:10D3D000006890F8121D84F8A6111CE0059906203B
:10D3E00048710598D0F80A00FFF798F90090059861
:10D3F000D0F80A00FFF76FFA0099084304D0B8F894
:10D400000A208243A8F80A2005980089012802D83A
:10D410000599A1F8089005984079062820D105982B
:10D420000089012830D92046FFF7A8FB012813D135
:10D430000598D0F80A00FFF771F968B1059907203F
:10D4400048710598D0F80A00FFF768F920B1B8F8DC
:10D450000A200243A8F80A2005984079062813D02C
:10D460000598407907280FD04D48C06A00904C4875
:10D47000203090E80E000798FFF79AFDE8B3059872
:10D48000407903286ED0B3E0E068FFF747F918B998
:10D49000E068FFF720FA30B14048006890F8A51C1A
:10D4A00084F8A51105E094F8A50170B1401E84F838
:10D4B000A5013A48CDF80090F3B200680799B0F999
:10D4C0009E2C2846FEF7CCFF92E03548C06A0090BB
:10D4D0003348203090E80E000798FFF769FDB8B197
:10D4E0002F4933462046B1F926100095CDE9011A9F
:10D4F000CDF80CA0079A059900E037E0FFF70AF88D
:10D500000599039081F80590059981F8109023E022
:10D510002348C06E00902248603090E80E000798C3
:10D52000FFF77BFD88B11E4901A83346B1F96410AD
:10D53000009580E802062046079A0599FEF7EAFF63
:10D54000059903900320487106E02969029A114366
:10D550002961144981F800900598D0F80A00FFF776
:10D56000C0FC45E0059981F8059011E00C48C06EBB
:10D5700000900B48603090E80E000798FFF74DFDD3
:10D58000B0B305984079012832D10599032048713C
:10D590000598E168C0F80A102AE00000500A10005F
:10D5A000B42810007A091000FE48C06A0090FD48B7
:10D5B000203090E80E000798FFF7FAFCC0B9F94850
:10D5C000C06E0090F748603090E80E000798FFF7B3
:10D5D00024FD68B92969029A204611432961F2495C
:10D5E00081F80090FFF7D1F959460198FFF7A0FCA8
:10D5F00094F85201052802D1204600F0DBFF761C8A
:10D6000097F9D409B042BFF65BADE848006890F8DE
:10D61000700C800703D5D8F81800F9F706FED8F883
:10D620001810404611B180F8029001E080F802A085
:10D6300029686B68AC68EA6841EA030644EA0207B5
:10D640003E432E6901D02EB106E02EB1022688F8A5
:10D65000016001E088F80190D5480668B14329606F
:10D6600041688B436B6081688C43AC60C068D14972
:10D670008243EA6028690978084305D1C949AC2288
:10D68000AC31C84810F0A3F903980BB0BDE8F08F97
:10D690002DE9F34FA1B0C84800241B94407801281D
:10D6A00021D122980069F0B1BE48D0E90421CDE92A
:10D6B0000912D0E9061213920891D0E90C12904693
:10D6C0000791D0E90E1293460591D0E91421CDE9D6
:10D6D0000C12D0E9161214920B91D0E91C16049189
:10D6E000D0E91E101DE0AF48D0E90021CDE90912B4
:10D6F000D0E9021213920891D0E9081290460791DE
:10D70000D0E90A1293460591D0E91021CDE90C1217
:10D71000D0E9121214920B91D0E918160491D0E9B5
:10D720001A10219F89468246002507F58057E6E2B8
:10D730000120A840D7F8C8191090014221D005EB6C
:10D74000C500C0EB8511219800EBC1000E90B0F828
:10D750004000410615D4C00714D00E9800F5A07003
:10D760000F900E98C06801900E9890F85201012811
:10D770000CD002280AD0042813D005287ED0062811
:10D780007DD0BBE2884901200870B7E214221CA8B2
:10D79000229910F095F814221CA8229910F090F804
:10D7A000ACE20F98B0F90C100E98B0F90E00081A00
:10D7B00000D5404201B20F98B0F90A200E98B0F996
:10D7C0000C00101A00D5404200B271B1774A1268BD
:10D7D00092F83620D20703D0890191FBF0F002E0E5
:10D7E000800190FBF1F080B200E000200F99C88129
:10D7F0000F9840790090012801D003280ED1694884
:10D80000D0E90C1290460791D0E90E120591D0E9AB
:10D810001C160491D0E91E909346824614221CA83F
:10D82000229910F04DF80F980089012846D10098F0
:10D83000062846D15B48C06800905A4890E80E0020
:10D840000198FFF7B5FB012838D05648C06C00900E
:10D850005448403090E80E000198FFF7DEFB0128A5
:10D860002CD05048C06A00904E48203090E80E00FE
:10D870000198FFF79DFB012820D001E0B2E10CE206
:10D880004848C06E00904748603090E80E0001980C
:10D89000FFF7C3FB012811D00E98FFF772FA40B1D1
:10D8A0002298109A016901201143229A11613E4980
:10D8B00008700F98D0F80A00FFF713FB0F98008943
:10D8C00020B10F980F990089401E08813B480088BD
:10D8D00018B10F990020088102E00F98008958B90B
:10D8E0000F984079062807D0072805D00E9890F8A1
:10D8F0005A1101208840044314221CA822990FF0D9
:10D90000DFFF0F98807903281ED20F990989D9B1BA
:10D910000E990A6B25490968B1F87C1C8A4210DD12
:10D92000401C0F99C0B20328887107D00E98244973
:10D93000B0F95500B1F90010884205DD01201B90B7
:10D9400002E00F99002088710F98407906280BD0CB
:10D95000072809D013980090DDE90921089B019858
:10D96000FFF726FB70BB60E022981099006908421F
:10D970004FD00E48006890F8011D11FB01F1B0F87E
:10D98000EA0C6422404390FBF2F048430F99109058
:10D990000A3101A800910AF0E6FE01461098814282
:10D9A0001AD210E0B42810007A091000500A1000B2
:10D9B0000C2A1000FC091000B4081000B009100077
:10D9C000640910003AE0012201A90E9800F06CFDF4
:10D9D0000E98019901620BE0002200990E9800F068
:10D9E00063FDFD48006890F8DD1D0E9880F8B411C5
:10D9F0000F99002048710E98B0F8400020F0050003
:10DA000040F008010E98A0F840100F99012088708E
:10DA100074E101200090F048EBB201990068B0F980
:10DA20009E2C2298FEF71CFD68E11498DDE90C217C
:10DA300000900B9B0198FFF7F0FA08B300231A46F9
:10DA40000EA901A80AF0CCFE13980090DDE9092187
:10DA5000089B0198FFF7ACFA40B10F980221EBB296
:10DA60004171002000900998021407E00F980421EA
:10DA7000EBB24171012000900C9802B20E996DE05A
:10DA8000CDF800B04246059B07990198FFF790FA40
:10DA900040B94B463246CDF800A004990198FFF7F3
:10DAA000BCFAE8B30F984079022802D0042804D0C9
:10DAB00006E00F990120487102E00F98032141719F
:10DAC0000F98407868BBDDE90E010C300090C34828
:10DAD0000A31D0F8840019900E98159090F84501FD
:10DAE00001283FD000980AF03EFE199988420EDDC9
:10DAF00001220099159800F0D7FC1598B0F8400065
:10DB000020F0050040F008011598A0F840100E988C
:10DB100090F84000000712D50E9890F85A1101E0D5
:10DB20002EE00CE00120884084430F98007C30B147
:10DB3000A948006890F8DD1D0E9880F8B411002304
:10DB40001A4610A901A80AF04BFE0F984079012847
:10DB500010D00120EBB232B2009010992298FEF75B
:10DB600057FCCBE00098B1F90210B0F90200081A96
:10DB70004043BAE70020EBB24FEA28420090ECE7BE
:10DB80002298109900220069084322990861DDE972
:10DB90000E010A3100F088FC0E98B0F8400020F029
:10DBA000050040F008010E98A0F840100F990120E0
:10DBB00088700E98B0F842108748006890F8862C5C
:10DBC000914208D90E9990F8870C91F856110844A3
:10DBD0000E9981F856010E9890F85A11012088404C
:10DBE00084438BE00F984079012801D0032814D199
:10DBF0000F99098989B10E99B1F9552076490968BB
:10DC0000B1F88D1C8A4208DD7549097811B1754952
:10DC1000097881B90F99097969B1062803D10E985D
:10DC2000FFF709F938B90F984079072829D10E98DC
:10DC300000F00CFD28B30F98407906280CD0072877
:10DC40000AD06548006890F87A1C90F88A0C091A86
:10DC50000F980089814251DDDDE90E0101220A3170
:10DC600000F022FC0E98B0F8400020F0010040F0D7
:10DC700080010E98A0F840100E98B0F85510A0F84A
:10DC800053100F984079062801D0072836D10F98F5
:10DC9000D0F80A00FFF725F930E00F984079032803
:10DCA0002CD10F98018949B30E98B0F955204A48F4
:10DCB0000068B0F8883C9A4220DD90F87A2C90F801
:10DCC0008A0C101A884219DD0E9890F85701012825
:10DCD00014D1DDE90E0101220A3100F0E5FB0E98B6
:10DCE000B0F8400020F0010040F080010E98A0F84C
:10DCF00040100E98B0F85510A0F853106D1C97F90D
:10DD0000D409A842BFF614AD3348006890F8700CEF
:10DD1000800702D52046F9F785FA33480CB1012176
:10DD200000E0002101701B9823B0AFE42A4A10B52F
:10DD30001468638EA28E94F83640E40702D01C4625
:10DD400013462246B0F902409C4201DD1C4602E027
:10DD5000002C00DA00244480B0F90040944201DD38
:10DD6000144602E0002C00DA00240480B1F902001D
:10DD7000984204DC002801DA002300E003464B80CF
:10DD8000B1F90000904204DC002801DA002200E032
:10DD900002460A8010BD70B50C4610490E4DAC31DC
:10DDA000488021F8064B21F802290B802D6895F850
:10DDB0007F5C401BC881601B8881A8184882E818D6
:10DDC00008820648AC30FFF7B1FF0449BDE8704057
:10DDD000C031081FAAE70000500A1000B428100044
:10DDE0001A0A1000220A10007809100070B5FA4CC7
:10DDF000FA4D60812181E281A3812D6895F87F5CD5
:10DE0000401B6083481B2083A818E083E818A08388
:10DE100004F10C01081FFFF789FF04F11C01BDE8A4
:10DE20007040081F82E770B5EB4CEC4DA4F842003F
:10DE300024F8401FE280A3802D6895F87F5C401B8A
:10DE40006082481B2082A818E082E349E818A0827B
:10DE50004431081FFFF76AFFDF49BDE870405431C5
:10DE6000081F63E770B5DC4CDC4DA4F84A0024F8C9
:10DE7000481FE280A3802D6895F87F5C401B60827C
:10DE8000481B2082A818E082D349E818A0824C31B0
:10DE9000081FFFF74BFFD049BDE870405C31081FF9
:10DEA00044E7CE49CC4A0968898E20B122F8800F18
:10DEB000081A50807047002022F8800F5180704768
:10DEC00070B5C54CC54DA4F8620024F8601FE2800F
:10DED000A3802D6895F8825C401B6082481B2082DD
:10DEE000A818E082BC49E818A0826431081FFFF737
:10DEF0001DFFB949BDE870407431081F16E770B5C1
:10DF0000B54CB64DA4F86A0024F8681FE280A380DF
:10DF10002D6895F8825C401B6082481B2082A818FF
:10DF2000E082AD49E818A0826C31081FFFF7FEFEC1
:10DF3000A949BDE870407C31081FF7E670B5A64CD2
:10DF4000A64D60842184E284A3842D6895F8825CC8
:10DF5000401B6086481B2086A818E086E818A0862B
:10DF600004F12401081FFFF7E1FE04F13401BDE8CC
:10DF70007040081FDAE670B5974C984D6085218592
:10DF8000E285A3852D6895F8825C401B6087481B5D
:10DF90002087A818E087E818A08704F12C01081F43
:10DFA000FFF7C4FE04F13C01BDE87040081FBDE668
:10DFB0008A4A126810B1938E834205D100290AD093
:10DFC000908E884207D00846918E854AB0EB510F5B
:10DFD00000D3081A1082704710B57F4CA4F88C004B
:10DFE00024F88A1FE280A38010BD10B57A4CA4F8F3
:10DFF000940024F8921FE280A38010BD10B5764CE7
:10E00000A4F89C0024F89A1FE280A38010BD10B5EC
:10E01000714CA4F8A40024F8A21FE280A38010BDD4
:10E0200070B56E4C2068B0F8823AB0F8802AB0F82B
:10E030007E1AB0F87C0AFFF7AEFE2068B0F8923A7C
:10E04000B0F8902AB0F88E1AB0F88C0AFFF7CEFE1E
:10E050002068B0F8A23AB0F8A02AB0F89E1AB0F83A
:10E060009C0AFFF7E0FE2068B0F8B23AB0F8B02A98
:10E07000B0F8AE1AB0F8AC0AFFF7F4FE2068B0F8BA
:10E080008A3AB0F8882AB0F8861AB0F8840AFFF7FE
:10E0900055FF2068B0F89A3AB0F8982AB0F8961A66
:10E0A000B0F8940AFFF767FF2068B0F8AA3AB0F812
:10E0B000A82AB0F8A61AB0F8A40AFFF701FF206852
:10E0C000B0F8BA3AB0F8B82AB0F8B61AB0F8B40A4C
:10E0D000FFF715FF206890F8801C11FB01F23E4904
:10E0E00041F8842F90F8812C8A8090F8850CFFF7F6
:10E0F000D8FE2068B0F8613AB0F85F2AB0F85D1A2F
:10E10000B0F85B0AFFF768FF2068B0F8693AB0F82A
:10E11000672AB0F8651AB0F8630AFFF766FF20684F
:10E12000B0F8713AB0F86F2AB0F86D1AB0F86B0A0F
:10E13000FFF764FF2068B0F8793AB0F8772AB0F8B2
:10E14000751AB0F8730AFFF762FF2349AC22A1F1F8
:10E15000AC000FF03CFC23480024214D0470224801
:10E16000142104701C486C61AC300FF08CFC1F480B
:10E170000470AC61AC706C7070BD70B586B0064652
:10E18000142168460FF07FFC17480024694604708C
:10E190003046FEF774FF054669463046FFF778FAC9
:10E1A00028430F49012801D0486905E00B48006861
:10E1B00090F87A0C401F4861002804DD401E486139
:10E1C0000848007800B94C61034814226946AC3015
:10E1D0000FF0FDFB06B070BD60291000500A100062
:10E1E000B4081000780910007A09100079091000AD
:10E1F0002DE9F04700F136060546B078FF4F0B4693
:10E200000024B8B1FE4AF1781078401E814258D1FE
:10E21000C1B2904618460FF00BFE814698F80000F8
:10E22000401EC1B238680FF00BFE0346307872789A
:10E23000014611E0002118460FF0FAFD8146002149
:10E24000F0E700BF19F8006095F84170BE4201D1B7
:10E25000641CE4B2401CC0B28242F3D2E94E61B108
:10E260003068B0F8720C491EC9B233F91170874298
:10E2700003DD641CE4B20029F5D1E3480078401EB8
:10E2800082420DDA316882420ADA521CD2B2B1F807
:10E2900072CC33F91270674502DD641CE4B2F2E718
:10E2A000DA4880F87E40316891F8841CA14208D297
:10E2B000A98C41F48051A98410F87D1F41F0080118
:10E2C0000170BDE8F0872DE9F34F00F136040646F2
:10E2D0000027A078DFF824B3DFF82CA3DFF824931D
:10E2E00081B03D46C8B1C649E2780878401E8242F6
:10E2F0004BD18846C1B202980FF09AFD009098F871
:10E300000000401E5FFA80F1DBF800000FF098FD7E
:10E31000217802468846607810E0002102980FF0CC
:10E3200087FD00210090EFE7009B96F841C05B5C01
:10E33000634501D17F1CFFB2491CC9B28842F3D2A8
:10E340005FEA08010DD0D9F80030B3F8723C491EDD
:10E35000C9B232F911C09C4503DD7F1CFFB2002910
:10E36000F5D19AF80010491E88420EDAD9F800302B
:10E3700088420ADA401CC0B2B3F8728C32F910C07D
:10E38000C44502DD7F1CFFB2F2E72078C0B19AF8E5
:10E3900000006178401E81426FD1012102980FF088
:10E3A00047FD9AF80010C1F12B01A0EB01080121F3
:10E3B000DBF800000FF044FD811EA078E2782DE02C
:10E3C000002102980FF034FD80460021DBF80000A8
:10E3D0000FF036FD0146A078E2780DE0C0EBC003F7
:10E3E00003EB430C18F81C3096F841C0634501D18B
:10E3F0006D1CEDB2401CC0B28242EFD210E000BFF3
:10E40000C0EBC00303EB430C18F81C3096F841C076
:10E41000634501D16D1CEDB2401CC0B28242EFD207
:10E42000A07888B1D9F800209AF80030B2F8722CA0
:10E43000401EC0B210FB03FC31F91CC0944503DD43
:10E440006D1CEDB20028F3D16D4AE0781278521EAF
:10E45000904213DA9AF80040D9F8003090420DDA71
:10E46000401CC0B210FB04FC31F91CC0B3F8728C24
:10E47000C44503DD6D1CEDB2F0E713E0D9F80000F0
:10E4800090F8841CA94209D390F82D2EE9199142E5
:10E4900008D9B18DB0F82E0E814203D9B08C40F46A
:10E4A0008050B084BDE8FE8F022380F852310023F3
:10E4B00080F8563101238362012A04D00968016281
:10E4C00080F84031704703220C300AF039B95049C6
:10E4D0000120B1F88C20002A3CD1B1F89020002A0C
:10E4E00038D1B1F88A20002A34D1B1F88E20002A20
:10E4F00030D1B1F89420002A2CD1B1F89820002A0C
:10E5000028D1B1F89220002A24D1B1F89620002A0F
:10E5100020D1B1F89C20002A1CD1B1F8A020002AFB
:10E5200018D1B1F89A20002A14D1B1F89E20002AFF
:10E5300010D1B1F8A420002A0CD1B1F8A820002AEB
:10E5400008D1B1F8A220002A04D1B1F8A610002900
:10E5500000D1002070472F480189C180704710B555
:10E560000024FEF738F920B12A49C988014200D0B9
:10E570000124204610BD30B52249096891F83620A3
:10E580004C8E5507234A9389D18903D5B0EB540F9C
:10E5900003DB08E0B0EB540F05DD11F00C0F08D0E1
:10E5A00021F0030003E0880703D021F00C000343AF
:10E5B000938130BD70B51349164CB0F90E2009682F
:10E5C000E578B1F8EE3C95B19A4210DBB1F8F05C19
:10E5D000AA420CDCB0F90C50B1F8F26CB54206DB83
:10E5E000B1F8F46CB54202DC91F8F85C25709A42FF
:10E5F0001FDBB1F8F03C9A421BDC0DE0E80910008B
:10E60000B8091000500A1000B9091000D46C01209C
:10E61000B4281000B4081000B0F90C00B1F8F22CC6
:10E62000904206DBB1F8F42C904202DC91F8F80C31
:10E630002070D0E510B50024FEF74DF920B11E4939
:10E640008989014200D00124204610BD30B504461E
:10E6500085B00025D0F84A01FFF7ECFF10B100208B
:10E6600005B030BD1548D0E91212CDE90312D0E94A
:10E670001012CDE901120146C968009190E80E0020
:10E68000E068FEF712F8A8B90D48006890F8ED1C94
:10E69000C9070FD0B0F8EA1CB0F8E80C091AB4F8B2
:10E6A0004801814206DD28B1D4F84A01FFF757FF3F
:10E6B00000B901252846D3E7B4081000B42810009B
:10E6C000500A1000FAF7BCBB70B5FA4A00EB8003A1
:10E6D00003EB4010F84C02EB80001021D4E9032337
:10E6E00000F18005A46807E000EB81063460346423
:10E6F000C0E92023C5E90223491EF5D2002100F814
:10E70000901F417070BD10B50F2402E0E0B2FFF71A
:10E71000DBFF641EFAD210BD10B541F60821E748B0
:10E720000FF0B1F94FF4D361E5480FF0ACF9E548CB
:10E73000FF2180F8D419E0490020088001F00DFA8B
:10E74000FDF77EF8FFF76CFC00F09CFAFBF72BFD61
:10E75000FCF709FEFAF776FBFBF798FBBDE81040E3
:10E76000D1E710B50EF09FFDBDE810404FF080518D
:10E7700000200DF074B8D0490122091DD248FCF7E1
:10E7800001BD020001EB810000EB4110C94901EB22
:10E79000800002D0032A00D140307047020001EB14
:10E7A000810000EB4111C34800EB810000F19001B2
:10E7B00001D0032A01D008467047913070472DE9F7
:10E7C000F041054617460C461046FFF7DAFF0646AD
:10E7D00021463846FFF7E2FF0446012B4FF01002B6
:10E7E0002946304609D009F09EFF2078102802D231
:10E7F000C0B2401C2070BDE8F08109F0A1FF0020EC
:10E800002070F5E710B5AE4CB04994F890068871C9
:10E810002146AA4801F0E3F9AD48007810B1A748B5
:10E82000FFF7ABFCA54800F0C4FCA44800F0B8FE1C
:10E83000A248FBF7C6FC0021A048FCF79DFDA548B7
:10E84000006890F8CF0D400602D4A348007808B1C4
:10E8500000F0E1F99948FAF7EDFB002084F8900602
:10E8600010BD10B5994800248471944801F07BF9DB
:10E870009248FBF7A6FC9148FAF75FFB8E480480AC
:10E880008F4880F8904610BD10B58D4C94F89006D6
:10E8900090B18E4988712146884801F0A0F98748D7
:10E8A00000F087FC8548FBF78CFC8448FAF745FBB1
:10E8B000002084F8900610BDBDE81040D1E710B5E7
:10E8C0008248002484717D4801F04DF98048007829
:10E8D00028B17A48FFF751FC784800F06AFC774885
:10E8E000FBF76FFC00217548FCF746FD7348FAF70B
:10E8F000A1FB734880F8904610BD10B5704C0146DE
:10E9000094F890060F280DD2C0EBC00004EB001065
:10E9100070220FF05CF894F89006401C84F8900682
:10E92000012010BD002010BD10B500F58050002161
:10E93000D0F8C8291346D40706D05208491C0F291D
:10E94000F9DB4FF0FF3010BD01228A401343C0F8BD
:10E95000C83990F9D4298A4201DA80F8D41948B22A
:10E9600010BD10B500F5805091F899410123D0F801
:10E97000C829A3409A43C0F8C829002281F852212F
:10E9800090F9D42991F999118A4207D1D0F8C81980
:10E99000B1FA81F1C1F11F0180F8D41910BD30B571
:10E9A00000F580500022D0F8CC391C46DD0708D095
:10E9B000521C5B0852B20A2AF8DBFF2081F89A0148
:10E9C00030BD012393401C43C0F8CC4981F89A2103
:10E9D00030BD10B500F5805091F89A410123D0F870
:10E9E000CC29A3409A43C0F8CC29FF2081F89A0192
:10E9F00010BD3348704731487047314890F8900651
:10EA00007047304890F8060A70472D4810B5042129
:10EA100040380DF033FDC0B210BD70B52D48002652
:10EA2000284C0168354691F86602C0062CD52B4863
:10EA30000078012828D02A4AB1F86D0212780AB16C
:10EA4000B1F862022749097811B327490968884259
:10EA50001ED21B48042140380DF010FD024694F8E8
:10EA6000050A1749B8B191F8902694F8043A9A42E9
:10EA70000ED9401C10F0FF0084F8050A84F8042A1F
:10EA800081F8905612D112E084F8055A002070BD2A
:10EA900084F8055A0BE091F89006904207D90122BC
:10EAA00084F8052A84F8040A81F890560126304635
:10EAB00070BD0000F0290120D0081000284410008B
:10EAC000305E100028541000202A1000D46C012061
:10EAD000CD091000500A10001A0A10002C05100071
:10EAE00047091000C60910005C0910002DE9F0412B
:10EAF0005D4C4FF0004594F89066002E35D0002014
:10EB000009E000BFC0EBC00104EB0111C969A942D3
:10EB100000DD0D46401CB042F4DB002084F8900676
:10EB20000746DFF848811EE0C7EBC70004EB001181
:10EB30006422C869504390FBF5F0D8F8002000B279
:10EB4000B2F8252282420DDA94F890067022C0EBCA
:10EB5000C00004EB00100EF03AFF94F89006401C41
:10EB600084F890067F1CB742DEDB44E62DE9F041D5
:10EB70003F4C002504F580575FF00106D7F8C8091F
:10EB800006FA05F1084212D005EBC500C0EB85106E
:10EB900004EBC00191F99A01002808DBD7F8CC39C1
:10EBA00006FA00F2134202D02046FFF712FF6D1C56
:10EBB0006DB20F2DE2DB41F6C810042120440DF0A8
:10EBC0005DFC2C49088016E601218140002809DB04
:10EBD0002948D0F8C8290A4204D0D0F8D0290A43DD
:10EBE000C0F8D0297047002807DB01218140224866
:10EBF000D0F8D0298A43C0F8D0297047002808DB14
:10EC00001D4901228240D1F8D019114201D00120C2
:10EC100070470020704770B5144C164901222068D7
:10EC200090F8CC0D00EB8000450000204860091DE5
:10EC30000F48FCF798F90E4941F60822881A0EF0A1
:10EC4000C6FE0E4814210088B0FBF1F1284609F0F9
:10EC500089FA2168803891F8CE1DBDE870400844DB
:10EC600080B207490EF0EBBA305E1000500A100077
:10EC700028441000D008100028541000D4091000B7
:10EC800013E70000F0B5F94900200870487088705B
:10EC9000C8700871F6490880F6480168F648B1F86E
:10ECA000495D0580B1F84B4D4480B1F84D3D8380FE
:10ECB000B1F84F2DC2808E8E771B07814481F61AE2
:10ECC0008681C28105824D8E291B41828382AA1AC8
:10ECD000C282078341838683C283F0BD73B582B04D
:10ECE00000240D4623462246694602A809F078FD15
:10ECF000E14ABDF90210DD481388994204DABDF9F2
:10ED00000030D688B34207DBBDF900305688B342E5
:10ED100007DA9688B14204DA25B30178491C0170FC
:10ED200031E01689B14202DDD689B34205DB56894E
:10ED3000B34207DA9689B14204DD9DB14178491C9E
:10ED4000417020E0168AB14202DAD68AB34205DC6D
:10ED5000568AB34207DD968AB14204DA15B181784A
:10ED6000491C81700FE0168BB14202DDD68BB34295
:10ED700005DC568BB34207DD928B914204DD15B161
:10ED8000C178491CC170012404B0204670BD70B523
:10ED9000B84E0446B0F9530031680025B1F83C1D67
:10EDA000884227DA0021206AFFF798FF10B394F811
:10EDB0004000C0071ED10021E068FFF78FFF58B95F
:10EDC00004F10C0104F1200009F0CDFC3168B1F828
:10EDD0003E2D5243824203DD94F8B201E8B111E0C6
:10EDE000B4F8AE01401C80B2A4F8AE01B1F8401DE9
:10EDF000884207D9A4F8AC51A4F8B051A4F8AE5198
:10EE000084F8B2513068B4F8AC110126B0F8422D44
:10EE1000914208D984F8B26107E0B4F8AC01401C13
:10EE2000A4F8AC01EEE784F8B251B4F95310B0F88D
:10EE30003C0D814207DD0021E068FFF74FFF00280D
:10EE400001D18A48067170BD0021A0F86811C0F890
:10EE50006411A0F86A11202100F5B9700EF0F1BD1F
:10EE600002B90122521E12F0FF0206D000EB42034B
:10EE700033F8023C20F81230F4E7018070470AB101
:10EE8000002305E00122002320F813105B1CDBB2F5
:10EE90009342F9D3704770B590F852210CB200F547
:10EEA000B975032A05D090F83C10C90607D5FFF7BD
:10EEB000CBFF102221462846FFF7E1FF04E0102295
:10EEC00021462846FFF7CCFF2846BDE870401021B8
:10EED0000AF049BA2DE9FC5F0546684800273C4620
:10EEE00090F800806648B946BB460078019095F8D6
:10EEF00052016E6B009795F84010090602D495F800
:10EF0000451111B13846BDE8FC9FDFF868A10F2814
:10EF10002DD2DFE800F02C0808082D2C2C2C2C2DED
:10EF20002DFDFD2CFD00002085F870012846FFF71F
:10EF30008BFF019958EA010095F83C004FEAC07038
:10EF400009D00028DAF8000002D0B0F8D84A0BE067
:10EF5000B0F8D64A08E00028DAF8000002D0B0F88D
:10EF6000D04A01E0B0F8CE4AA6426EDA012710E19D
:10EF700005F10C01081D09F0F6FB814695F87001BA
:10EF800078B9019958EA0100DAF8000002D0B0F827
:10EF9000CB0A01E0B0F8C90A864202DD012085F8FB
:10EFA0007001DAF80010374B91F8CD2A1B789A429D
:10EFB00011D395F8702172B191F8EA7A314628465A
:10EFC000FFF769FFD5F894318346A9EB03000028C9
:10EFD00005DCFE2204E02846FFF736FF90E0C82259
:10EFE0004946184609F063FA814617FB07F149457F
:10EFF00009DADAF80000B0F8E81A594503DD2846C6
:10F00000FFF722FF76E0019858EA000105D1DAF80F
:10F01000000090F8C82A92075DD5DAF800000029B0
:10F0200095F83C1090F8EBCA90F8EA2A90F8ED3A7F
:10F0300090F8EC4A4FEAC1710FD039B1B0F8E48AC8
:10F04000B0F8D81AB0F8DC7A24E0A1E0B0F8E28A8F
:10F05000B0F8D61AB0F8DA7A1CE0A9B1B0F8E08AB4
:10F06000B0F8D01AB0F8D47A14E00000E408100028
:10F07000A00A1000500A1000C86410001A0A1000FC
:10F08000220A1000C7091000B0F8DE8AB0F8CE1AC4
:10F09000B0F8D27AB0F8EF0AC91B8FB2B04201DDE6
:10F0A0003C4627E0012012FB02F21CFB0CF1CDE9EB
:10F0B0000040484609F098F80BFB00F100906420EE
:10F0C00091FBF0F084B24046444501D3044611E080
:10F0D000BC42E5D90EE095F83C10C90704D0B0F861
:10F0E000D01AB0F8D40A03E0B0F8CE1AB0F8D20AB9
:10F0F000081A84B2A64202DA012701E008E00027DC
:10F10000C5F86491A5F868B10098A5F86A0140E0D7
:10F11000FE4895F83C10B8F1000F00684FEAC17145
:10F120000ED031B1B0F8E42AB0F8D81AB0F8DC3A11
:10F1300014E0B0F8E22AB0F8D61AB0F8DA3A0DE0E6
:10F1400031B1B0F8E02AB0F8D01AB0F8D43A05E0FE
:10F15000B0F8DE2AB0F8CE1AB0F8D23AC91AB0F830
:10F16000E63A90F8EE0A1A44B5F96A3192B21844B8
:10F17000B5F9683189B25843642390FBF3F084B247
:10F18000944201D31446EFE68C42FCD80C46EBE6E1
:10F190000027DF4820F8644FDAF80010B1F8C91AE8
:10F1A0004180C680A0F80490417E67F3C711417684
:10F1B000A8E62DE9F05F06464FF0000A5046DFF85A
:10F1C0004CB34FF0010906F5805517E0D5F8C82972
:10F1D00009FA00F10A420FD000EBC001C1EB801127
:10F1E00006EBC10191F85221012A17D0022A15D04D
:10F1F0000AF1010101F0FF0A401C40B295F9D4194F
:10F200008142E3DABAF1010F2ED8DBF8000090F862
:10F210003B0DC00728D000244F4621E0DBF800203A
:10F2200092F83B2DD207E7D00022A1F8AC21A1F83B
:10F23000B021A1F8AE2181F8B22181F8B321DBE73A
:10F24000D5F8C80907FA04F1084207D004EBC40056
:10F25000C0EB841006EBC000FFF799FD641C64B29C
:10F2600095F9D409A042EBDA0027FAE0D5F8C809ED
:10F2700009FA07F24946104231D007EBC700C0EB4C
:10F28000871006EBC00494F8B20100B3DBF800204D
:10F2900092F83B2DD2071AD0BAF1010F17D89D4A28
:10F2A0001279EAB1B4F8B021521C92B2A4F8B0219C
:10F2B000DBF80000B0F8470D824208D90020A4F81E
:10F2C000AC01A4F8B001A4F8AE0184F8B20194F83E
:10F2D0005201012807D0022805D004287CD0BEE0C6
:10F2E0008D480170EAE794F8A401012808D094F849
:10F2F0005301032808D0042806D0012804D0AEE02A
:10F30000002084F8A40186E0844894F8403000226C
:10F31000B0F900004FF0010E13F0810F03D08048C8
:10F320009646B0F900007F4B1B78052B01D0062BC9
:10F3300020D194F8A2C1BCF1000F17D0BCF1010F8D
:10F3400014D0DFF8E48198F80080A8F10108C445E2
:10F350000CD094F8A3C1BCF1000F07D0DFF8CC812A
:10F3600098F80080A8F10108C44503D1DBF800003B
:10F37000B0F9CF02BAF1000F06D1DFF8B4C19CF8A2
:10F3800000C0BCF1010F13D0BEF1000F1AD0DBF8A2
:10F390000030B3F8C9C2BCF1000F13D0DFF894C13C
:10F3A000B3F9C9129CF80380B8F1000F1AD114E028
:10F3B000DBF800C0052BBCF9050201D0062B01D1FA
:10F3C000BCF90A02E38FDB0501D584F85311B4F9C7
:10F3D0005310814217DB17E02AE09CF804C0BCF10F
:10F3E000000F01D0B3F9CD12B4F83CC05FEA4C5C19
:10F3F00001D5B3F9CB12B4F95330834203DBB4F92E
:10F400009C01884200DA012294F85301032807D0B6
:10F41000042805D01AB321463046FFF7A2FA1EE0B1
:10F42000002AF8D12046FFF755FD0128F3D016E059
:10F4300094F83C0010F0060F11D094F84000C0077B
:10F440000DD194F85301032809D13B49B4F9530075
:10F45000B1F90010884202DA052084F852017F1CBD
:10F460007FB295F9D409B842BFF600AFDBF80000CF
:10F470005C4690F80D0340077ED5304800780028A0
:10F480007AD02F484078002876D041F6C810042161
:10F4900030440CF0F3FF02286EDD00210A460846D6
:10F4A00024684B4695F9D4C923E000BFD5F8C87944
:10F4B00003FA00F817EA080F19D000EBC007C7EBF2
:10F4C000801706EBC70797F85281B8F1010F05D0F6
:10F4D000B8F1020F02D0B8F1040F08D1B7F9537098
:10F4E000B4F88A83474502DD491CC9B23A44401C3E
:10F4F00040B28445DADA022950D392FBF1F194F854
:10F5000089034843642190FBF1F01BE0500A10008E
:10F51000D46C0120E40810009D0A1000640910005A
:10F5200074091000B5091000B9091000B8091000DD
:10F530002C051000E48C100068091000C6091000AA
:10F54000900A100007B20024C84620E0D5F8C81978
:10F5500008FA04F0014218D004EBC400C0EB841098
:10F5600006EBC00191F85201012801D002280CD10C
:10F5700091F83E00000700E010E006D4B1F9530016
:10F58000B84202DA3046FFF7ECF9641C64B295F930
:10F59000D409A042DADA3848A0F84670BDE8F09FF6
:10F5A0002DE9F05F06463548C0780028F6D134488A
:10F5B00000780128F2D0DFF8CCA0DFF8CCB000252D
:10F5C0004FF0010806F5805708FA05F0D7F8C8197A
:10F5D00001424BD005EBC500C0EB851006EBC00423
:10F5E0004FF0000994F99901FFF708FB01283DD07D
:10F5F00094F85301032801D0042814D1DAF800004C
:10F6000090F8C81AC9070ED090F88102800605D478
:10F610009BF82C00062806D0052804D02046FFF7CA
:10F6200059FC01280AD094F85201092817D00A2859
:10F6300015D00B2815D00C2813D015E094F85201E2
:10F640004FF00109032806D0042804D00D2804D067
:10F650000E2802D008E0092004E00C2002E004207B
:10F6600000E00D2084F85201C4F860916D1CEDB2E9
:10F670000F2DA9D392E70000D46C0120E48C100078
:10F680002C051000500A1000B4B910002DE9F05FED
:10F69000DFF8889615460C46834601F10C074FF0BB
:10F6A000FF3A4FF0000802F10C06EBB3012084F89A
:10F6B000520195F8400084F8530184F89AA184F827
:10F6C000568184F85781A4F83E80A4F84080C4F89D
:10F6D0002880C4F82C8084F8558195F8420084F87D
:10F6E0005901688EA4F85500E8682062032231466B
:10F6F000204609F025F803223146384609F020F863
:10F7000094F89911012300223046FFF758F8D9F8F0
:10F71000000090F8980C84F89E0194F99901002853
:10F7200001DBFFF760FA00E002E0A4F8A0812FE01F
:10F73000A06A401CA06294F85201042804D1E06A37
:10F74000411C01D0401CE06203223146204608F0F3
:10F75000EAFF03223146384608F0E5FF002394F81B
:10F7600099111A463046FFF72AF894F8580184F8A0
:10F77000590194F8530104285ED195F840000428FB
:10F780005AD094F89E0118B1B0F1010084F89E019E
:10F7900095F8400084F8530195F8410084F85A0127
:10F7A00095F8420084F85801E88CA4F84200288DAE
:10F7B000A4F84400688DA4F84600E88DA4F8480039
:10F7C000288EA4F84A0095F8490084F84C00288B4C
:10F7D000A4F84D00B5F93200A4F85300A9692163DB
:10F7E000E9696163296AA163A98EA4F85710A98CFD
:10F7F000A187D5F83610C4F859106969E16195F808
:10F80000431084F85B1195F8441084F85C11B5F846
:10F810004610A4F89C11B4F95510814201DAA4F8FD
:10F820005500C4F8A88184F898A1A88C8005E08FC1
:10F8300007D540F4807006E0D9F8000090F8980CE5
:10F84000A4E720F48070E087A88C0005E08F02D543
:10F8500040F4806001E020F48060E08715F83E0FFE
:10F8600084F8A201687884F8A30121465846BDE8CF
:10F87000F05F00F086BA10B5046804EB440400EBB6
:10F8800044046360627221720168491C016010BD0A
:10F890007CB500211CE001EB41034A1C00EB430353
:10F8A00012E002EB420400EB44045E686568AE427D
:10F8B00009DD00961E89ADF804605D6025891D8113
:10F8C000009D65602681521C04689442E9DC491C55
:10F8D00002688A42DFDC7CBD2DE9FF4FDFF84094EF
:10F8E00083460F46D9F8040000218FB00D460BF572
:10F8F00080564FF0010A0160B9E000BFD6F8C81980
:10F900000AFA05F001427CD005EBC500C0EB851179
:10F910000BEBC10494F85201072872D094F8B4019B
:10F9200078B1FE48016891F8DC1D08910068B0F8D4
:10F93000DE0D4043079094F8B401401E84F8B401F2
:10F9400003E008A907A800F0D6F92146201D08F019
:10F950000AFF0899484300FB01F894F85201032874
:10F9600001D0079805E0ED480068B0F8190340435E
:10F970000790804500DA804694F85201042807D0A9
:10F98000062805D00A2803D00C2801D00E281BD148
:10F99000E4480078062817D0052815D004200490E4
:10F9A00000214FF47560CDE90201009104F59073D8
:10F9B00004F5847204F1A0010BA808F0DAFD0C989C
:10F9C000ADF82A000B9822E0A06A20B30128224655
:10F9D00004F1040106A823D008F0BBFE221D111D6E
:10F9E00009A808F0B6FEBDF91A00BDF92610BDF948
:10F9F000242008444110BDF91800104462881144C5
:10FA000000E032E0ADF82A10218801EB6000ADF88B
:10FA10002800002425E06088ADF82A002088F6E759
:10FA200008F097FE6088BDF81A100844ADF82A0067
:10FA30002088BDF818100844E9E700BFC4EBC400F3
:10FA400007EB00110AA80C3108F08DFE0346404573
:10FA500005DA62B22946D9F80400FFF70CFF641CEE
:10FA6000E4B297F89006A042E8D86D1C6DB296F902
:10FA7000D409A842BFF642AFD9F804004C46016849
:10FA8000002967D0FFF704FF00255FE005EB450183
:10FA900000EB410090F9086090F909C011980AFA4A
:10FAA00006F1026850460A424FD1129BD3F80080FB
:10FAB00000FA0CF318EA030F47D111980A43D04615
:10FAC0000260129801681943016006EBC600C0EBA2
:10FAD0008611CCEBCC000BEBC10607EB0012002328
:10FAE00031465846FFF7D2FD96F85201032808D058
:10FAF000042809D006280CD00B2823D00C2821D0AC
:10FB000023E086F8558102E0002086F855010420A4
:10FB100019E0042086F8520196F83C0010F0060F18
:10FB200013D096F84000C0070FD196F85301032870
:10FB30000BD17D49B6F95300B1F90010884204DABF
:10FB4000062000E00C2086F852016D1C60680168F8
:10FB5000A9429BDC13B0BDE8F08F71480021017011
:10FB60004160816070472DE9F041054641F6D610AD
:10FB70002E2128440DF065FF0024052705F5805649
:10FB800020E00121D6F8C809A140084219D004EBB1
:10FB9000C400C0EB841005EBC00191F852010328AA
:10FBA00016D0042814D0022815D0092810D00A280D
:10FBB0000ED00B280FD00C280DD00D280BD00E28FE
:10FBC00009D0641C96F9D409A042DADABDE8F081C4
:10FBD00081F85271F5E72846FEF7C3FEF1E72DE9FB
:10FBE000FC47044600254E480E4600950121001DA5
:10FBF000019504F0C3FF4A480521083004F0BEFF18
:10FC000041F6D6102E2120440DF01BFF444FFF2259
:10FC10002D21B8680DF00DFF3D7004F580574FF0B1
:10FC20000108D7F8C80988B36B4601AA31462046B7
:10FC3000FFF752FE4FF0050924E000BFD7F8C819BE
:10FC400008FA05F001421CD00199084219D105EBD0
:10FC5000C500C0EB851004EBC00191F852010328E8
:10FC600017D0042815D0022816D0092811D00A2848
:10FC70000FD00B2810D00C280ED00D280CD00E2839
:10FC80000AD06D1C97F9D409A842D7DA0025474657
:10FC900021E081F85291F4E72046FEF762FEF0E79A
:10FCA000009907FA05F0084214D12046FEF73CFE01
:10FCB00000280FDB00EBC001C1EB801104EBC10198
:10FCC000C5EBC50281F8990106EB0212012320461B
:10FCD000FFF7DCFC6D1C96F89006A842E0D81048AF
:10FCE0000121001D04F062FF0D480521083004F0D9
:10FCF0005DFFBDE8FC8770B5084C05460E462068E0
:10FD0000B0F80E0328600EF01BF8012804D120681B
:10FD1000B0F8100300B12860044809E0500A100050
:10FD2000EC0810000C0510006809100047091000CD
:10FD3000007878B12068274BB0F81203286021685A
:10FD40001B68B1F8162352439A4203DAB1F8141330
:10FD50000844286020480078002810D02068B0F8B7
:10FD60002802286000FB00F02860206890F8180343
:10FD7000306003D0206890F82A02306070BD286897
:10FD8000F0E730B5154A91F858519468635DFF2B40
:10FD900005D1137863550F2B01D25B1C137091F8BA
:10FDA0005821A25C81F8582100EB420202F58052F2
:10FDB00091F89951B2F8D6390124AC402343A2F806
:10FDC000D63991F8581141F6F41210440A5C521CCD
:10FDD0000A5430BD000A10003D051000EC08100068
:10FDE0002DE9F74FB6B017462C2107A80DF04BFEB2
:10FDF0002C2119A80DF047FE0020319083460446BF
:10FE0000259026902790142128A80DF03CFE14215F
:10FE100012A80DF038FE2D942E942F94FA48FB4929
:10FE2000002406780D782FE004FB05F01FFA80F916
:10FE30002246012000210DF0F9FC319BF44A1943C0
:10FE4000319140EA0B0B012102F5DC6318E000BFA1
:10FE500009EB0100DDF8D8C037F81080491C3CF8E8
:10FE600010C089B2A8EB0C0C22F810C0DDF8DCC081
:10FE700037F810803CF810C0A8EB0C0C23F810C029
:10FE8000A942E5D3641CA4B2B442CDD3E1480468CE
:10FE900094F80B0A80077DD594F8A30D8DF8940093
:10FEA00094F8A40D8DF8950094F8A50D8DF89600A2
:10FEB00094F8A60D8DF8970094F8A70D8DF898008A
:10FEC00094F8A80D8DF8990094F8A90D8DF89A0072
:10FED00094F8AA0D8DF89B0094F8AB0D8DF89C005A
:10FEE00094F8AC0D8DF89D0000200DF1A00E0DF1E1
:10FEF000480A25A94FF000090A5C2DAB494603F8D2
:10FF00000090C54B2EF810302AF81030012A02D08C
:10FF10006B1E9A4223D10123A6F101081CE000BF09
:10FF200013FB052CBA4F37F91C703AF910C0BC45C9
:10FF300001DA2AF81070B4F804CEBC450ADDB4F832
:10FF400006CEBC44BCF1000F04DD4F44491C0FFA3F
:10FF500087F909B25B1CDBB24345E1DB23E00023F8
:10FF60001FE000BF13FB052CA94F3AF9108037F9A9
:10FF70001C70D446B84501DA2CF81070B4F804CEE1
:10FF8000BC450CDDB4F806CEBC44BCF1000F06DD68
:10FF90004F4400E04BE0491C0FFA87F909B25B1CA3
:10FFA000DBB2B342DED319B199FBF1F12EF8101098
:10FFB000002177460DF1B409DFF854C215E000BF07
:10FFC00011FB05233CF9138037F91030B8EB03031C
:10FFD00000D55B4294F8088E434504DA19F80030E6
:10FFE0005B1C09F80030491CC9B2B142E8D337F9AB
:10FFF0001010002900DA4942B4F80A2E91420EDBB3
:020000021000EC
:1000000019F8001094F8092E914208D33AF910100B
:10001000002900DA4942B4F80C2E914202DD25A9EC
:1000200000220A54401CC0B20A28FFF462AF94F8C0
:100030000B0A80074BD59DF89420012000210DF07C
:10004000F5FB06460F469DF89520012000210DF096
:10005000EDFB064347EA01059DF8962001200021AB
:100060000DF0E4FB06430D439DF89720012000218D
:100070000DF0DCFB06430D439DF898200120002184
:100080000DF0D4FB06430D439DF89920012000217B
:100090000DF0CCFB06430D439DF89A200120002172
:1000A0000DF0C4FB06430D439DF89B200120002169
:1000B0000DF0BCFB06430D439DF89C200120002160
:1000C0000DF0B4FB06430D439DF89D2043E094F8EA
:1000D000A32D0120002104F6A3540DF0A7FB064632
:1000E0000F466278012000210DF0A0FB064347EA8D
:1000F0000105A278012000210DF098FB06430D4375
:10010000E278012000210DF091FB06430D43227996
:10011000012000210DF08AFB06430D436279012086
:1001200000210DF083FB06430D43A279012000213D
:100130000DF07CFB06430D43E279012000210DF018
:1001400075FB06430D43227A012000210DF06EFB62
:100150000643627A0D43012000210DF067FB064340
:1001600045EA010926F001070124DFF8A08097E0A5
:100170002246012000210DF059FB384001EA090117
:1001800008437BD0204D0020DDF8C4A0297810E082
:1001900010FB06431E4A0DF11C0C32F813202CF8FC
:1001A00010201E4A32F8132019AB23F81020401CEF
:1001B000C0B28842ECD3012C02D0761EB4422FD1BB
:1001C000481EC0B20122CDF808B00091CDE905204B
:1001D00000261048CDE903A6006807A9B0F9A13DA3
:1001E000B0F99F2D0846F7F78EFD07480378CDF844
:1001F00008B0581EC1B201200093CDE90501CDE938
:1002000003A6044826E00000B8091000B909100050
:10021000E8641000500A10000080FFFFC86B100057
:1002200000260496CDE90561FB48CDE902BA0091AC
:10023000006807A9B0F9A13DB0F99F2D0846F7F76E
:1002400062FDF64800780496CDE905600090CDE99E
:1002500002BAF14819A90068B0F9A13DB0F99F2D83
:100260000846F7F750FDDFF8B8A300200DF1640E43
:100270000AF5DC62297898F800300DE00EE007AD51
:1002800035F810C010FB03452AF815C03EF8106081
:10029000401C22F81560C0B28842F0D3641CE4B25E
:1002A00098F80060B442FFF463AF39B0BDE8F08F56
:1002B0002DE9F74F0246002084B0074606468146E6
:1002C00004460290D7480568D748AB8EB0F90000C5
:1002D00083427CD18846D04936359246096891F8E8
:1002E000BD1AC90705D0D149097811FB00F105EB0A
:1002F000410542002946CE480DF0E2FA2A46414621
:100300005046FFF76DFDC548DFF814B3DFF808E38A
:100310000BF5DC6A017893E0C648C74A4FF0000C41
:10032000007812F81120801ADEF80020401EC5B2B5
:1003300092F80C0A400603D592F830CA92F8315A66
:10034000284675E0A84201D0604505D1F1B3B34B12
:100350001B785B1E99426AD092F80B3AC3F3820372
:10036000012B04D0022B05D0042B0AD00EE012285A
:1003700009D00BE0022809D1072958D0082956D006
:1003800004E0132802D109B3012950D03BF9103001
:100390000093002B00DA5B42BB4204DD009B002B84
:1003A00000DA5B421FB23AF910300193002B00DAF9
:1003B0005B42B34204DD019B002B00DA5B421EB2BC
:1003C000DDE90083B3EB0803039301E020E052E092
:1003D00000D55B424B4505DD039B002B00DA5B42F9
:1003E0000FFA83F9039B002B00DA5B42B2F80D8A07
:1003F00043451CDDDDE90038B8F1000F01DAC8F132
:100400000008002B00DA5B42984502DD641CA4B2B0
:100410000DE0009B002B00DA5B42B2F80F8A4345E7
:1004200005DD0021069801220C46027002E0401E04
:10043000604587DA7F4800780BEB400B0AEB400AF7
:10044000491EBFF469AFDEF8000090F8111AA1420E
:1004500001D20121029190F8AD1DA14202D290F883
:10046000AE8D08E0754991F82C1006291BD005299E
:1004700019D090F8128A384603F051FD304603F047
:1004800051FD6B4841460838029A07F08EFE01463E
:100490006B48A0F82290878480F82640A0F89E60E0
:1004A000084607B002E790F8988DE4E770B5614917
:1004B0000025012209782C46891ECBB256490968CD
:1004C00091F80C6A760607D591F8312A91F8301A1E
:1004D000521ED3B2491CCAB251B204E030F91160C5
:1004E000491C354449B29942F8DD991A95FBF1F15E
:1004F00006E000BF30F912506D1A05FB0544521C8E
:100500009A42F7DDC4F30F3070BD2DE9FF4FBDB047
:100510004FF000084349CDF87C80CDF8F080CDF84D
:10052000E8800F684049C346BB8EB1F90010C2464F
:100530008B426FD11E9043482092363700681D9041
:100540003548026892F8BD2AD20705D0374A12789A
:1005500012FB01F107EB41070121229102E136492B
:1005600022982D4A002411F81010324890F800907B
:10057000A9EB0100401EC0B221901068379090F89E
:100580000C0A40060AD5379890F8310A401EC0B2CE
:100590002190379890F8300A401CC4B220981E99D8
:1005A00000EB4900209001EB49001D991E9001EBE2
:1005B00049001D90002007EB490703460DF11C017F
:1005C00021F81030401C2828FADB21980AE000BFEF
:1005D0001E9937F8103031F81010591A07AB23F86C
:1005E0001010401EA042F3DA37980025029590F8CB
:1005F0000C0A400628D5219E09E032460120002140
:100600000DF014F9029A05431143761E0291A64299
:10061000F3DA41E0E7E00000500A1000B8091000EA
:10062000E8641000540A1000CE091000900A10006F
:10063000A4320120B909100088290120B4B91000A2
:10064000D46C0120EC0910002199A9F1010081422C
:1006500022464FF001004FF000010FD10DF0E6F8F7
:1006600005460E46621C012000210DF0DFF805430F
:100670000E43219A01200021521E06E00DF0D6F80B
:1006800005460E46621C012000210DF0CFF80543FF
:100690000E43ED43F043029021980121401CC0B26B
:1006A0000491CDE905400298CDF80090CDE90250C3
:1006B000379807A9B0F93E3AB0F93C2A0846F7F74F
:1006C00022FB23AE0DF11C09219D0FE01D9830F88F
:1006D000150026F8150039F91500002800DA404207
:1006E0001F9907F03FFD80B26D1E1F90A542EDDA05
:1006F000FE480068B0F8331A1F9881420BD2FC48BC
:1007000030F8981F491C01801F994180F949002049
:10071000487041B0CAE52098FFF7C8FEF44C229912
:1007200024F8110023A8FFF7C1FE229904EB41052C
:10073000A88507A8FFF7BAFEA5F85800A88D584568
:1007400003D98346229880B23C90229834F8100056
:10075000504503D98246229880B23A902298401C94
:1007600001462290E4480078401E8142FFF6F7AE31
:10077000DE494FF6FF730A6892F8320A800727D5E0
:10078000BBF1000F24D0DA483C9C122600EB440554
:10079000B5F8584044B32702B7FBFBF4B2F8392A46
:1007A000A4B2A24208D9409A4FF001081670B0F8DE
:1007B0008620521CA0F8862030F8842F521C02801C
:1007C00095F8582003EA02228280A0F806B004813E
:1007D000096891F8320AC00743D0BAF1000F40D03F
:1007E000B8F1000F0DD03CE0B2F8404A5C45EFD2C2
:1007F000409A4FF00108167030F8862F521C028084
:10080000E6E7BB483A9A132600EB4204A28DCAB32E
:100810000827B7FBFAF5AA40B1F8355A3A9F92B2C9
:1008200037B1B54FDDF8E8C03F787F1E674501D18D
:10083000B1F8375AAA4208D240994FF001080E7019
:10084000B0F89010491CA0F8901030F88E1F491C89
:10085000018094F82C1003EA01218180A0F806A001
:100860000281A64890F82C00062819D0052817D038
:100870009E48006890F83B1A9E484246401C07F08C
:1008800094FC46E7FFE7B1F8421A5145E9D2409996
:100890004FF001080E7030F8901F491C0180E0E70E
:1008A0009248006890F8991DE6E72DE9F35F8F4BB9
:1008B000864600201C68924B024694F81CAA1B78BE
:1008C000B4F918BAB4F91A9A0146002B38D18D48F8
:1008D0000678894807781AE003FB06F00EEB400C17
:1008E000002011E03CF91050002D00DA6D424D451A
:1008F00009DD019D35F91050002D00DA6D425D458E
:1009000001DA491C89B2401CB042EBDB5B1CBB42E4
:10091000E2DBFF2900D9FF21CDB2554500D90122E4
:10092000764890F82C10734806290BD0052909D079
:1009300094F81D1A801C07F038FC734981F8305078
:10094000BDE8FC9F94F89B1DF4E72DE9F74F674E37
:10095000844682B030684FF00008C14690F8227A91
:10096000B0F9201A0191B0F91E1A6648CDF800803E
:10097000C34603786048C24645460278444660460E
:10098000F7F7CAFBD8B96148007850B15A480199C5
:100990000278039800F090FA0546B84201D94FF06A
:1009A000010B5B48007850B15648019902780498D1
:1009B00000F082FA0446B84201D94FF0010A5348C8
:1009C0004C4F007838B130685A4690F8231A381DD9
:1009D00007F0EBFB80464E48007838B1306852464D
:1009E00090F8231AF81C07F0E0FB8146A54200D9D5
:1009F0002C46454880F8314048EA090005B055E4E6
:100A000070B50D464149097861B13B4C21784A00E7
:100A1000014640480CF054FF20783E4942003E48D1
:100A20000CF04EFF3A48007860B1364C29462078E9
:100A300042003A480CF044FF2078384942003848D8
:100A40000CF03EFF37490120087070BD2DE9F05FC2
:100A5000264900222B4E096886461046B1F9BC5C37
:100A60001346C5F1000B244DB1F9BAAC14463678E3
:100A70002F7814E004FB06F50EEB450900250BE08A
:100A800039F915C0D44502DD401CC0B203E0DC4595
:100A900001DA5B1CDBB26D1CB542F1DB641CBC42AD
:100AA000E8DB18B991F8BE4C9C420FD391F8F94D90
:100AB00084420CD291F8FA4D9C4208D24001B0FB1E
:100AC000F3F091F8FB3DC0B2984200D201220B48EE
:100AD00090F82C300748062B28D0052B26D091F80B
:100AE000BF1CBDE8F05F801D1EE00000500A100032
:100AF000843901209C320120B8091000B4B91000DB
:100B00003D051000B9091000D46C0120B709100090
:100B1000B6091000DC8F0120EC0B012008900120A9
:100B2000180C0120970A100007F03FBB91F89A1D9E
:100B3000D7E72DE9FF4F83B00025DFF89C83109E97
:100B40008DF808508DF80450D8F800002C46AB46BC
:100B5000B0F8C27A90F89A0040070AD5DF480168D9
:100B6000442006F03FFFDE48B0F90010112006F0E7
:100B700039FFDFF87093C246C9F8044089F8004095
:100B8000D8F80000DFF8608390F80C0AC00710D096
:100B900003200AF004FFD54802AA01680398FFF772
:100BA00087FB054611208DF8040003200AF012FF90
:100BB00001E088F80040B9F8020010B1401EA9F821
:100BC0000200DAF8001091F8320AC20701D180075A
:100BD00020D5FDB99DF8080001281BD0C448027833
:100BE000C44872B1BD4A1268BA4206DAB1F8C42AE2
:100BF000BB49B1F900108A4219DCB9F80210B1B949
:100C000003E00178042912D9F7E7007805280ED00F
:100C100006280CD088F80140DAF8000090F80C1A89
:100C2000090600D59DB188F806405DB384E0032035
:100C30000AF0B5FEB04801AB0268AC480168039801
:100C4000FFF763FC054603200AF0C4FEE4E790F8D2
:100C50000B0AC00705D1A9480078062810D005283E
:100C60000ED003200AF09BFEA3480068FFF7EEFEBB
:100C7000054635208DF8040003200AF0ABFED4E7CA
:100C800088F8064003200AF08AFE9DF808000090CC
:100C900099489B4B0268954801680398F5F714F949
:100CA00003200AF097FEDAF8000090F80C0A80079B
:100CB00016D59DF80800012812D09248017809B98C
:100CC000407868B185480068B84209DA8A488E4998
:100CD0000068FFF7EAFD054630208DF8040001E0CA
:100CE00088F80240DAF8000090F80C0A40071FD597
:100CF0008648874900780978084319D0C5B98548DE
:100D00000078A8B97F48017809B9407880B1734864
:100D10000068B8420CDA78487B4A7F490068FFF7E0
:100D200014FE054632208DF804004FF0010B03E05D
:100D300088F8044088F803407848012D06D1DAF895
:100D4000001091F88F1C09B1018003E0018809B1FE
:100D5000491EF9E70DF000F8714908700DF00CF824
:100D600001467048012701706DB3BBF1000F05D03B
:100D70003470DDE90401FFF743FE1DE04FF4DC6150
:100D800069480CF05EFE37709DF8041089F8001079
:100D9000D9F8041041F00202C9F80420DAF8001072
:100DA00091F80032DB0703D191F8BA10C90703D0DC
:100DB00042F00801C9F804105C48007808B1F4F763
:100DC000CDFA012001E03470007859495A4AB1F84F
:100DD00000C0584921F894CF92F800E0574A81F8B2
:100DE00002E092F800B0564A81F803B01578554AEF
:100DF0000D7113784B71DAF800105246DFF848A1F4
:100E0000B1F8458DE04520D291F83BCD5FEACC7C2E
:100E10003AD091F8441DDFF82081714505D9594534
:100E200003D9A94201D9994204D84849097809B996
:100E30008AF800703E490C80404988F800400C70E8
:100E40003F490C703F490C7003E091F83B1DC90706
:100E50001AD03F499AF800300978194314D03770F6
:100E6000D9F80430012043F00203C9F804301268B5
:100E700092F80042E40703D192F8BA20D20703D0D7
:100E800043F00802C9F8042007B0BDE8F08F154907
:100E900010B500204860087013494FF4DC64086006
:100EA0008880887121462B480CF0CBFD2146BDE897
:100EB000104029480CF0C5BD10B50446002008E0DC
:100EC00034F91230002B00DA5B428B4201DD401C0A
:100ED000C0B2521EF4D210BD500A1000040A100015
:100EE0004A051000F80810009C320120F00910009B
:100EF000CC091000B5091000E40910000C05100021
:100F000010231000E48C1000100D0120B709100010
:100F1000B6091000C5091000E40C0120B00910004A
:100F2000460910007B091000DC0D0120980A100012
:100F3000A00A1000D46C0120E4081000E50810009D
:100F4000E6081000E70810009E0A1000E8081000EC
:100F50009D0A1000E8641000C86B10002DE9FF4FD7
:100F600089B0002008908346049003909E488946EB
:100F700090460068B0F841020290897850680CF001
:100F80004DFF079099F8021016980CF051FF06904B
:100F900099F8026049E000BF99F8004037E00998ED
:100FA000224600EBC6000021D0E9005701200CF0DA
:100FB0003DFC05400F403D4328D00798029930F989
:100FC00014000090884221DD0698005DCF287CD077
:100FD00020B11799884201D0002000900099029812
:100FE000814203DD08460299401A0090009900985A
:100FF0008B44049904FB001004900099039806FBAD
:10100000010003900898401C80B20890641C99F875
:101010000100A042C3DA75490798097800EB410046
:10102000079006982A30761C069099F80300B04283
:10103000B2DA6D48002605680398A98EC317A1FB94
:10104000002406FB004001FB03014FF6FF73A2FBE7
:10105000030701FB037102FB061195F831203035BF
:10106000521E8BFB02230CF007FC47F6FF72801820
:101070004FF6FF7941F100014A4600230CF0FCFBDA
:10108000044604986988C317A1FB002706FB00707B
:1010900001FB03034946A2FB010703FB01712B7807
:1010A00002FB06115B1E8BFB03230CF0E5FB47F6EE
:1010B000FF72801841F100014A4600230CF0DCFB6E
:1010C0000146C8F81CB0089800E00CE0A8F8280019
:1010D0000C9A51600C9A1460A8F86A10A8F868403D
:1010E0000DB0BDE8F08F00200590451E01907719E6
:1010F000F9B216980CF09CFE8246F9B2D8F80400BA
:101100000CF08CFE4FF0FF3163181AF8032082B107
:10111000CF2A0ED0179FBA4205D130F81370019A2A
:101120003A4492B2019230F81330059A1A4492B2BE
:101130000592491C49B20129E6DD6D1C6DB2012DF5
:10114000D5DD019800283FF449AF0099484305993F
:1011500090FBF1F041E710B523494368002209688C
:10116000002B01DA426003E04C8EA34200DD4460B4
:101170000368002B01DA026010BD898E8B42FBDD13
:10118000016010BD7FB51446089AFF25CDE90032F5
:1011900002AB2246FFF7E2FE15480178124831B152
:1011A000016891F8F313090701D5042509E094F8C3
:1011B0004010032905D1006890F8F303C00700D060
:1011C0000025294602A801F097FD02A8FFF7C3FFFA
:1011D0000398E0810298A08194F82400C00601D40D
:1011E000E06860617FBD0000500A1000B90910007E
:1011F000780910002DE9F74FDFF8FCB388B0894675
:10120000FE4B2ECB8DE82E00002210F0FF0304923F
:1012100005929846694605D101F823205B1C5BB214
:10122000042BF9DBF64D2D786D1EA84507D1002360
:1012300001EB83055B1C5BB2AA70042BF8DBC0F3E7
:10124000072646B95FF0000001EB8003401C40B266
:101250005A700428F8DBEB480078401E864208D11B
:101260005FF0000001EB8003401C40B2DA700428FC
:10127000F8DB0025684600EB8500027808EB0201E8
:1012800061F3070441788278314461F31744C078F0
:1012900008EB0201C9B23044C0B261F30F2460F31D
:1012A0001F648A4644F30747069016E0F9B2D9F85E
:1012B00004000CF0B3FD61B204AA0AE030F9113069
:1012C000002B04DD32F815C0634422F81530491CA8
:1012D00049B28A45F2DA7F1C7FB20698B842E5DA55
:1012E0006D1C6DB2042DC5DB002004A931F910205E
:1012F0005A4500DD9346401C40B20428F6DB0A98AC
:10130000012818D0A9F846B0B8F1000F0AD0BC499E
:101310000978491E884505D026B1BA480078401E94
:10132000864205D1B9F8240040F48061A9F8241060
:101330000BB0BDE8F08FB4480024036899F8400072
:1013400093F8F422012803D193F8F602101AC2B2DE
:101350005FF0000031F91050EE1705EB9675B2EB17
:10136000A50F01DA641CE4B2401CC0B20428F1D31A
:10137000A64893F8F7120078012808D00020081A30
:10138000A042D5DCB9F8240040F40071CEE793F810
:101390000303F4E72DE9F84F89469D491C46824630
:1013A0000878DFF870829C4E974F0A9B154608B963
:1013B0004878E8B3386890F8B2215FEA827C954AB1
:1013C000127801D5012A08D190F8B3C15FEA0C7CEC
:1013D00033D5012B31D1012A2FD1CA798C49097A11
:1013E00002B949B190F8AC305B0700D522B990F84A
:1013F0002C0D800721D5D9B188484078C10703D08A
:10140000A978A9B1E97899B1800708D57D48E9782C
:101410000078401E814210D0A97881420DD0307BE7
:10142000234640F0800030732A464946504600E08B
:1014300003E0F4F74CFB002848D0794B2A46494694
:10144000504601F060F9002840D094F8400003288D
:1014500010D13968E08C91F8C01288420AD998F806
:101460000000012806D0042084F84000307940F0C4
:10147000400030712868C4F836003868B0F8C902F6
:1014800038B1E08FADF80000002221460098FFF748
:10149000B1FE22462946624800F0C2FB614920465F
:1014A000FCF7A6FE5F492046FCF70DFF29465C4885
:1014B00001F0C1F85346224629465948CDF800901C
:1014C000FFF760FE2046FDF718FA0120BDE8F88F0F
:1014D0002DE9F0410D461F461646044670210CF0DA
:1014E000D2FA002084F840004F4800686060A06095
:1014F00006EB450084F8425030F8B41F618500883F
:10150000E08406EB85000068C4F83A00434881692E
:1015100021600121A940394201D0406A2060BDE824
:10152000F08170B53D4C00EB4305049E00EB830356
:1015300086B18E69A660CE8CA68009686161B5F817
:10154000B410E1801968E16090F80E012070106815
:10155000206170BDA6688E61A688CE8466690E6023
:10156000E188A5F8B410E1681960217880F80E11BF
:101570002069106070BD2DE9FF4F81B090460E9C30
:101580008B4604EB880094F80E71DDF840A00068EB
:101590001E46206001232146584601F0DAF90198E1
:1015A00058451ED0B57819E0294601980CF040FC4A
:1015B0008146294658460CF03BFC0146307808E04D
:1015C00019F80030434502D10B5C09F80030401C8B
:1015D000C0B272788242F3D26D1CEDB2F078A842AC
:1015E000E2D294F80E0100250121B8422CD01198C6
:1015F00048B37F1CF8B222E00080FFFF14DE010038
:10160000B9091000B8091000500A1000C5091000EF
:10161000E48C10002C051000D46C0120000910008F
:10162000A8721000343A0120E4091000DAF8002012
:1016300001FA00F31A43401CC0B2CAF8002094F823
:101640000E218242F2D201250091434652462046A5
:101650000F99FFF766FF284605B06AE610B5FE4A07
:10166000FE4C1368647893F8BF224CB191F82410B3
:10167000090702D593F8C31201E093F8C2120A4495
:10168000904201D9012010BD002010BD2DE9F0438A
:1016900089B01C4616468846814601F02AFCD4E9EA
:1016A00018015034CDE9000194E80F00503C01F0DE
:1016B00094FBA08500208DF81400ADF81800ADF85B
:1016C0001C0002AD07AA06A905A885E80700D4E911
:1016D00018015034CDE9000194E80F00503C01F0AE
:1016E000B7FBBDF81800E085BDF81C102186DC4A68
:1016F0009DF8141084F84910A2F88000208EA2F8FA
:10170000820094F84900D44DC0F1FF0082F88400B3
:10171000E08C10812968E08C4FF0010C91F8C83200
:10172000984271D8CF4B032084F840001B780020EA
:10173000012B1BD091F880329F0702D45B07002B4E
:101740000BDA91F881329B0606D4C74B93F82C3004
:10175000062B02D0052B00D00120C04BB1F8C4727B
:101760005B784BB1C14BDB7923B105E091F80132D5
:101770009B06E4E7B1F8C672A38DBB4203D2BC4F0F
:101780003F7807B90020BB4F3F7817B9BA4F3F7871
:1017900047B1B1F8A872BB4203D3B1F8A672BB42FD
:1017A00000D90020A2F86D30628D032A20D3A28CCC
:1017B00092051DD4E0B191F8810200060FD502F028
:1017C00021F82868B0F9410200900190AB480378F5
:1017D000AB480278AB480168304602F03CF809B0EB
:1017E0002346324641464846BDE8F04302F050BB2E
:1017F0002346324641464846CDF800C0FFF7CAFDB1
:1018000009B0BDE8F083FFE7042084F840001079B8
:1018100040F040001071EBE72DE9F04F0027DFF8B2
:1018200068B2EBB0BA46B946BBF900803E4601212A
:10183000964803F0EDF995480121083003F0E8F9E6
:1018400092480221001D03F0E3F90221904803F0C1
:1018500095F904218F4803F091F98C4C4FF47C7575
:101860001C3C2946E0690CF0ECF82946606A0CF053
:10187000E8F88948B0F900004100206A0CF0E1F86E
:10188000294686480CF0DDF87E480025A5700068E2
:10189000F4F7B9F882488DF88E5101230068209042
:1018A000002220A9A06901F054F80124689525467A
:1018B00066E020A800EB8400029020AA214604A83C
:1018C000689BFFF705FE04AB2146029A049800F0DE
:1018D00081FF234668AA04A920A80095FFF721FEEE
:1018E0000DF14E0000F064FE68B1BDF8340040F028
:1018F0000100ADF8340004A800F0FBFF18B16948FE
:101900000188ABF800105A48007838B1BDF83400AF
:1019100010F0060F02D1644800680590029800F0AC
:1019200076FE28B1BDF8340040F00800ADF8340070
:10193000BDF9421041451ADDBDF8360004A9FFF794
:101940008DFE60B104AB2146029A0498FFF79EFE1B
:10195000BDF94200B04200DD0646012707E0002045
:101960000090234668AA04A920A8FFF7DAFD689929
:1019700005FA04F008436890641CABF80080E4B2F8
:101980009DF88E01A04294D24049C0B21C39C87063
:10199000334948714549464881F800A007704549D8
:1019A000454881F80090068000F05BFC2F480078E5
:1019B00058B12C480078012807D12748006890F8D2
:1019C0000102C00601D5FDF791F80221304803F06D
:1019D000EDF804212F4803F0E9F82C480121001FFD
:1019E00003F07AF90121294803F076F9274801210B
:1019F000083003F071F925480221001D03F06CF94D
:101A00006BB096E42DE9F04F0027E3B03E4601218C
:101A10001E4803F0FDF81D480221001D03F0F8F8F0
:101A200002211B4803F0AAF804211A4803F0A6F883
:101A3000164D4FF47C741C3D2146E8690CF001F80A
:101A40001548B0F900004100286A0BF0FAFF214662
:101A500012480BF0F6FF31E0500A1000900A100017
:101A6000D46C01202C051000B4B91000E48C1000D7
:101A7000780910001A0A1000220A1000B909100093
:101A8000B8091000E4091000680910001C091000D2
:101A90002C09100038091000CE091000343A01203A
:101AA0006009100076091000E8091000C209100052
:101AB000C3091000C4091000100A10004FF00008FC
:101AC000744885F802808DF8868100681E9044462F
:101AD000012342461EA9A86900F03BFF0125A94643
:101AE00044E01EA800EB850A23461EAA294602A848
:101AF000FFF7EEFC02AB52462946029800F06AFE60
:101B00000DF14600834600F065FD0190584600F057
:101B10004FFD28B1BDF82C0040F00100ADF82C00BD
:101B2000504600F074FD28B1BDF82C0040F00800CC
:101B3000ADF82C00BDF93A100198814211DDBDF8D5
:101B40002E0002A9FFF78AFD58B102AB5246294682
:101B50000298FFF79BFDBDF93A000127B04200DD76
:101B6000064609FA05F004436D1CEDB29DF88601A6
:101B7000A842B6D24849487148484949077081F897
:101B800000804849484881F8008006800221474883
:101B900003F00CF80421464803F008F801214548F9
:101BA00003F09AF843480121001D03F095F84148DD
:101BB0000221083003F090F863B0BDE8F08F384997
:101BC0000020087035490870364908703649088089
:101BD0007047F4E7374900201839344A08628861B1
:101BE000C8611060324A10602D4A10702B4A107084
:101BF0002C4A10702C4A10802F4A10708870704741
:101C00002C4910B51839002088704FF47C712B488E
:101C10000BF017FFBDE81040B02129480BF033BF8F
:101C20002DE9F74F23480D46183881780F2901D246
:101C3000491C817001F0FF09224982F8419001EBB3
:101C4000890029680160A9781C480CF0F1F88246E7
:101C5000A87819E000982C7800EBC80B0DE0DBE9C0
:101C600000672246012000210BF0E0FD06400F40F6
:101C70003E4301D00AF80490641C6878A042EEDA72
:101C80000AF12A0A08F10100E97880464145E1DAC3
:101C9000BDE8FE8F60091000D46C0120C30910005C
:101CA000C2091000C4091000100A10002C0910000D
:101CB0003809100018091000120A1000343A0120E7
:101CC000A8721000243E01202DE9F74FDFF80CA484
:101CD00083460D46DAF80000DFF8049482B090F8ED
:101CE000311090F830200A44521BD6B2A94202D1DA
:101CF00090F8A27301E090F8A3735421F9480BF017
:101D0000A0FEF849344632E090F83100A84203D1F1
:101D10000BEB4403B44605E004FB05F00BEB40037A
:101D20004FF0010C2A4615E0B3F90000002801DB52
:101D3000804601E0C0F100080FFA88F8A8EB070818
:101D4000B8F1000F04DD31F81480404421F814008C
:101D500003EB4C03521EE7D231F91400002800DADD
:101D6000404200B221F81400484500DD8146DAF80F
:101D70000000641EC8D290F8352290F8A4335207B0
:101D800004D5D94A12780AB190F81C3ED748324699
:101D900000780090049807F07DFA05B04846BDE849
:101DA000F08F2DE9F04FA9B004469A46164650210F
:101DB00068460BF068FEC9484FF0000850210768DC
:101DC00014A8B7F8A6530BF05EFEC948007808B116
:101DD000B7F8B65397F83502400704D5C2480078E3
:101DE00008B1B7F81D5E00214FF0CF0B4FF001098D
:101DF00068464CE034F91120002A39DD4FF0010823
:101E000000F811904A1C0EE034F9117034F91230C8
:101E10005BB1B7EB030C08D5DB1BAB4202DD00F86E
:101E200011B002E0521CB242EEDB00EB41032893FA
:101E300083F80190CE464A1E15D434F9117000BFC4
:101E400034F9123061B15BB1B7EB030C08D5DB1B81
:101E5000AB4203DD289B83F801B01DE0521EEFD595
:101E6000BEF1CF0F18D010F81120CF2A18D005E0FE
:101E7000002200EB410300F811205A7000EB4102F0
:101E8000537810F8112013430AF80130491CB1426D
:101E9000B0DB404629B082E710F81120CF2A02D0EB
:101EA0000AF80190F2E70AF801B0EFE72DE9F84FE0
:101EB000DFF828B29E464FF0FF3CDBF800300746C3
:101EC000002093F831509C8E6D1E94FBF5F5ADB259
:101ED0000CEB55061FFA86F993F8306092460246DD
:101EE0008E4208D15C8E761E94FBF6F39DB20CEB0D
:101EF00055031FFA83F9002377E0FE5C012E02D020
:101F0000012A3DD070E06ABBDAB20AF81020002640
:101F100018E078B10AEB400C1CF8018CA2F1010C1E
:101F2000E0450EDA07EB020C1CF801CCBCF1CF0F38
:101F300002D106E0012A04D4521ED2B20EB90AF828
:101F40001020761CDBF800C09CF8C1C3B445E0DC6F
:101F50006A430EEB800612B23280B2EB090200D463
:101F6000328001224E1EB3423ED1012A3CD10AEBFF
:101F7000400673700EEB8006401C7480C0B233E0E4
:101F80005A1E0AEB4006D2B200967270002617E085
:101F900007EB020C9CF80180B8F1000F0FD19CF800
:101FA00002C0BCF1000F0AD102F1010C8C4506D031
:101FB0000CF0FF021EB9DDF800C08CF80120761C81
:101FC000DBF800C09CF8C1C3B445E1DC6A430EEB0A
:101FD000800612B272804A44A24200DC7280401C29
:101FE0000022C0B20F2802D85B1C8B4285DBBDE803
:101FF000F88F2DE9FF4FDFF8E48006460027D8F878
:10200000000085B0012AB0F9BAA366D996F89046C7
:10201000DFF8E0B090E0C4EBC40006EB0019002745
:1020200099F84800002857D0651E55D4A5427CD0A9
:10203000C5EBC50106EB011191F84810884278D133
:102040000898039012980290C5EBC50006EB0011AA
:102050000091019109F10C000C3106F084FB01990B
:1020600091F86C1001290CD199F86C10012908D154
:10207000CDF80CA0D8F80010B1F8AE2302991144A5
:1020800002910299884237D2B9F9322003998A42E3
:1020900032DA0099B1F9322003998A422CDA009998
:1020A00099F96D0091F96D10421C02D0069B012236
:1020B0001A54481C02D0069A012050540098E2B2EB
:1020C000808C40F4006100988184E9B2304601F0D0
:1020D0006FFA012796F890462EE031E0500A100082
:1020E0000080FFFF980B01209905100028091000BF
:1020F00047091000643E01201299884205D3BBF8BD
:10210000001041F48061ABF80010B9F93210089862
:10211000814205DA0098B0F93210089881420BDB51
:10212000BBF8001041F4805100E002E0ABF8001071
:1021300002E06D1E7FF57AAF641E002C3FF76BAF97
:10214000384609B02BE62DE9FE4F054691F8A5610A
:1021500090F890060290FF480C461746006840F23F
:102160004C51B0F80E0340434FEA800AFA480BF096
:102170008AFC0E204FF0FF330022C0EBC00105EBBC
:102180000111934681F86C2095F890C6844502DDD4
:1021900081F86D0001E081F86D30012F08D104EB6A
:1021A000800CC968CCF85A1104EB000C8CF896B17D
:1021B000401EE2D2012F4ED01DE000BF04EB860985
:1021C0004FFA86F8029F14E0D9F85A010090C7EB45
:1021D000C70005EB001001A9C0680190684606F031
:1021E000C2FA0346504504D27AB24146DA48FDF7B6
:1021F00042FB7F1EE8D2761EE0D2D74E3068002820
:1022000019DD3046FDF744FB002011E000EB4001F2
:1022100006EB4102401C92F9081092F90920214472
:10222000C2EBC20205EB021291F8961182F86C1013
:1022300031688142EADC0E2059462218C0EBC00307
:1022400082F8961105EB031304EB8002DB68C2F8F9
:102250005A31401EF1D295F8900684F8A501BDE8E8
:10226000FE8F2DE9FF5F00240294FCF7C2FBDFF82C
:10227000E4828146D8F80000B0F8BC1390F8B0B3FF
:10228000B0F8AC63B0F9B8A349430191B0F8A873B2
:1022900090F8A5530F2007E0C0EBC00109EB011136
:1022A0008A8C22F400628A84401EF5D2AB4C002056
:1022B000B4212080AA4803900BF0C3FBA948007802
:1022C00010B9A948007818B1D8F80000B0F8E46255
:1022D000A648007848B1D8F80000B0F8B46390F888
:1022E000B1B3B0F9BAA3B0F8B273D8F8001091F84E
:1022F0003502400708D59E48007828B1B1F81F6E16
:1023000091F821BE91F8225E99F89006A84202D970
:102310004FF48070208097480078012803D12088EE
:1023200040F40070208000204D465346024699F844
:1023300090C60AE0C2EBC20805EB0818B8F9328073
:10234000984501DD401CC0B2521C9445F2DC91F866
:10235000C013814203D2208840F40050208009F14C
:102360000C004FF00008012500900BE0C5EBC50103
:1023700009EB01100C30009906F0F5F9404500D941
:1023800080466D1C99F89006A842EFDC01998845BB
:1023900005D970480068B0F9BAA3B0F8BE73704DA3
:1023A000A63D2878012808D16A480068B0F8AA1329
:1023B000B0F8AE0339448FB206446F48DFF8BC81F1
:1023C000AA1C0178D8F80000FFF77EFC874203DAE8
:1023D000208840F004002080614A6948783A0192E0
:1023E0000178D8F80000FFF76FFC874203DA2088F5
:1023F00040F0080020805A4BDFF87C81283B009396
:1024000098F800205F490198FFF7CBFC070003D143
:10241000208840F020002080514B98F800103C3379
:10242000039A0098FFF742FD8DF80800584503D93C
:10243000208840F080002080DFF844815249A81CA9
:1024400098F80020009BFFF7ACFC384303D12088AC
:1024500040F010002080424B98F800107833A3F130
:102460005A020098FFF722FD8DF80900584503D95C
:10247000208840F040002080444839490278A6393D
:102480004846FFF760FE208838B100202870404998
:102490002088A1F89200BDE8FF9F7643304BCDE93C
:1024A000006AF033494602A8039A00F008F8287041
:1024B0000028ECD1208840F480402080E7E72DE917
:1024C000FF4F4FF0000B81B00E46D946DA465D460D
:1024D000DDF83CE03DE0002437E0002327E000BFCA
:1024E000C3EBC30102EB850C06EB0111BCF93C8088
:1024F000B1F96A70B84519DCBCF93EC0BC4515DBC2
:1025000002EB840CB1F96870BCF97880B8450DDC39
:10251000BCF97AC0BC4509DB0BF1010781F84870B2
:1025200009F101014FF0010A01F0FF095B1C96F867
:1025300090169942D4DCBAF1010F05D10BF10101DB
:102540004FF0000A01F0FF0B641C4178A142C4DC8B
:102550006D1C1FE0500A100058731000643E0120EB
:102560004A7910001A0A1000220A100047091000C8
:10257000990510003D051000B9091000E40910008C
:10258000B8091000100D0120E40C012028091000EA
:10259000D46C01200178A9429DDC0E98009073460E
:1025A0004A4630460499FFF724FD05B0BDE8F08F98
:1025B000017859B1A84A1278521E914206D040784B
:1025C00020B1A6490978491E884201D101207047EF
:1025D000002070470246A2481178B0F9000069B1A6
:1025E00001290BD09C4B1B785B1E994206D0517879
:1025F00021B19A4A1278521E914207D19948006837
:10260000B0F8CF12B0F8B402081A00B270470178DF
:1026100029B1914942780978491E8A4209D18178C5
:1026200029B1C1788D480078401E814201D1012036
:10263000704700207047F0B58B4D002205EBC206B5
:102640000023C6E90033521CD2B2182AF6D38A7886
:102650002DE000BF00EBC203D3E9007657EA060382
:1026600023D074084FEA370317EB070E46EB060C2E
:1026700044EA0C04344343EA0E0305EBC2063B4331
:10268000D6E9007C1F434CEA040CC6E9007CD6E97D
:10269000027C1F434CEA040CC6E9027CD6E9047CA8
:1026A0001F434CEA040CC6E9047C521CD2B2CB781E
:1026B0009342CFD20022694B0AE000BF05EBC2046F
:1026C00000EBC207D4E90264C7E90064521CD2B22D
:1026D0001C78A242F2D3087808B1401E08705E4A06
:1026E00048781278521E904201DA401C487088786F
:1026F00008B1401E88701A78C878521E904201DADC
:10270000401CC870F0BD2DE9FF5F94781646C4EBFD
:10271000C40202EB42028B4600EB4200002100F1B2
:102720002B0820E0002291469246357877780FE01A
:1027300018F805205A4509D12A46012000210BF03E
:1027400075F841EA0A0A40EA090901216D1CEDB257
:10275000AF42EDD2039B08F12A0803EBC403641CCB
:10276000C3E9009AE4B2F078A042DBD204B0084694
:10277000BDE8F09F70B50C788B784D78C9789AB128
:102780000CB1641EE4B2344A1278521E954201DA4A
:102790006D1CEDB20BB15B1EDBB2304A1278521EDB
:1027A000914201DA491CC9B2C3EBC30202EB4202F7
:1027B00000EB420200262B3209E0204602E01654CC
:1027C000401CC0B2A842FAD95B1CDBB22A328B4251
:1027D000F3D970BD2DE9F0479478DFF87C908A46F4
:1027E000C4EBC406214906EB460699F8007003F1D4
:1027F0003E0500EB460614FB07F4586800EB44075F
:102800000020986194782B361FE0107812E000BF0A
:1028100016F80080D0450BD137F910C0D3F81880D6
:102820008C45E044C3F8188002DD287061466C7066
:10283000401CC0B292F801C08445E9D299F800006A
:10284000641C07EB4007E4B22A36D078A042DCD201
:102850005986BDE8F0870000B9091000B8091000DA
:1028600068091000500A1000507A10000080FFFF25
:102870002DE9F047804627488C780D460078801E69
:10288000012C05D9E978814202DA0020BDE8F08701
:10289000022C01D2022701E0EF78C4B24FF0000908
:1028A0002146D8F808000BF0B9FA06462146D8F8B8
:1028B00004000BF0B3FA01461748027815E02878B7
:1028C0006B780AE036F910C031F91080C44502D0A7
:1028D0004FF0010903E0401CC0B28342F2D2641CF5
:1028E00006EB420601EB4201E4B2BC42E7D948469E
:1028F000CCE708490978491ECAB290F83F1009B1DF
:10290000914205D1818C41F0020181840120704700
:1029100000207047B8091000B909100030B5B0B1F7
:10292000884214D002D20A4601461046CF4A536864
:1029300003EB40031C788C4209D05C788C4206D0B3
:1029400095682A5C022A02D2541C2C5499540846D9
:1029500030BD2DE9FF4F88460846097887B0FF292A
:1029600013D08A46C249427809788A4200D2511C63
:10297000CDB2C04990F80290C0780978884201D25F
:10298000401C00E00846C6B204E04FF0000A55467D
:10299000D146564609984FF0000B08B198F80EB191
:1029A000B24C206800F15A01C4E901015A210BF030
:1029B00048F8D4E901122C20002301F81000135428
:1029C000401EC0B2F8D20BF101000390C0B20090DB
:1029D000C9EBC90000EB4001079800EB410709F182
:1029E0000100029741E000BF0AF101000197C4B263
:1029F0002A3736E03919086880B1385D78B3CF28B6
:102A00002DD011F8011C002001B108460199095D83
:102A100009B1FFF783FF0A9949B902E0E41CE4B267
:102A20001DE09549096891F8811209060CD50199B4
:102A30002144059111F8011C09B1FFF76FFF0599B9
:102A4000497809B1FFF76AFF40B900982D2803D2F1
:102A5000411CC9B2009101E0401EC0B23855641C4F
:102A6000E4B2AC42C6D90498401CC0B20490B04253
:102A7000BAD9009800F06CF8019003980021C0B218
:102A80007E4B09E008EB80021C68146008EB4002F2
:102A9000401CA2F8B410C0B2019A9042F2D3029F37
:102AA0002B3737E054462EE03859E8B3385D40B351
:102AB0006E49496811F81000385508EB400131F8AB
:102AC000B42F521C0A8008EB80010091097820463F
:102AD00005F044FB0099087000992046497805F0FC
:102AE00041FB0099487000994846897805F036FB0B
:102AF0000099887000994846C97805F033FB009921
:102B0000C870641CE4B2AC42CED309F1010000F0FD
:102B1000FF092A37B145C5D30198401EC2B288F8D3
:102B20000E210998002800E00CE00ED0A2EB0B006B
:102B300001280AD1099907980BB04346BDE8F04F28
:102B400000F055B8E41CE4B2DBE70BB0BDE8F08F51
:102B50002DE9F05F07460025DFF810B12DE000BF3A
:102B6000DBF808104E5DDBF8041001EB450A1AE0B3
:102B70000AEB0600804610F8011C10F8029C08467B
:102B800000F06AF80446484600F066F8844202D233
:102B9000014620460C46DBF80410761EF6B201F81A
:102BA000104008F8024C012EE2D804D1284600F06B
:102BB00053F88AF800006D1CEDB2BD42D0D300215D
:102BC0000846DBF804400DE004EB40021378834232
:102BD00003D11170491CC9B202E014F8133013700C
:102BE000401CC0B2B842EFD30846BDE8F09FF0B534
:102BF00003EB8204A578C5EBC50606EB460600EBA1
:102C00004606E0782A36A8420FD3207807E0371826
:102C100097F801C0944500D17970401CC0B2677824
:102C20008742F4D26D1CEDB2EBE703EB810025681F
:102C3000056003EB420003EB410130F8B42FA1F82B
:102C4000B4200E49096821600021018093F80E012B
:102C5000401E83F80E01F0BD044AD2E9011201E0E2
:102C600011F81000135C002BFAD170472C091000EA
:102C7000B9091000B8091000500A1000A6DE0100C2
:102C8000F0B5B2F900400668B44202DDB3F90010B5
:102C900030E002EB410434F9025CB54204DA03EBA4
:102CA000410131F9021C25E000252C464F1E0CE0A5
:102CB00032F914C0B44507DC02EB440CBCF902C085
:102CC000B44501DB25460C46641CBC42F0DB32F9FE
:102CD000154003EB450133F91530B1F9021002EB51
:102CE0004502361BC91AB2F902207143121B91FB2F
:102CF000F2F119440160F0BD2DE9F0410446184895
:102D00000A00036803F2FF3093F8F81393F8F953BD
:102D100000EB41071BD0032A1CD0042A1DD193F8D5
:102D2000FE2300BF00EB420202EB4106012905DD54
:102D300004F1040C03466046FFF7A2FF012D0CDDF1
:102D400020463B4632462946BDE8F04198E793F8D5
:102D5000FA23E7E793F8FD23E4E7BDE8F0810000FC
:102D6000500A1000002819DD43F2DC71884201DAB4
:102D70005520704744F68921884201DA5620704771
:102D800046F6DC71884201DA572070474DF6C9716A
:102D9000884201DA58207047592070474DF6C971B2
:102DA000C84202DA6FF05900704746F6DC71C8423B
:102DB00002DA6FF05800704744F68921C84202DAFF
:102DC0006FF05700704743F2DC71C84202DA6FF0CF
:102DD000560070476FF0550070472DE9F0411646D8
:102DE000DDE90678F51B1C4663EB0802A5FB053CF4
:102DF00002FB05CC05FB02C2A0FB005C01FB00CC82
:102E000000FB01C04FEA800CA8004CEA957C181822
:102E100042EB0C0105F064F9F61944EB0804321892
:102E200044EB01052346341A4FF47A76A4FB0607D7
:102E300063EB010303FB0673002104FB01312B4606
:102E40000AF01AFD3146D0EB010080B2BDE8F081F6
:102E50002DE9F05F8146DDE90A8B0D4600189246A8
:102E60006941B2EB08021C4663EB0B0316461F4692
:102E700000F037F90C9932460870A2FB026007FB9C
:102E8000020002FB07014846A0FB003205FB0922B5
:102E900009FB05208200980042EA937230185141E4
:102EA00005F01EF90A461AEB080344EB0B011D1846
:102EB00041EB02061C1A61EB02072846314605F079
:102EC0000FF949084FEA300080B24FF00A05B0FB15
:102ED000F5F10D9801802046394605F001F94908C1
:102EE0004FEA300080B2B0FBF5F10E980180BDE8EA
:102EF000F09F2DE9F04FCBB000243E943B94CDE9F8
:102F00003944CDE942443C94359436944194126856
:102F10009B464792A146A2466B4647AAFFF7F3FBA2
:102F200047A96846FFF787FB9DF81E11DBF80400F0
:102F30000AF074FF40909DF81F019DF81E514590C6
:102F40008EE000BF9DF81C419DF81D013194469014
:102F50007AE0684600EBC5002246D0E90067012010
:102F600000210AF063FC06400F403E436AD04098BF
:102F700030F91400002865DD642110FB01F1BBF974
:102F800032003E9F91FBF0F045994FEAE0784A1BF2
:102F90008F49521C09688B8E5A4391F831305B1E61
:102FA00092FBF3F3DE173D969E46319A4B8EA21AA2
:102FB00091F83010521C5A43491E92FBF1F3A0FBCA
:102FC000032119EB000908FB03114FEAE37C4AEBEC
:102FD000080A00FB0C113B9EBF184E413E973B96E2
:102FE000A2FB036701FB037302FB0C33DDE9427CA8
:102FF000F61943EB0C03A2FB0E7CCDE9426301FB07
:103000000EC13D9E3C9B02FB0611359AFB185141B7
:103010003591A0FB0E1208FB0E2200FB06203C930C
:10302000DDE939235B184241CDE93923A1FB0E27A5
:1030300000FB0E7001FB0600369B4199D2184841F7
:10304000369241904698641CA04282DA60486D1C1A
:10305000006890F83010409800EB4100409045988F
:10306000A842BFF66FAFDDE939433E9A3B9DA2FB14
:10307000030105FB031102FB04114A4653460AF003
:10308000FBFB3C9B359A1B1A62EB0102CBE9143225
:103090003E9A3B9BA2FB020103FB021102FB0311C0
:1030A0004A4653460AF0E8FBDDE942321B1A62EB5E
:1030B0000102CBE91632DDE93912A2FB020301FB62
:1030C000023302FB01314A4653460AF0D5FB369BD8
:1030D000419A181A62EB0102CBE918024BB0BDE825
:1030E000F08F2DE9F04116461F4604460D4600F0CC
:1030F00029F8401056EA070107D000221146921B1A
:10310000B94110DA2C430AD0A0E654EA050006D0F3
:1031100000210846091BA84103DA2D2096E600206D
:1031200094E65A2092E654EA050106D000221146A0
:10313000121BA94104DA5A3088E66FF0590085E67F
:103140005A3883E62DE9F0414FF47A76A0FB064722
:1031500001FB0671002500FB051120460AF08CFBDF
:103160001C4A821A71F1FF3205DB42F6A6430022A7
:103170001B1A8A4102DABDE8F041F3E50023164C40
:103180001A4600BF34F91250EE17451B71EB0605C5
:1031900009DB04EB4205B5F90250EE172D1A8E41FA
:1031A00001DB134602E0521C452AEBD303EB8302FA
:1031B00034F9131004EB4303553A401AB3F90230C3
:1031C00000EB8000A3EB010190FBF1F010443DE621
:1031D000500A10005AD3FFFF24DE01002DE9FF5FE3
:1031E0000025DDF838808B46994614462E462F463A
:1031F00008F0FF0100980AF011FE30F91900A04212
:103200002DDDA8F1010408F1010824E0002C1FDBEA
:10321000A848007884421BDAE1B200980AF0FEFD6B
:10322000A5498246A9F101000A78811C0DE0002819
:1032300008DB904206DA3AF810C03BF915301CFB67
:1032400003661F446D1CEDB2401C8842EFDD01E0B7
:10325000ED1CEDB2641C4445D8DD0FB101E006461B
:10326000012796FBF7F004B000B2BDE8F09F2DE90E
:10327000FF4F83B09146DDE910010029047885787D
:103280004678C7787BD104B1641EE4B205B16D1EE7
:10329000DFF824A2EDB29AF80000411E8E4201DA56
:1032A000701C00E0401EDFF80CB2C6B29BF80000B4
:1032B000411E8F4201DA7F1C00E00F46FFB2CCB9FD
:1032C000A84612E0014603980AF0BAFDCDE9008055
:1032D00023464946069A0498FFF780FF019921F892
:1032E000140008F1010000F0FF084046B845E9D994
:1032F000641CE4B29AF80000401E864219D1A84628
:1033000012E0014603980AF09BFD82463346CDF851
:1033100000804946069A0498FFF760FF2AF81600D5
:1033200008F1010000F0FF084046B845E9D9761ED3
:10333000F6B2C5B9294603980AF082FD8246A04636
:103340000CE0034600954946069A0498FFF746FFAD
:103350002AF8180008F1010000F0FF084046B045C7
:10336000EFD96D1CEDB29BF80000401E874219D1C9
:10337000394603980AF064FD8246A0460DE011E04C
:10338000034600974946069A0498FFF727FF2AF854
:10339000180008F1010000F0FF084046B045EFD9E1
:1033A0007F1EFFB2B9F912005FEA000A65D14FF043
:1033B000010A62E0294603980AF042FD0190681E66
:1033C000C1B204980AF02AFD0090294604980AF038
:1033D00025FD21464DE000BF30F91120069B9A42A1
:1033E00042DD009AB9F8008002EB4102002332F876
:1033F00002CD1CFB0833B2F802C0B9F802801CFBF6
:103400000833B2F804C0B9F804801CFB083B2A4B0F
:10341000B9F8068093F800E002EB4E02B2F800C063
:103420001CFB08B3B2F802C0B9F808801CFB0833D3
:10343000B2F804C0B9F80A801CFB083B02EB4E024C
:10344000B9F80C80B2F800C01CFB08B3B2F802C097
:10345000B9F80E801CFB0833B2F804C0B9F810208C
:103460001CFB023292FBFAF2019B23F81120491C4B
:10347000C9B2B142B0D96D1CEDB2BD429AD907B004
:10348000BDE8F08F3EB502248DF808408DF80A4063
:103490000A4C246814F8305FED1E8DF809506478EA
:1034A0000125E41E8DF80B4002ACCDE90045FFF785
:1034B000DEFE3EBDB8091000B9091000500A100028
:1034C0002DE9FF4FB1B090464FF47C71FE480AF0F1
:1034D000B8FA01203EE0C02168460AF0D4FA3498D8
:1034E00009F0FF0100EB89006B460068309030AABC
:1034F0003298FFF708F958B330A96846FFF79BF8F0
:103500009DF8C25020E0E9B2EF480AF091FC8246F3
:1035100068469DF8C04000EBC50B10E0DBE9006792
:103520002246012000210AF081F906400F403E4367
:1035300004D01AF80400401C0AF80400641C9DF82A
:10354000C100A042EADA6D1C9DF8C300A842DADA95
:1035500009F101008146349890F80E114945BADA14
:1035600098F802401DE0E1B232980AF061FC05468D
:10357000E1B231980AF05CFC0646E1B2D2480AF0AA
:1035800057FC98F80010CF2306E0425C012A02D9CC
:103590006A5C02B97354491C98F801208A42F4DA33
:1035A000641C98F80300A042DDDA35B0BDE8F08F66
:1035B0002DE9F047044691425AD007D901EB0200A9
:1035C000A0EB0201CAB2A0EB0200C1B2C1EBC10084
:1035D00004EB0011C2EBC20004EB0010B1F9325051
:1035E000B0F9323081469D4200DA4B86CB8CC58CD7
:1035F0002B44CB840B8D058D2B440B854B8D458D3A
:103600002B444B858B6985692B448B61C769CE69D7
:10361000CB68D9F80C004FEA234C4FEA20480CFB4A
:1036200006FCF51907FB08CC9CFBF5FC6CF31F436B
:103630000FFA83FC0CFB06FC00B207FB00C090FBFA
:10364000F5F060F30F03CD61CB6094F89006411E56
:10365000914208D0C0EBC00004EB00114846702234
:1036600070390AF0B4F994F89006401E84F8900678
:10367000BDE8F08770B500231A469449944E16E0D1
:1036800090F8300002FB0064002008E028B1251803
:1036900015F8015C6D1C255400E02370401C0D687A
:1036A00095F830508542F1DC5B1CDBB2521C086897
:1036B00090F831409442E3DC00231A4617E000BF43
:1036C00090F83000834C02FB00440BE00D6895F845
:1036D00030506D1E854204D025186D786D1C255420
:1036E00000E02354401EF1D55B1CDBB2521C08687D
:1036F00090F831409442E3DC70BD2DE9FF4F81B07A
:103700008A460E99002001220870019F994619B23D
:103710007F1E73E00AEB420CBCF9023000933AF8CA
:1037200012403CF902ECBCF904801B1BAEEB040513
:10373000A8EB04063CF904BC1BB2ABEB04042DB2AD
:1037400036B224B2012A38D0DDF804C0ACF1020C44
:10375000624500D10026DDF800C0BCF1000F00DC9E
:103760000B46BEF1000F00DC0D46B8F1000F00DC87
:103770000E46BBF1000F00DC0C46002B3DDD002D9A
:103780003BDD4B4501DD4D450BDC4E4501DD4D4537
:1037900007DC4B4501DD4C4503DC4E452DDD4C453A
:1037A0002BDDDDF80CC04FF0CF080CF80280DDF8FF
:1037B0003CC0BCF1010F02D009E00024CBE7C446B5
:1037C000DDF80C80904488F801C008F801CCDDF8E1
:1037D00038C0DDF8388098429CF800C00CF1010C2C
:1037E00088F800C000DA1846A84200DA2846B0423D
:1037F00000DA3046A04200DA2046521CBA4289DB89
:1038000005B0D3E610B5502133480AF01AF9324812
:103810002C2150300AF015F92F487C217C300AF019
:1038200010F92D487C21F8300AF00BF928212B489B
:103830000AF007F92948162116380AF002F9274834
:103840003E2128300AF0FDF824483E21BDE8104012
:1038500066300AF0F6B82DE9F04F8946DDE9097EB9
:1038600081784BE001FB03F209EB4204184A01FBAB
:10387000032B184A01FB032A02783BE034F912506B
:10388000002D01DB2E4600E06E42BE4206DD124EE8
:10389000503636F811C0654426F8115034F912C07C
:1038A000F44526DDDFF830801BF8026008F17C0863
:1038B0001AF8025038F81680C444DFF81C8008F16A
:1038C0007C0828F816C00BE0F0811000500A1000A8
:1038D000107B1000807E1000663E0120F03F01202A
:1038E00008F17C0634F8128036F815C0C44426F876
:1038F00015C0521C45789542C0DA491CC2788A42EC
:10390000B0DA01781CE000BF09EB41068278FB4D7C
:1039100012E000BF02FB03F436F91440002C01DB77
:10392000A44601E0C4F1000CBC4504DD35F811C02B
:10393000644425F81140521CC4789442EADA491CC8
:1039400042788A42E0DA31E62DE9FF4FEC49ED4A50
:103950008DB01C46CB79DDF868A0106833B190F8C3
:10396000B35030F9AD7FB0F902601EE0097A31B191
:1039700090F8315DB0F92D7DB0F92F6D15E090F81C
:103980008552B0F98672B0F9886290F89C02904630
:1039900058B1FBF736F8D8F8001091F89C22904205
:1039A00003D8B1F99872B1F99A624FF00008DFF8C4
:1039B0005893CDF81080CDF81480CDF80880BAB2B5
:1039C000CE4999F8000000F08BFA0DF1080BCDE913
:1039D00000B883B2CD4AC94999F80000FFF78DFEBF
:1039E000BAB2CB4FC549ADF810005031387800F06D
:1039F00077FA0DF10902CDE90028C44A83B2163ADC
:103A0000A2F592713878FFF778FEBC49ADF8120044
:103A1000B2B27C313E2000F063FA01270DF10A01B9
:103A2000BA4ACDE9001783B22832A2F59B713E2035
:103A3000FFF763FEB549ADF81400B2B292393E20EB
:103A400000F04EFA0DF10B01B04ACDE9001783B238
:103A50006632A2F1F8013E20FFF74FFE0021ADF8DB
:103A600016000B4608460DF1100C46465A46175CE8
:103A70008F4202D9394603460AE008D341B13CF9E6
:103A800013703CF91080474501DAD65400E0165413
:103A9000401CC0B20428EAD30091A078069094F8A4
:103AA0000390DAF8080006990AF0B8F90990069927
:103AB0000E980AF0ABF9089006990D980AF0B8F93B
:103AC0000790EDB3DDE90E0801A90B9103A90A9156
:103AD000A1780AF09BF98346A178DAF808000AF089
:103AE0009DF98246884847F6FF73DA43A67894F832
:103AF00003C090F800E017E0217867780DE000BF80
:103B00001BF80100404507D13AF91100984200DA4C
:103B10000346904200DD0246491C8F42F0D20BF171
:103B20002A0B0AEB4E0A761CB445E5D20B980380AB
:103B30000A980280BDF90C00BDF90410401A00E09B
:103B400008E06843642190FBF1F072490988084459
:103B500003B202E06F48B0F9003006994AE02078DD
:103B600038E0089A155C0F9A954232D1664D6B4E3B
:103B70009DF808702A78684D4A4305440644555D0F
:103B8000925D009EB74202D1604A125C17E09DF838
:103B90000970B74203D15D4A163A525C0FE09DF8B6
:103BA0000A70B74203D1594A2832525D07E09DF8A6
:103BB0000B60009DAE4204D1544D6635AA5CCF2AFD
:103BC00007D0099A32F910209A4202DD079D01229E
:103BD0002A54401C62788242C3D24B4A0998127818
:103BE00000EB4200099008982A30089007982A3084
:103BF000491C07904945B2D911B0D7E42DE9FF4FD0
:103C0000474893B000270568464E05F58870069032
:103C10009246781E0E901C46012251463068FEF7EF
:103C2000A9FDDFF8E090D9F8000090F881020106C4
:103C30000FD5C00606D43C4890F82C00062808D0C2
:103C4000052806D00094DDE9131253463068FFF7CB
:103C50007BFE36483B46007848B194F8240010F0CB
:103C6000060F04D151462046FEF702FE034600200F
:103C700085F80E01DAF8000028602A48002229465B
:103C80000068FEF766FE95F80E0101280CD9D9F8F8
:103C9000000090F88002C00706D022482B4652460A
:103CA00001680846FFF70CFC95F80E010026012874
:103CB0007DD9FAF7A2FE8346FAF79BFE8046139859
:103CC0000190149FDAF800000390194B03AA3946BB
:103CD0000198FEF718FD70B103A91548FEF7ABFC7B
:103CE0000097224603A91248019BFDF74BFAE168B1
:103CF0006161E169216201278DE00000663E0120DB
:103D0000E48C1000500A1000B9091000F03F0120A7
:103D1000B809100068091000107B1000807E1000A8
:103D2000380910001C091000B4B9100078091000FF
:103D3000A872100070222146069809F048FED9F8B2
:103D4000001005EB4700B0F8B42091F88C128A42BD
:103D500060D901210E9AB94011425BD006992346E1
:103D6000898C41F0100206998A84B0F8B410069844
:103D70005246C184634814990068FFF7BAF8D4E941
:103D80001801CDE9000104F150010FC9FFF725F832
:103D9000A08500208DF84000ADF84400ADF8480043
:103DA00002AB12AA11A910A883E8070000E05EE0A8
:103DB000D4E91801CDE9000104F150010FC9FFF762
:103DC00047F8BDF84410E185BDF8480020869DF80D
:103DD000400084F849004C4805EB870220F8801F1A
:103DE000218E418094F84910C1F1FF0101714548CD
:103DF0000392F9B2069B0068FEF7ECFC01200090EC
:103E00004048F9B2069B039A0068FDF7C3FA08B16F
:103E1000761CF6B27F1C95F80E01B8428AD2D9F80A
:103E2000002092F8800200061DD5304619E000BF40
:103E30000BEB0001C9B2C1EBC10308EB031192F80F
:103E4000C052CB8CAB4209D891F8373091F836107C
:103E5000591A92F8C132491C994202DD88F890B68D
:103E600005E0401EE4D2012E0BD0002E07D1012028
:103E70000090DDE9130123465246FDF78BFA17B097
:103E800061E598F8900600B1401E88F89006EEE7CC
:103E900038B51468C3F83A401C4C25781C4C012DE9
:103EA000246803D094F880526D0714D594F880529A
:103EB0006D0609D5174D6D7855B1B4F89042164D81
:103EC00064432D68A54206DC01B0BDE8304095E6AC
:103ED000B4F88E42F3E701240094FDF75BFA38BD95
:103EE00030B500231C4605E031F914509D4200DD39
:103EF0002B46641C8442F7DB5343642093FBF0F0B1
:103F000000B230BD1C091000D46C01202C0510003B
:103F1000500A1000900A1000000A10007047FE4975
:103F200008807047FC49488070472DE9F34F86B000
:103F300000210591F949FA4BFA4C09681D7824785B
:103F400091F8303091F8302A00EB4307079B9246F6
:103F5000AE46ABB1052C0ED0062C0CD0B1F8656D79
:103F6000B1F8673D994691F80C3A5B0618D54FF0C9
:103F7000000A154614E0B1F8806DB1F8823DF1E712
:103F8000052C14D0062C12D091F86F2D049291F8C4
:103F9000702D039291F86D2D029291F86E2D019281
:103FA000E14A002312780092A2F1010B56E091F849
:103FB000862D049291F8872D039291F8842D029218
:103FC00091F8852DEBE7524641E000BF30F812C072
:103FD00037F81280ACEB080CDDF81C800FFA8CFC73
:103FE000B8F1000F22D1049EB34208DB039EB34216
:103FF00005DA029EB24202DB019EB2420DDD052CC3
:1040000006D0062C04D0B1F8616DB1F8638D0CE0D8
:10401000B1F88C6DB1F88E8D07E0052C11D0062C0F
:104020000FD0B1F8596DB1F85B8DC146B44503DCD2
:10403000C9F10008C44509DA01220592009B5B1E04
:1040400007E0B1F8886DB1F88A8DEEE7521CAA42FC
:10405000BCDB00EB4E0007EB4E075B1C5B45B2DBA5
:10406000059808B0BDE8F08F2DE9F34F86B0002029
:104070000490AA480068B0F8711D0191B0F8731D52
:104080000091A8490B78052B13D0062B11D090F87E
:104090006F7D90F870BD90F86D1D039190F86E1DC6
:1040A00002919F4AA04C002192F800A094F8009041
:1040B00054E090F8867D90F887BD90F8841D0391B8
:1040C00090F8851DECE700BF069C01FB0AF204EBAB
:1040D0004204A41C0594079CAAF1010504EB4202CA
:1040E00002F1020E002236E0059C3EF912C0B942F0
:1040F00034F912600ADB594508DCDDF80C80541CE9
:10410000444503DBDDF8088044450DDD052B06D072
:10411000062B04D0B0F8754DB0F8778D0AE0B0F8F2
:10412000944DB0F8968D05E0052B0ED0062B0CD0E3
:10413000DDE900846444B44203DBACEB0804B44220
:1041400008DD01210491494607E0B0F8904DB0F830
:10415000928DEFE7521CAA42C6DB491C4945B3DBEE
:1041600004987EE72DE9F74F6E48DFF8B09192464C
:104170008B4600240278D9F800102346052A21D066
:10418000062A1FD0B1F96B0DB1F8555D674EDFF807
:10419000A8C1B6F90070664E7781664E3678CEB10A
:1041A0009CF80080B04505D0052A10D0062A0ED014
:1041B000B1F9690D87420DDD91F8540DC00709D0A2
:1041C000012408E0B1F97E0DB1F87A5DDEE7B1F9BE
:1041D0007C0DEFE701238CF8006033B101215046DC
:1041E000FFF7A3FE012800D101244B48B0F90010CD
:1041F000A94207DCD9F80010B0F90200B1F8BC1DE3
:1042000081420DDA64B900215046FFF78EFE012885
:1042100006D159460098FFF727FF012800D1012455
:104220002046BDE8FE4FF0F755BB2DE9F0410C46A6
:104230000546F0F752FB394BB8B918683F4A90F879
:104240004400B2F9002000F00F01C1F110000AE0B3
:1042500034F8126016FB01F635F8127017FB006691
:10426000361124F81260521EF2D2186890F801023A
:1042700000060AD532480078012806D12146284692
:10428000BDE8F0410022F2F721B8BDE8F081F0B5B9
:104290001446059F0BE000BF31F9145030F914604B
:1042A00005EB030CB4451ADBED1BB54217DC641EAD
:1042B000F2D11A4B1B6893F845301B09C3F1100467
:1042C0000BE000BF30F8125031F8126016FB03F615
:1042D00015FB04652D1121F81250521EF2D2F0BDCB
:1042E00038B50D46044601F034FB18B11448007887
:1042F000002849D1E80708D0124801681248007820
:10430000012802D12068FFF790FFE8063CD50F484E
:10431000024D007840B31BE03C091000500A100029
:10432000B9091000B5091000B8091000100A1000F2
:10433000D46C0120C3091000120A1000CE0910002D
:104340003D051000F0091000BE091000B70910006B
:104350002868B0F9501000910C49B0F94E3020692E
:104360000A780B49FFF793FF0A48007800280BD022
:104370002868B0F9541000910749B0F952306069CB
:104380000A780649FFF783FF38BD0000B80910001E
:10439000DC8F0120B6091000B90910000890012037
:1043A0002DE9FF4FDFF874A201209D490022DDF8BE
:1043B00034C0AAF800200A789A49096812B1B1F904
:1043C000692216E0BCF1000F07D0974CB1F97122B9
:1043D000247874B1B1F96F220BE0944CB1F97322D7
:1043E0006478022C02D3B1F9772202E00CB1B1F962
:1043F00075228F4C4FF0010BDFF838E294F80090F3
:1044000032E000BFBCF1000F0DD000BF019D03FBE7
:1044100009F405EB4407029D05EB4405AD1CBF1CE8
:10442000A9EB0B041EE0844C14F81340641C04F048
:10443000FF0BEBE737F9146035F91480B6EB08068B
:1044400000D5764236B296420CDDAEF80060B1F887
:1044500079820020B04505DABAF8008008F1010839
:10446000AAF80080641EE5D25B1ECBD204B0BDE882
:10447000F08F6C4810B5006890F8661289072FD548
:10448000664990F87B22B1F900309A4228DC00227C
:104490000A806A490B785B1CDBB20B7090F86842AB
:1044A0009C421DD20A7090F800120324C90703D160
:1044B00090F8BA00C00700D00B24EBF79BFF6048D0
:1044C000016821430160EBF793FF1021052003F001
:1044D000F8F8BDE810404FF48071002007F0BFB934
:1044E00010BD2DE9FF4F82465648002681B007785F
:1044F0005548914634460078B34618B15348007881
:10450000012822D04748006890F86602C0071CD0F6
:10451000D046002516E0DDF838C0E8B24146049BDD
:10452000029ACDF800C0FFF73BFF10F0010F05D055
:104530000120A8403043641CC6B2E4B26D1C08EBF5
:1045400049082DB2BD42E6DB01E03C46FF2640486B
:10455000067044B11FFA89F233463946504600943A
:1045600000F01EF807E03348B0F90010032003F014
:10457000A8F84FF0010B2B48006890F86602C006BF
:1045800007D534484FEA490201680AF55C6009F032
:1045900097F9584605B06AE7284900200870704727
:1045A0002DE9F003069F002F1AD00125012F02D01C
:1045B0001446A9462FE0002410E000BF05FA04F6D7
:1045C0001E420AD0002C0BD053006243BDE8F0031A
:1045D00000EB42011A4609F073B9641C8C42EDDB12
:1045E000BDE8F003704700BF002600EB440C3546E1
:1045F0000BE000BF09FA05F818EA030F02D0BCF976
:10460000008046440CEB420C6D1C8D42F2DB96FBA5
:10461000F7F520F81450641EE6D2E1E752091000C5
:104620003D051000500A100047091000900A1000C4
:10463000B909100050091000882901204009100014
:10464000600A1000BB091000E48C10002C0510005B
:1046500045091000E409100010B5F1F725FEBDE88A
:104660001040F0F75BBF2DE9FF4F83B0FE4F0025F0
:104670008DF804503868DFF8F4A3DFF8F4B390F84D
:104680003B0D2C46C00709D0FA488AF80040FA4989
:104690008BF8004004700888401C0880022007F056
:1046A0007EF903AB93E80700F3F7A7FEF349DFF8C1
:1046B000D083DFF8D093CA78062860F30302CA706B
:1046C000039E06F55C6606D0012816D002281BD092
:1046D000032819D029E0022007F07CF9B8F900007E
:1046E00031464200D9F8000009F0EAF8F0F707FF78
:1046F0000221012007F0B3F818E0E3480470FDF749
:104700005EFAFAF7DCF811E0FDF786F8FAF785F9BA
:1047100078B3B8F9000031464200D9F8000009F03A
:10472000CFF8FF21032002F0CCFF012501A803AC44
:10473000009094E80F00FCF7FCF940EA0504022021
:1047400007F048F99DF8040030B3EBF753FECF486B
:10475000CF4A0168126811430160EBF749FE3868DF
:1047600090F83B0DC0070DD09AF8000028B15521F4
:104770000AE0FFE7FAF746F8D8E79BF8000008B12F
:10478000662101E0C3480178052002F09AFF4FF44A
:104790008071002007F063F807B02046BDE8F08F75
:1047A0002DE9F34F83B00221684600F031FA002171
:1047B00092E0B94E049B307801FB00F203EB420516
:1047C00005EB400404EB400303EB400202EB400E18
:1047D0000EEB400B0BEB400A0AEB4000019000206F
:1047E00073E000BF3EF810C03BF810703AF810803C
:1047F000BC44019F37F8107047446744029735F86E
:10480000107034F810C001FB0908A7EB0C0733F84F
:1048100010C0A7EB0C0C029F674432F810C0BC44D8
:10482000009FB94627F818C034F8107035F810C04A
:1048300096F80080A7EB0C0733F810C0674432F8F5
:1048400010C0A7EB0C0C029FBC444F1C07FB0808D0
:1048500029F818C03EF810C03BF81070ACEB070CFC
:104860003AF81070BC44019F37F81070ACEB0707A2
:10487000029735F8107034F810C096F8008067443D
:1048800033F810C0A7EB0C0732F810C0A7EB0C0CE4
:10489000029FBC448F1C07FB080829F818C035F894
:1048A000107034F810C03678674433F810C0ACEBA1
:1048B000070C029F674432F810C0BC44CF1C07FBB2
:1048C0000606401C29F816C080B2734E3778B946E8
:1048D000B84287D3091D89B2704800788142FFF43D
:1048E00068AF6E4801786C48007811FB00F0420018
:1048F0000099039808F0E4FF0221684600F0ECF903
:1049000005B04BE72DE9FF4F81B09A4693460B0067
:10491000DDE910124FF00006614CDFF88881624D2E
:104920004FF00109374619D0184600F06CFD5F4979
:10493000064698F80000097888420FD0FAF765F823
:1049400060B95B48007848B9474829890068B0F8E1
:104950009201884202D284F80C9000E02773032071
:1049600007F01DF853480078A0B15348CDF80090E7
:10497000534903785148B0F900200198FFF7B1FD81
:10498000040013D101990846FFF70AFF032007F03E
:1049900021F815E04148009703783948B0F9002024
:1049A000484801680198FFF79CFD0446032007F082
:1049B00011F82CB1FFF75DFD2C70012E16D016E01A
:1049C000FFF7EAFD98F8010008B1012100E000219D
:1049D000E9705146504501D000B9EF800A4659466A
:1049E0000F9B0198FFF73FFE0446E5E701242046B0
:1049F00086E710B500F068F8002010BD10B5F3F799
:104A0000FDFEFDF7E7F8F9F787FEFFF725FEFFF754
:104A1000C3FDFCF73CFA24490020087048708880E8
:104A2000C880488108818881C88188700861486190
:104A300088611C31087088700B48006810F8302FAE
:104A40004A704078C87010BD10B5F3F7F8FEFDF756
:104A5000D7F8F9F737FE00F01DFDF1F732FC1148E9
:104A600000214170017110BD500A10009D0A100014
:104A70009E0A1000E8081000A00A1000D46C012063
:104A8000CE091000E40910009B0A1000600A100013
:104A9000FC081000F8081000B9091000B80910004F
:104AA000E48C1000900A100044091000C90910009D
:104AB000C6091000CA091000CB091000D009100067
:104AC000FC880120F00910001CB5044600208DF878
:104AD0000400022006F063FF2046F3F70EFE234990
:104AE0000628CA7860F30302CA7004D001280FD0E8
:104AF000022812D015E0022006F06CFFF0F7FFFC50
:104B00000120F0F725FC0221012006F0A8FE08E0B4
:104B1000FDF75FF8F9F7A5FE03E0FCF773FFF9F77F
:104B2000B3FE01A8002300901A4619462046FCF760
:104B300000F80446022006F04DFF9DF8040098B1ED
:104B4000EBF758FC0A480B4A0168126811430160F0
:104B5000EBF74EFC08480178052002F0B2FD4FF457
:104B60008071002006F07BFE20461CBDD46C012025
:104B7000600A1000FC081000F8081000062904D292
:104B80008B4A515C8B4A535C2BB10021016001467A
:104B9000482002F00CB9864B083353F821300360EB
:104BA000854B43F821000120505470470A4630B429
:104BB0000021062A11D27E4B9A5C72B17C4C0368AC
:104BC000083454F82240A34207D17A4B99547A4BC7
:104BD00043F82210016030BC70470160014630BCD0
:104BE000492002F0E4B82DE9F0410124714D724FE3
:104BF0000026285D38B12E5557F824104A2002F0BF
:104C0000D6F847F82460641C032CF2DBBDE8F08181
:104C10002DE9F041684D674B00270A460C350760C7
:104C2000596805F1140603F10804012A20D0022A6C
:104C300002D0032A3ED12EE05FF0000204EB020C0A
:104C4000BCF800E0BEF1000F07D0521C042AF5DBCF
:104C500002292DD301464C202EE055F82240046055
:104C600046F8220040F20220ACF80000891E31E034
:104C70005FF0040214F802C0BCF1000F02D0521E13
:104C8000F8D215E055F82250056046F822000120C0
:104C9000A054491E1EE0002204EB020CDCF800E0E8
:104CA000BEF1000F0CD0521C022AF5DB0429D1D230
:104CB000002FABD101464B20BDE8F04102F077B8A0
:104CC00055F82240046046F822004FF00330091FD7
:104CD000CCF80000596099E7F0B4374E354B002509
:104CE00004220C360468083356F82270A74212D109
:104CF0009F5C8F420FD1541C11D02F4D00242035C2
:104D0000046045F822409C5401290FD002290BD0A1
:104D1000032904D10CE0521EE6D2002D06D1F0BCCE
:104D200001464D2002F043B898184470F0BC70471B
:104D3000981844708470C470F8E770B51D4E1E4D0D
:104D40000524083620350BE0305D48B155F82410B5
:104D50004E2002F02CF8315D55F82400FFF7BCFF1F
:104D6000641EF1D270BD70B50121134B114A0020B1
:104D700043F821005054491C0329F9DB012111702B
:104D80000C4A05210C4B51600C330A4D04210B4A8F
:104D9000083503F1140400BFC1EB811602EB0616BF
:104DA00043F82160685444F82100491EF4D270BDD4
:104DB000ACDE01007C091000B08C100004A61000CD
:104DC0002DE9FF4FFF4986460020097893460129C7
:104DD00000D10120FC4900240A78FC49571ED1F873
:104DE00000C03EE0911E88423AD00199002301EBB9
:104DF00040099CF876118A4649060CD5B8420AD17A
:104E00005EF820109CF8DA5D694364261BFB06F50A
:104E100091FBF5F503E05EF8205095FBFBF5594654
:104E200017E000BF5FEA4A6625D5B84223D101FBEF
:104E300002F839F818609CF8DA8D16FB08F64FF086
:104E4000640896FBF8F601E0764201E0761BFBD49D
:104E50003344491EE6D293FBFBF1A14200DD0C4630
:104E6000401C9042BEDBB4F5803F09DB4FF6FF707B
:104E700004B0BDE8F08F01FB02F639F91660E5E7F2
:104E8000A0B2F5E7F0B5D149D14C096891F83422C8
:104E9000D2072ED0CF4A52784AB191F83F32B1F8BA
:104EA0003A5203F00F021B09B1F83C6208E091F896
:104EB0003E32B1F8365203F00F02B1F838621B09E6
:104EC000C54F3F7A27B191F8641201F00F020B0928
:104ED000A84201DC2260F0BDB04201DB2360F0BDDE
:104EE000401B991A4843711B90FBF1F0104420605D
:104EF000F0BD0020FBE7B548B64900680A7800F22B
:104F00007710805C48717047B049B24A09681070E8
:104F100001F27711085C507170472DE9F04FDFF80E
:104F2000ACA2DFF8B092DFF8B4B2DAF8001099F86A
:104F30000070864691F88F6191F88E113BF81750FA
:104F400000206FF000424FEA11180B071FD001F04C
:104F50000F0C9E4C00210B462468B54294F88D41FD
:104F600005DBAE1B06FB08F696FBFCF63444974EB9
:104F700099F801C03668BCF1010F96F8756109D047
:104F8000BCF1020F09D006F00306D84612E04FF03C
:104F9000010CDEE7C6F38106F7E7C6F30116F4E776
:104FA00038F813C0624501DD62461846614500DAF3
:104FB00061465B1CB342F3DDAEF80010DAF8003056
:104FC00093F8BC1A5FEAC16C04D5C1F3411189F8AA
:104FD00000101EE093F876115FEAC17C7F49A1F1D1
:104FE0001C010CD099F800C04FF0000ABCF1020F70
:104FF00012D081F800A081F801A081F802A0AA1ABD
:10500000A24204DCB74202DC8978002936D089F854
:105010000000BDE8F04F6EE7C64693F8E4CBB8F861
:105020000080E346E04506D291F800C00CF1010C87
:1050300081F800C001E081F800A0BEF80280D845E8
:1050400006D291F801C00CF1010C81F801C001E019
:1050500081F801A093F8E53B91F800C04FF00108FA
:10506000634502D200200B7005E091F801C0634552
:10507000C5D201204B7081F80280C0E7F9E62DE926
:10508000FF4F52499346DDE90D4209684FF0000E8B
:10509000994691F897517346EF07514D76461CD0CB
:1050A000012C1AD14F4F002492463F782246BF1C54
:1050B0000AE000BF1AF802C091F89881C44501D9EE
:1050C000641CE4B2521CD2B2BA42F3D391F89921D3
:1050D00085F86340A24200D201263E4C91F8762129
:1050E000904694F802C0520707D5BCF1000F00D1DA
:1050F00001983D4A127802B148463C4A1278012A8A
:1051000002D13B4A12784AB1B1F8812182421AD2C7
:1051100091F87421120716D503232DE0B1F88721E9
:10512000824203D291F874211207F5D4B1F8852197
:10513000824203D291F8742152070CD4B1F8832132
:10514000824214D318E0B1F87F21824205D291F84F
:105150007421520701D502230EE0B1F87D2182426D
:1051600005D3B1F89071A9EB0B02BA4204DD91F8B6
:105170007421920700D50123184A1C3AD778BB4204
:105180000CD1BC4516D01B4B1B78012BD36801D129
:105190005B1ED360002B0DDCA7700BE063B3022B0A
:1051A00001D1012F2CD091F87B71D760D370002FE3
:1051B00000DCA3705FEA08733ED5B1F87F715F45EC
:1051C00024D21AE0BE091000B9091000500A1000DC
:1051D00070091000900A1000E48C1000A80910005B
:1051E000D46C0120B809100047091000C209100052
:1051F000C3091000C009100002E03EB1022306E01E
:1052000091F87C7107EB87077F00CEE700231679C2
:10521000B34209D1E178B1420ED01169491E116142
:10522000002909DCE67007E053B191F8951111618E
:105230001371002900DCE370E17839B1617007E097
:1052400091F8961101EB81014900F0E7A2786270B4
:105250009E4A1388834200D2108015F8590F61F3DB
:105260000300A17861F3071005F801096178287837
:1052700061F3030028707046FAE5954A126892F8C7
:105280007421D20607D5421A002A04DCC1EBC111F1
:105290000844C0F3CF1070478E4910B50020487005
:1052A0008870C8708C498A4A8860C86008704870E5
:1052B000C8700871126892F83432DB0703D092F894
:1052C0003F22120900E00022844B1A604861886185
:1052D000C86108624FF4A051814808F0B2FBBDE8F4
:1052E00010404FF420717F4808F0CDBB2DE9F74FF7
:1052F00084B00021ADF808100C467B49DFF8D8B126
:105300004FF6FF7591F8008010210BF11C0B4FEA4E
:10531000081907460026ABF1080A009116E000BF05
:10532000704906FB08F001EB800043463946009ABD
:10533000FFF746FD2AF816005B463BF81610FFF70C
:105340009CFF23F8160007EB4907761C624840795A
:105350008642E5DD02A8FFF7E0FDDFF878915E46C2
:1053600099F800003BF810703AF810105F48078079
:105370005748006890F8750100F00302C0F301106F
:10538000824200D910460022D04609E038F8123097
:10539000AB4200D21D46A34200D91C46521C52B259
:1053A0008242F3DD524823460480DDE90502CDE95F
:1053B00000022A463846FFF762FE04463846FFF7E9
:1053C00061FD99F800104B4838F8111020F81A1FA9
:1053D00085873188018671884186B1888186F18808
:1053E000C186204607B044E530B509E031F91340E5
:1053F00032F91350641B50F823502C4440F82340DA
:105400005B1EF3D230BD2DE9F74F82B00021009131
:105410003549102605460C782F4931484FEA041BC0
:105420008A684F7992FBF6F306FB1322624300EB86
:105430004208DFF8B0904FEA440A7F1C10E0234690
:10544000424629464846FFF7CFFF52462946404686
:1054500008F036FA05EB440508EB4B0809EB840924
:105460007F1EECD21C484FF0FF3202EB46028168EF
:10547000491C81608A4200DA86608068B04202DAA4
:10548000009805B0F5E4DDE903121548FFF72EFF9B
:105490000090F6E710B50E4C206890F87501C0F347
:1054A0000112C0F3810100F0030002F050FE0A492E
:1054B00048712068074990F8D20000F00300087096
:1054C000FFF719FDBDE81040E6E600004A091000AC
:1054D000500A1000900A10008C091000700910008A
:1054E0009440012094540120B9091000480910008B
:1054F0004C091000D46C012070B5F54EF54C3168A4
:1055000091F83100207191F83010617110FB01F2B7
:105510006283401EC21700EB927020F00300083037
:10552000C0B2E07510FB01F0A083EB480025407984
:10553000A0710120E071207260726070E583A57235
:10554000E572E5742575FFF759FA306890F8701C1C
:1055500001F001016176E14990F876000870FEF7EC
:10556000DDFCF4F713FB258470BD70B5D94D002424
:105570001021DB486C6208F064FAEC62AC62FFF761
:1055800063FAFFF7F0FBD7480480BDE87040B3E74B
:10559000F0B5D549CF4891F83030037191F83120FA
:1055A000427113FB02F215B2458391F833208271E8
:1055B00091F82C20427091F82D30C37191F82E3063
:1055C000037291F82F30437291F83530837291F85D
:1055D0003630C372C54B0363C14BC64E10334363B1
:1055E000C34B8363BA4B1C6894F8BD3ADF070B4684
:1055F00093F83E3009D0052A07D0062A05D013FBC0
:1056000005F506EB4505C56300E0C6630D68BA4EB7
:1056100005644FF400453580B84E6D1E3580002579
:10562000B74E4564062A3580437591F83D30C37006
:1056300091F83C30837091F83F30837591F8403099
:10564000C3750BD191F84100012807D1AD4894F8FA
:10565000781001700A2901D20A210170F0BD70B5DD
:10566000A148A04C90F82C00A070A748E1780078E1
:1056700060F30711E170974920790A7B62F300001B
:10568000CA7B62F3C3008A7B62F382000A7C62F306
:105690004100227B22F00803914A557B65F34103C8
:1056A000D579127A65F3451362F386138A4A237318
:1056B000527984F849208A7CE2714A7C62F30410B2
:1056C0002071CA7C607B097D62F3030061F30710DF
:1056D00060738E48007884F827008D480088208504
:1056E0008C480178A07B61F30300A0738A4801789D
:1056F000E07B61F300008949097861F3410020F003
:105700000400E0738648874900780978084384F8E4
:105710007F008548017894F87D0061F3410084F8AA
:105720007D00EFF7DAF8217960F34511217170BD42
:1057300070B50D4680EA0506F00601D5F0F7B4FD18
:10574000674CC5F300102070B00601D5EFF7E6FEF8
:10575000C5F340106070C5F3C000E071C5F3801060
:105760002072C5F30020607370480068062814D0CA
:105770000021A173072812D00020E0735A480022AC
:1057800090F82C1002290CD005290AD0A272042905
:105790000CD006290AD0E27270BD0121E9E7012090
:1057A000EBE7436A03B10123A372F0E7406A00B15B
:1057B0000120E07270BD2DE9F041464D4A4CE96A86
:1057C000206A81EA000619B910B1FFF7CEFE0FE09A
:1057D000F00709D0564F387820B108F0B7FA08B969
:1057E00000203870FFF70AF9F00601D5FEF734FF04
:1057F000E169686AFFF79CFFE0696862206AE86215
:10580000606AA862BDE8F041C2E670B5494D2C68F7
:10581000002C0DD02F49A0B2CA7A897A01F036FC4B
:105820002868A043286003D1BDE8704001F08FBC18
:1058300070BD7FB5002501F0A9FA012006F0AFF890
:10584000FFF7B9FF234C94F82C00C00713D026486B
:10585000C16890F83730856B82698DE82E00D0E9F9
:1058600004234168206CFFF74DF80546D4E90F107A
:10587000626BFEF777FCA06A50B14DB9032006F0C9
:105880008EF81948A16AFEF72BFD032006F0A2F856
:10589000FFF7E5FEFFF7B9FFFFF74FFAFFF7A3F9B0
:1058A00004B00120BDE8704006F094B810B522495C
:1058B000084A0B78917BD47B2143147C927C214352
:1058C0001143E8B3E9BBEBB31C480078C8BB3EE02A
:1058D000500A1000B4091000900A10009C0A100031
:1058E000E48C1000D46C0120B4B91000F45D0120E8
:1058F000145701207C6D01209C0510009E051000AE
:1059000042051000C1051000700910004509100083
:10591000500910002C051000280510003D0510004E
:105920001A0A1000220A1000780910007C0A1000E0
:105930000E051000800A1000460910007B091000B7
:1059400001E002E003E0194301D0012010BD002076
:1059500010BD6448817BC27B1143027C1143427BB2
:10596000807C1143014301D0012070470020704723
:105970005C48807C70475B4A1178814209D05A4963
:10598000137E096833B191F87B3000BF81F8723023
:105990001070704791F87A30F8E754480021017090
:1059A000FF21417070471CB5FFF7DFFD4E4C4D4D98
:1059B000206890F87110C1F34011297690F8E50C39
:1059C000C0070ED10026334601223146042000963E
:1059D00007F071F90023012219460520009607F00F
:1059E0006AF9FFF7DAFF424E01AB002230880B2143
:1059F000401C3080022005F07BFF0198C0072ED0AC
:105A00000121022005F057FF206890F8E50CC0073F
:105A100003D1052008F070F92876287EFFF7ABFF48
:105A2000206890F89A10090706D490F8CF0D400628
:105A300002D43048007880B102F044FDFFF7F9FE4F
:105A400002F046FD28840146206890F89A0000077D
:105A500005D50B2001F084FF01E0FFF7EAFE019875
:105A6000800705D50221084605F025FF00F008F85B
:105A700001980007B8D50821022005F01CFFB3E704
:105A800070B5002501F082F9012005F088FFFFF7CD
:105A900092FE144C94F82C00C00709D0164E3068C2
:105AA000FEF7A7FF05463068626BE16BFEF75AFB15
:105AB000A06A50B14DB9032005F071FF0E48A16AEC
:105AC000FEF70EFC032005F085FFFFF7C8FDFFF78A
:105AD0009CFEFFF732F9FFF786F8BDE87040012021
:105AE00005F078BFB4091000500A1000180A100021
:105AF000A60A10001A0A1000B4B910000D4D0020BB
:105B00000D4C28602868401C2860EAF773FC07F0F9
:105B100023FE0128206809D040F00400206006F030
:105B20006DFC00BFEAF764FC30BFEBE720F0040037
:105B30002060F7E7140A100010ED00E070B5134C78
:105B400025462021114807F07CFF104800F06CFF2B
:105B50002B78421E691C184600F090FB18B10120FA
:105B6000216801F0AEFD00F079FF0028E9D170BD99
:105B700038B50C46054605F072FE6946284605F024
:105B8000A8FE00992142F8D138BD0000D49310003E
:105B900070B5002300290EDD0278491E1B2A0AD2A7
:105BA000FD4D401C55F8324005EBC202526891424F
:105BB00001D1A0470346184670BD10B500F071FF33
:105BC000012010BD017811B9F44940780870012016
:105BD0007047F34900880880087810B9F14900201F
:105BE00008800120704710B50168406811F0FF027D
:105BF00040D0ED4AC1F30743642B126801D96423F6
:105C000002E01BB992F8BB3263F317410B0E232B52
:105C100000D81BB992F8DE3363F31F61C4B2C0F33E
:105C200007239C4202D80BB10F2C08D992F8773386
:105C300003F00F0464F307001B0963F30F20C0F3A4
:105C40000743022B00D823B992F87B23120962F391
:105C50001740D34A42F8021FD449506008688207AF
:105C600006D520F00200086008210120FFF780FF20
:105C7000012010BDCA48801C0270002010BD10B564
:105C80000168406811F0FF0240D0C74AC1F30743E2
:105C9000642B126801D9642302E01BB992F8BB326D
:105CA00063F317410B0E232B00D81BB992F8DE3398
:105CB00063F31F61C4B2C0F307239C4202D80BB147
:105CC0000F2C08D992F8773303F00F0464F3070020
:105CD0001B0963F30F20C0F30743022B00D823B93D
:105CE00092F87B23120962F31740AD4A42F80A1F6B
:105CF000AE4950600868820706D520F002000860AF
:105D000008210120FFF734FF012010BDA4480A300C
:105D10000270002010BD10B50278A448016812B1CD
:105D200041F0080101E021F0080101600821012093
:105D3000FFF71EFF012010BD9B4910B5096891F8BF
:105D4000961C49070AD50078C2079848016802D016
:105D500041F4807101E021F480710160082101208B
:105D6000FFF706FF012010BD70B59149914A0378F5
:105D700009684FF00004CE018B494FF00105096816
:105D800002D54BB1032301E033B1022313704078F5
:105D900081F84606012070BD157081F84646F9E786
:105DA0000078C107844800D00121017001207047AC
:105DB00010B50078814BC2078148016805D0814A3F
:105DC0001278052A08D0062A06D000221A7021F07F
:105DD00008010160012010BD01221A7041F0080184
:105DE00001600B20EEF742FCF4E76F490078096888
:105DF00091F8E51CC90704D073490A78904200D095
:105E00000870012070470EB501680091416801914A
:105E10000089ADF808009DF8000020B101283ED0AF
:105E2000022873D0A7E09DF8010030B101280FD0FF
:105E3000022818D003282BD120E0BDF80830BDF887
:105E40000620BDF80410BDF80200F8F7C5F81FE001
:105E5000BDF80830BDF80620BDF80410BDF80200FA
:105E6000F8F7C3F814E0BDF80830BDF80620BDF817
:105E70000410BDF80200F8F7C1F809E0BDF80830D9
:105E8000BDF80620BDF80410BDF80200F8F7BFF811
:105E9000BDF80610BDF80200F8F78AF86BE09DF82F
:105EA000010030B101280FD0022818D0032862D198
:105EB00020E0BDF80830BDF80620BDF80410BDF89C
:105EC0000200F7F7FDFF56E0BDF80830BDF80620E8
:105ED000BDF80410BDF80200F8F711F84BE0BDF86A
:105EE0000830BDF80620BDF80410BDF80200F8F730
:105EF00025F840E0BDF80830BDF80620BDF80410D4
:105F0000BDF80200F8F737F835E0FFE79DF801002B
:105F100030B101280FD0022818D003282BD120E05F
:105F2000BDF80830BDF80620BDF80410BDF8020029
:105F3000F7F779FF1FE0BDF80830BDF80620BDF87F
:105F40000410BDF80200F7F78DFF14E0BDF808302B
:105F5000BDF80620BDF80410BDF80200F7F71BFFDE
:105F600009E0BDF80830BDF80620BDF80410BDF802
:105F70000200F7F73BFF01200EBD0CB50168009150
:105F800000798DF8040008489DF800100068E9B118
:105F9000012928D123E00000C0DE01009C0A100086
:105FA000180A1000C4081000500A1000880A1000D7
:105FB000C8051000BC051000580A1000980A10000F
:105FC0008C0A1000B5091000CC091000BDF80110B2
:105FD000A0F8E81CBDF80310A0F8EA1C03E09DF847
:105FE000011080F87A1C01200CBD0EB50088ADF8B8
:105FF00008009DF808109648012904D0022926D0EF
:10600000032946D060E09DF8091008295CD2DFE83A
:1060100001F004070C0F1215181BD0E9181001E04D
:10602000D0E91A10CDE9001049E0D0E90810F9E7ED
:10603000D0E90A10F6E7D0E91C10F3E7D0E91E100A
:10604000F0E7D0E90C10EDE7D0E90E10EAE79DF893
:106050000910082938D2DFE801F004070A0D1013EF
:106060001619D0E91010DDE7D0E91210DAE7D0E90F
:106070000010D7E7D0E90210D4E7D0E91410D1E737
:10608000D0E91610CEE7D0E90410CBE7D0E906102E
:10609000C8E79DF80900082806D009280AD00A2870
:1060A00014D00B2810D115E0694951F88A0F0090DF
:1060B000486803E0664850F8921F0EE0019000F037
:1060C000F0FC684600F08AFD00200EBD604850F8E4
:1060D0009A1F02E05E4850F8A21F00914068EDE769
:1060E0001CB55C4C207840F0F0008DF80000607822
:1060F0008DF80100A0788DF80200E0788DF803009B
:1061000020798DF8040060798DF80500A0798DF86C
:10611000060000F0C6FC684600F060FD002000901C
:106120000190E0798DF80000684600F057FD0120ED
:106130001CBD1CB5474C0834207840F0F0008DF8A9
:10614000000060788DF80100A0788DF80200E078FA
:106150008DF8030020798DF8040060798DF8050032
:10616000A0798DF8060000F09CFC684600F036FD32
:10617000002000900190E0798DF80000684600F062
:106180002DFD01201CBD10B50178334A090911709D
:106190000078324900F00F00087080210120FFF7DD
:1061A000E7FC012010BD002070472D4AFF2111702F
:1061B0002C4A117003882C49002213B106230B606E
:1061C00000E00A60294900880880294802800120EF
:1061D0007047234AFF211170224A1170018851B182
:1061E000214A0721116023490088088022490020A4
:1061F0000880012070470020704703881A49002258
:1062000013B106230B6000E00A60184B0188198067
:1062100017490A80124A817811701249C0780870B3
:10622000012070470E4A817811700E4AC1781170B2
:10623000018851B10C4A072111600E49008808807D
:106240000D490020088001207047002070470000A1
:10625000B42810001A0A10005C0A10005D0A100031
:10626000AF0A1000B00A10007C0A1000B40A100037
:10627000B60A1000BA0A1000B80A100010B50C4691
:106280000023A0F1A001092903D8F84850F82130D3
:1062900008E0C0280AD1F549A0F1C000A1F104012D
:1062A00051F820301146204698470346184610BD45
:1062B0000020704770B5EE4C00230029236011DDEB
:1062C0000278491E042A0DD2E84D401C283555F8A5
:1062D000324005EBC2025268002A03DB914201D131
:1062E000A0470346184670BDE24940F28A2007F0F5
:1062F00048B8AFF20B0140F28A2007F042B8DE48FE
:106300008188491C8180DD480088DD490880AFF222
:106310001D0140F28A2007F034B87D2000E000BF64
:10632000401E80B2FBD270470021012802D1D54A1D
:1063300081211070D4480160EEF75ABA10B50020E0
:10634000FFF7F2FFFFF7E9FFFFF7E7FFFFF7E5FFD2
:10635000BDE810400120E7E770B505460020297828
:10636000CA4EC54C8A0601D4C90719D0C849C94AC2
:106370000968B1F8C01A11802A784FF0010193061C
:1063800007D5C04A8120117031702188491C2180B5
:1063900006E0D20704D0317061880120491C618079
:1063A000B949086004210120FFF7E2FB2878C10702
:1063B00005D1800603D400203070054608E030780F
:1063C000012528B12089401C2081FFF798FF01E0BA
:1063D00006F0F9FF284670BD10B500F062FB012001
:1063E00010BDAB4810B5006890F8500CC00701D044
:1063F00000F057FB10210120FFF7BAFB012010BD70
:1064000010B50146002409782046062924D006DC70
:1064100006292ED2DFE801F0101217191B1E1029D1
:1064200024D004DC07291AD0082922D11AE0112926
:106430001ED020291DD123E0012423E002240120C5
:1064400000F078FA15E004240EE0202400E0402457
:1064500001200EE08024FBE74FF48074F8E74FF44E
:106460000074F5E74FF480640220E9E7082400E0B7
:1064700010247F4914F0180F0C6005D0102109E09A
:106480004FF400640020DBE77F490A68824204D0B1
:10649000086004210120FFF76BFB012010BD70B5DF
:1064A000002300290FDD0278491E052A0BD26F4D0B
:1064B000401C483555F8324005EBC2025268914203
:1064C00001D1A0470346184670BD10B50078C20739
:1064D0007148016802D041F0020101E021F002019F
:1064E000016008210120FFF743FB012010BD0120BE
:1064F000704710B50178CB0767490A6802D042F0AF
:10650000080201E022F008020A600078800702D544
:1065100042F0400001E022F0400008600821012024
:10652000FFF726FB012010BD10B5002103780A46B5
:106530009C0601D5202100229C0701D541F00201D3
:106540005C0701D541F004011C0701D541F00801A9
:10655000DC0601D541F010015C0601D541F0400197
:106560001B0601D541F080014378DC0701D041F4DE
:1065700080719C0701D541F400715C0701D541F49D
:1065800080611C0701D541F40061DC0601D541F4AE
:1065900080519C0601D541F400515C0601D541F4BF
:1065A00080411B0601D541F400418378DC0701D00E
:1065B00041F480319C0701D541F400315C0701D5DD
:1065C00041F480211B0701D541F40021C078C307A5
:1065D00001D041F08071800701D541F000712F4852
:1065E000C0E90012012010BD0020704770B50023E3
:1065F00000290FDD0278491E0B2A0BD21B4D401CCF
:10660000703555F8324005EBC2025268914201D113
:10661000A0470346184670BD0146002009780729A7
:1066200006D21248C83050F82120002108461047F1
:10663000704710B505F099FE012010BD10B54FF45C
:1066400000610020FFF794FA012010BD10B54FF44F
:1066500080510020FFF78CFA012010BD10B54FF4D7
:1066600000010020FFF784FA012010BD9CDF01002B
:106670008C0A1000A5460000F8B91000A40A10000A
:10668000A20A10002A0A1000840A1000A80A1000AA
:10669000500A1000FA081000880A1000C8051000FF
:1066A00010B54FF080610020FFF762FA0120DCE7AF
:1066B00010B54FF000610020FFF75AFA0120D4E72F
:1066C00010B50078C00702D000F049FB01E000F0EF
:1066D0003DFB0120C9E710B501889B480024CA078B
:1066E000007804D0052802D0062800D002248A07AA
:1066F00005D5052801D0062801D144F00404480737
:1067000001D544F0080494B1E9F774FE8F4801689C
:1067100021430160E9F76CFE0221052000F0D1FF62
:106720004FF480710020FFF723FA01209DE700203D
:106730009BE710B500880024C10700D00124810721
:1067400001D544F00204410701D544F004040007D8
:1067500001D544F008046CB1E9F74CFE7C480168AF
:1067600021430160E9F744FE02210020FFF700FA0F
:1067700001207AE7002078E70020704710B50088F4
:106780000024C10700D00124810701D544F0020490
:10679000410701D544F00404010701D544F0080481
:1067A000C10601D544F01004810601D544F020044F
:1067B000410601D544F04004010601D544F08004AF
:1067C000C10501D544F48074010501D544F4006489
:1067D000C00401D544F480546CB1E9F70BFE5D4868
:1067E000016821430160E9F703FE80210020FFF7E3
:1067F000BFF9012039E7002037E710B50078C0075E
:106800000ED0E9F7F7FD5448016841F0010101603D
:10681000E9F7EEFD4FF080710020FFF7A9F90120A4
:1068200023E710B500880024C10700D001248007A9
:1068300001D544F0020474B1E9F7DCFD4748016872
:1068400021430160E9F7D4FD4FF480010020FFF7F8
:106850008FF9012009E7002007E710B50078002430
:10686000C10700D00124810701D544F0020440078C
:1068700001D544F0040474B1E9F7BCFD384801685F
:1068800021430160E9F7B4FD4FF480610020FFF778
:106890006FF90120E9E60020E7E610B50078002452
:1068A000512841D01CDC172836D00CDC112833D0FD
:1068B00004DC01282DD0102834D12DE012282BD053
:1068C00013282FD128E032282AD004DC302827D002
:1068D000312827D124E0332822D0502822D123E0A8
:1068E000732824D00CDC702821D004DC52281BD063
:1068F000532817D118E0712819D0722812D116E048
:10690000742814D0752812D0762810D0772809D191
:106910000DE000F0C4FA01E000F06CFB012401E09E
:1069200000F088FB2046A0E600F072FBF6E700F0DE
:1069300051FCF3E7002118B1012801D0022800D151
:1069400001210846704700000C051000600A100085
:10695000640A1000700A1000780A1000740A10000F
:106960006C0A10001C4908B500201C4C08601C492A
:106970002060086000F093FA00F07CFE6B46002275
:106980001921032004F0B4FF0098C00705D00121AD
:10699000032004F090FFFFF7D1F8009800070BD513
:1069A0000821032004F087FF2068082140F0080038
:1069B00020600120FFF7DCF80098C006DED510212A
:1069C000032004F078FF2068082120F008002060F0
:1069D0000120FFF7CDF8D1E7840A1000880A1000E3
:1069E0008C0A10001F4800210170417081707047AF
:1069F00010B51C4C0346A078102814D20F2900D9DA
:106A00000F211948227800EB02100A4600F8011BFA
:106A1000194606F055FF2078401C00F00F0020704A
:106A2000A078401CA07010BD70B50E4C0025A17858
:106A300091B10D49627801EB021111F8015B2A4610
:106A400006F03EFF6078401C00F00F00607072B6E8
:106A5000A078401EA07062B6284670BD01488078BC
:106A6000704700002B0A1000F4931000784910B50D
:106A70000020087001F10802764B136001F1100349
:106A8000754C1C601071187148604FF48074214679
:106A9000704806F0F8FF2146BDE810406E4806F049
:106AA000F2BF10B572B600206949087001F1080202
:106AB0004FF48074107108321071486021466548A7
:106AC00006F0E1FF2146644806F0DDFF62B610BD26
:106AD0005F480830007908B10020704701207047F6
:106AE0005B49083108680979C01D07E0027801F0A8
:106AF0003F0322F03F021A4300F8082B491EF5D24B
:106B000070472DE9F041524C08342079C0F1200142
:106B1000CFB290B300214E4D884610352E79BE423B
:106B200000D33E462168F20001EBC000296806F060
:106B3000C7FE2079304420712879B8420FD96FF010
:106B40000702296802EBC0020A442168D2E9003238
:106B5000C1E93E32C11B3E484268114441600020F9
:106B60002871FFF7BDFFB8F1000F08D02079002889
:106B700005D0BDE8F04100F0DBB80121CBE7BDE86E
:106B8000F08170B572B6401C314EC0F3C7040836B0
:106B90003079A04200D80446001B10F0FF0505D054
:106BA0003068EA0000EBC40106F0CFFE3068E10077
:106BB00000EBC50006F045FF3571FFF791FF307916
:106BC00008B900F0BCF862B670BD10B572B6FFF738
:106BD00098FF1F490020087062B610BD70B572B6EC
:106BE0001B4D2A78016805F108046AB110352B465F
:106BF0002A791B68202A1FD003EBC203521C19609C
:106C0000406858602A711BE0114B22790833202A12
:106C10001B6809D203EBC203521C1960406858601C
:106C20002271FFF75DFF0BE043F8F81F40685860E2
:106C30006868401C686003E043F8F81F40685860CB
:106C40002079012801D100F073F862B670BD000010
:106C5000300A1000B46B0120F494100070B50E4C93
:106C600005460C4820800D4E6680A680E68000F028
:106C70007AFA01460A48014421810A4909880844F0
:106C80006081A6810848C5E9000407202872002019
:106C9000687270BDB46B0120F4951000B56C0120D2
:106CA0000000FFDF500A100085E0010010B5A428A5
:106CB00009D004DCA02806D0A22813D103E0A8281C
:106CC00010D0C0280ED1002A0CD02B49521C0870BD
:106CD000D1B22948FFF78CFE0121BDE81040032006
:106CE00004F0BDBD10BD10B5872806D11046FFF7D2
:106CF00048FFBDE81040FFF768BF10BD872801D1ED
:106D000007F058B8704710B5012101741B490160A4
:106D10001B4A0021C0E901121A4AC2601A480170D8
:106D200006F09CFF0021BDE81040012005F0B6BF31
:106D300015480078002801D006F0F8BF70471248C7
:106D40000078002801D006F089BF704710B572B6F0
:106D500000200D49087006F081FF62B610BD10B525
:106D600072B6012008490870FFF7B2FE08B906F0B4
:106D7000DDFF62B610BD0000B46C0120AD6C0100F7
:106D8000976C01005D6C0100480A100070B5044D5D
:106D9000A82128462C8806F076FE641C2C8070BD45
:106DA000D46C012033480021016041607047C0B2BB
:106DB000012200F088FCFEE7884605461646802141
:106DC0002D4806F060FE2C4C2C4F2760C4E901864C
:106DD0002868206168686061A868A061E868E0616F
:106DE0002869206268696062A869A062E869E06257
:106DF00023480068206322481038006860632048F8
:106E00000C380068A0631E4808380068E0631C481E
:106E1000001D006820641A4834380068606418480F
:106E200014380068A06404F06AFEE767C4E914053A
:106E300031464046FFF7BBFF10B50446C0B2002202
:106E400000F041FC0F490868082803DA094A145485
:106E5000401C086010BD012806D0022808D100227D
:106E60001146132000F02FBC002211461220F9E732
:106E70007047000070EF012080EF0120AF0550FA4D
:106E800038ED00E04C0A1000FD48FE4A01689142CE
:106E900004D1FD4902794A70002101607047F0B5C4
:106EA00085B040F61801F64806F0EDFD684605F09D
:106EB000FDFDF34C012500266570A680A671022019
:106EC000E07105F03AFA208105F033FA070205F087
:106ED00030FA47EA102060811820208245F2240011
:106EE0006082EA480068418AA182018AE182E84919
:106EF000B1F8222C2283B1F8202C6283427D2277C4
:106F000091F8241C6177E34909684A7CA27790F8DC
:106F1000B82D120703D0E04A1278012A25D090F844
:106F20009A2002F00102E277019A2262009A6262DC
:106F3000029AA262DDE9032342EA0322E262826945
:106F40002263C2696263D54A1268A2630368E3637D
:106F5000D34BA36490F836301B0708D5B0F8373010
:106F6000A4F85030B0F8393005E00622DBE7438E54
:106F7000A4F85030838EA4F8523090F8313084F861
:106F8000543090F8300084F85500A26591F8320032
:106F900024F85C0F91F821006080A680C148E08051
:106FA000C148A084C148A085C148E085C148208669
:106FB000C1486086C148A086C148E086C148208794
:106FC000C1486087C148A087C148E087C148A4F88C
:106FD0004000AD49C048A4F84200C888401CC880A1
:106FE000A52204F85C2C04F85B5C24F85A0C0D70A4
:106FF00005B0F0BD70B5A44C05460023E088A0495B
:10700000401C82B2E280284601F05FFF257070BD0F
:1070100070B5054640F61801994806F034FD9A4CC3
:107020009749E088401C82B2E280284601F07AFF4E
:10703000257070BD70B5944C05462078A84204D0E8
:1070400040F618018E4806F01EFDA448A5700F21D9
:1070500001608B48A82110302061103800F1B8037E
:1070600001718A4963610A6892F8311092F8302000
:107070004171827111FB02F503EB4506A661C171F6
:10708000294403EB4101E161027270BD2DE9F04139
:1070900005467D4C1746C00704D0A82282492069C6
:1070A00006F00EFC794EA80712D5306890F8311022
:1070B00090F8300011FB00F2A07830282CD0312855
:1070C0002CD032282CD07B495200606906F0F8FBA6
:1070D00068070ED5306890F83120A078302822D08B
:1070E000312822D0322825D076495200A06906F0F6
:1070F000E7FB280729D5306890F83020A0783028A1
:107100001AD031281AD032281DD07249E069BDE862
:10711000F041520006F0D4BB6449D5E76449D3E797
:107120006F480168D0E76549DFE76549002FDCD08B
:107130006C49DAE76449D8E76449E7E76449002F16
:10714000E4D06949E2E76449E0E7BDE8F0814C4AF0
:10715000A52010704C48817851700170C188491C7D
:10716000C180518070474648704730B587B00C46A3
:1071700000218DF80C104FF4832504AB03AA694657
:1071800000F00CFA9DF8100010B1112816D01AE08A
:107190009DF80C20BAB10098627105EB800104F1F2
:1071A00010000A78930703D002F0FC02083200E0D6
:1071B000121DD2B206F084FB07B030BD322000228F
:1071C0002071114603E0302000222071114600F0AA
:1071D0007AFAF1E770B505464FF4C871284806F011
:1071E00052FC294C2649E088401CE0802846FFF7E5
:1071F000BCFF23482570A52101704570E1884180BE
:1072000070BD2DE9F84F884606460C460D1D00233B
:107210009B220421404601F095F878BBA078B0424B
:107220002CD1217800239B22284601F08BF861782D
:1072300088427FD1207881070AD0022202EB900693
:10724000002101E02954401CB0EB860FFAD302E084
:10725000012101EB90060024DFF824B04FF48325D0
:10726000A1464FF0330A00BF55F8240005EB840710
:10727000401C40D000239B22042137E05AE000004C
:10728000000001204B435546AC0A1000500A100084
:107290005C900120540A1000580A1000F0FF010011
:1072A0002C010201A4320120D46C0120C4A10120D0
:1072B00014570120F45D01207C6D0120109F0120F6
:1072C000EC0B0120E40C0120DC8F01203C9F01200D
:1072D000180C0120100D012008900120800A1000D8
:1072E000F0091000700A01209C0A0120384601F0C4
:1072F00029F810B115E000940CE03878810704EB10
:10730000900401D0A41C00E0641C602CACD3B9F143
:10731000000F06D031464046009A05F048F9002893
:107320000CD000228BF804A011463320BDE8F84FA2
:1073300000F0C9B9002211463120F7E7BDE8F88F07
:1073400010B5C34C24F8201004EB80008270C37089
:1073500010BD2DE9F84F8146BE488A468389C7890A
:10736000BB42EBD200F120043BB9BB492180A18094
:10737000FF21A170E170A171E171B84A012190F87B
:1073800003C0157817E0B64A126892F8D82D8AB96A
:10739000AC4501D261450DD13AF91120B4F9008014
:1073A000160000D55642B04504DA002A00DA5242EF
:1073B0002280E170491CA942E5DBAA4A0121067935
:1073C000157817E0AE4201D2B14212D139F911203D
:1073D000B4F904C0B2F1000801DAC8F10002944522
:1073E00007DAB8F1000F01DAC8F10008A4F8048048
:1073F000A171491CA942E5DB5B1C99B28181B942AC
:107400009CD100258581C58197480560009594F938
:107410000230E278B4F90010052000F028FB009556
:1074200094F90630E279B4F90410062000F01FFB4D
:1074300084E72DE9F84F874ADFF81CC28B4F47F6E7
:10744000FF715389B2F808808A46DFF824B207F545
:10745000DC666446E146554643453BD243B9BBF939
:10746000003003E027F8131026F813C05B1EF9D292
:10747000BBF9001092F804E0D37829E0DFF8DCC112
:107480009CF800C0634513D2DFF8D8C19CF800C057
:10749000CDF800C0E6450BD291FBFCFC9C4517D112
:1074A000DDF800C091FBFCF80CFB1818F0450FD17B
:1074B00037F9118030F911C0E04501DD27F811C01E
:1074C00036F9118030F911C0E04501DA26F811C013
:1074D000491ED3D25089401C80B250811189884204
:1074E0005BD14FF000086049A2F80A80A2F808803A
:1074F000C1F80080BBF900C037E05A4800789CFB17
:10750000F0F1C9B200919CFBF0F100FB11C000F05A
:10751000FF0B37F91C00504506DA824601465A46F1
:107520000020009BFFF70CFF37F91C00484506DDE3
:10753000814601465A460120009BFFF701FF36F9BC
:107540001C00A84206DA054601465A460220009B66
:10755000FFF7F6FE36F91C00A04206DD04460146A0
:107560005A460320009BFFF7EBFEBCF1010CC4D28E
:10757000374CCDF80080454694F90E30E27BB4F9E3
:107580000C10012000F073FA009594F90230E278B3
:10759000B4F90010022000F06AFACFE62DE9FF5F8F
:1075A00000260E601D4688464FF48327B1463446B8
:1075B000B3461E7057F8240007EB840A401C23D002
:1075C00000239B220421504600F0BCFE18B112207B
:1075D000287001261CE09AF8022000999AF8000011
:1075E0008A4208D10299029A4FF001090978491C90
:1075F0001170C8F80040810704EB900401D0A41C6E
:1076000000E0641C602CD5D316B9B9F1010F0BD082
:1076100056EA090606D111202870029981F800B0B7
:10762000C8F800B0BDE8FF9FD8F80000002307EBC2
:107630008004201D21789B2200F084FE617888421E
:1076400002D185F800B0EDE712202870EAE70000CB
:10765000D8C71000AC0A10000080FFFFB809100066
:10766000500A1000B90910007C0A100018BA100066
:10767000CE09100000F032B800F03AB87CB50446EC
:1076800014480D46006890F8B80D010704F1180081
:1076900003D01149097801290AD0012301AA6946BA
:1076A00001F09EF82A462046009900F03FF87CBD84
:1076B000694601F0DAF82A462046009900F0D0F831
:1076C0007CBD00F04DB900F07BB900F099B900F035
:1076D000A0B90000500A1000580A10001CB5E94972
:1076E000D1E90001CDE900016846FFF777FA1CBD3A
:1076F0001CB5E44AD2E90212CDE9001230F8481F65
:10770000090A8DF8021001788DF803104188090AE2
:107710008DF8041081788DF805100079C0F1FF0014
:107720008DF806006846FFF759FA1CBD7CB5D54BAD
:107730000446D3E90403CDE9000394F85201032879
:1077400004D0082810D00B280ED007E0012A05D05D
:107750009DF8000020F0F00010300AE09DF80000D5
:1077600020F0F000203004E09DF8000020F0F00050
:1077700030308DF8000094F8530100F00F0001281C
:1077800009D004280DD005289DF8010020F00F0035
:107790002CD0401C0AE09DF8010020F00F00801C56
:1077A00004E09DF8010020F00F00001D8DF801009D
:1077B00094F89A019DF80120B34E60F307128DF8FA
:1077C0000120BDF802000A0C62F30B00ADF80200C4
:1077D000BDF8030061F30F10ADF80300306890F8B6
:1077E0009B10490704D594F84C0009E0401DDDE7E3
:1077F000B0F8FE2DB0F8FC1DB4F8510001F0C0F84F
:107800008DF805003068B0F8A220B0F8A010B4F8E8
:107810004A00483401F0C7F805463068B0F89E20A9
:10782000B0F89C10208801F0BEF801469DF80620B3
:107830009DF807002B0965F3030263F387108DF8A9
:10784000070061F307129DF80000090961F3830046
:107850008DF800008DF806206846FFF7BFF97CBD63
:107860007CB5884B0446D3E90603CDE9000394F8C0
:107870005201032804D0082810D00B280ED007E0AE
:10788000012A05D09DF8000020F0F00010300AE039
:107890009DF8000020F0F000203004E09DF800008A
:1078A00020F0F00030308DF8000094F8530100F023
:1078B0000F00012809D004280DD005289DF80100EB
:1078C00020F00F004AD0401C0AE09DF8010020F093
:1078D0000F00801C04E09DF8010020F00F00001D47
:1078E0008DF8010094F89A019DF80120664E60F32E
:1078F00007128DF80120080CADF80200ADF8041055
:107900003068B0F8A220B0F8A010B4F84A004834AB
:1079100001F049F805463068B0F89E20B0F89C1098
:10792000208801F040F801469DF806209DF80700E8
:107930002B0965F3030263F387108DF8070061F3E9
:1079400007129DF80000090961F383008DF800001B
:107950008DF806206846FFF741F97CBD401DBFE762
:107960001CB5494A126892F89A20930712D5142838
:1079700010D2DFE800F00F0A180C181018180F18B2
:1079800018180F0F0F0F0F0F0F18120600E0D20676
:10799000002A08DB1CBD520605D53C4A1278052A90
:1079A000F8D0062AF6D0374BD3E90A23CDE90023D5
:1079B0008DF80100CDF802106846FFF70FF91CBDE5
:1079C0001CB5304CD4E90C34CDE900348DF80100FD
:1079D000CDF80210684612B106F002FA1CBDFFF79E
:1079E000FDF81CBD1CB5274BD3E90E23CDE90023C0
:1079F0008DF80100CDF802106846FFF7EFF81CBDC6
:107A00001CB501680091406801906846FFF7E6F8F0
:107A10001CBD1CB54178002910D005290ED2194A89
:107A2000D2E91012CDE90012D0F80210CDF8021000
:107A3000C088ADF806006846FFF7D0F81CBD7CB5DD
:107A4000104E069CD6E91256CDE900568DF801007D
:107A50008DF80210100A8DF804208DF803008DF8BF
:107A600005308DF806406846FFF7B8F87CBD08B5CC
:107A7000DBB2009389B213460A4601460320FFF7A2
:107A8000DEFF08BDA8E00100500A10000C05100040
:107A90002DE9FF4103F02EFE234D0024C4EBC40169
:107AA00005EB810000F10C03027EC8CBCDE9027228
:107AB000CDE90036D0E9012355F82100002103F07B
:107AC000C3FF18B121464320FFF771F9641C052C50
:107AD000E4DB154D00248C3505EBC4000021426821
:107AE00055F8340003F037FF18B121464420FFF762
:107AF0005EF9641C062CEFDB0B4D002415F1BC0570
:107B0000002155F8240003F08CFE18B121464520D1
:107B1000FFF74DF9641C042CF2DBBDE8FF81014640
:107B20004620FFF744B90000F8E0010049070B0EBA
:107B300000F01F02012191404209920002F1E0226F
:107B4000002801DBC2F8801205DB00BF00F1E02055
:107B500080F8003405E000F00F0000F1E02080F82C
:107B6000143D01DBC2F8001170472DE9F047DFF842
:107B700010A464250726DAF800000027DFF8FC834C
:107B800090F8CC004FEA5009FE4804F044FFFD4A4B
:107B9000FD4BFE4C1068187051685970C31C26D0FC
:107BA000CB1C24D0936813F1030F20D0126912F17B
:107BB000030F1CD0B0F1FF3F20D010F1020F1DD0F9
:107BC000B1F1FF3F1AD011F1020F17D0B3F1FF3F0F
:107BD00014D013F1020F11D0B2F1FF3F0ED012F109
:107BE000020F0BD0C5B2CEB2DFB2904616E02068CD
:107BF000807F5A280AD00021242005E02068807F59
:107C00005A2803D000212520FFF716F92068817F2C
:107C10005A2903D1C57F90F820600727DAF80000C1
:107C200090F8CC00C00702D005EB0900C5B2D548DA
:107C30001C21143005F027FFD248143004F0CDFF8A
:107C4000022802D0012802D005E0022100E0012133
:107C50003420FFF7F1F8CE483A4631464570867039
:107C6000284604F094FB404604F09EFBC94804F00B
:107C700050FEC84D032807D001280DD002280BD094
:107C80002868012812D014E0206890F821005A28B2
:107C900014D00021292006E0206890F821005A28FD
:107CA0000CD000212A20FFF7C7F802E0281D03F0BE
:107CB0006CFF206890F821005A2812D10220286019
:107CC000DAF8000090F88D06800703D5A021281D62
:107CD00005F0D9FEAF4821681022AC30223105F002
:107CE000EFFD281DBDE8F04703F04FBFF8B50D4686
:107CF000064600246A4604F0D3FB012801D0012483
:107D00000BE0286831468200A34805F060FEA248D7
:107D100004F0D9FB012800D002242046F8BDF8B5B4
:107D20009D4D9E4F103540F628419D4805F0ABFE15
:107D300069463846FFF7DAFF012805D0022806D049
:107D4000E87801280AD105E00021A02028E00021E0
:107D5000A12025E0A87808B9288810B10021A22028
:107D60001EE08F48E9880024A0F8201CA988A0F80C
:107D7000221C297A80F8241C0098694607EB8007AA
:107D80003846FFF7B3FF70B1012803D00021A620C9
:107D9000FFF752F8E00723D0A00723D41121A72032
:107DA000FFF74AF8F8BD6E782946304601F04EF8E4
:107DB00050B1102E0BD0112E0CD0122E0DD0132E30
:107DC000DAD144F01004D7E73146A820E0E744F0C8
:107DD0000104D1E744F00204CEE744F00804CBE705
:107DE0001021DCE720070BD46548006890F80012EA
:107DF000C90703D190F8BA00C00701D01221CEE71D
:107E0000E006CFD41321CAE77CB5E8F7F3FA0020E7
:107E1000012241B200290DDB01F01F0302FA03F336
:107E20004909890001F1E021C1F88031BFF34F8F8A
:107E3000BFF36F8F401C1F28EBDBE8F7D9FA04F083
:107E40004FFA0021012004F0B2FAFFF71DF804F008
:107E50000DFF07210A20FFF769FE07210B20FFF71E
:107E600065FE00F05FF8FEF79DFF04F083FA4D4DCC
:107E700001AA6946284604F013FB414C012802D0B0
:107E80000021202010E00098B0F5637FF8D14FF476
:107E900063622946206805F013FD206804F013FB97
:107EA000012803D000212120FEF781FF00F099F87E
:107EB000FFF75BFEFFF733FF00F0B9F803F084F93A
:107EC00003F038FE002301221946052005F027FCA7
:107ED00000231A460121062005F021FC0321012080
:107EE000FFF724FE04210720FFF720FE04210820CD
:107EF000FFF71CFE206890F8AC00C10711D0810785
:107F00000FD50021012340091A46009104F0D3FE49
:107F1000206890F8AC00BDE87C404009002104F0E6
:107F2000F2BE7CBD10B590B0FEF7A0FDFEF75AFD85
:107F300001A8FEF7E8FE0AA8FEF790FE01A8079048
:107F40000DA808900AA8099006A805F039F80024A1
:107F50002346224601210420009404F0ACFE0721B0
:107F6000042004F0D0FE01231A4600211846009494
:107F700004F0A1FE0321012016E0000000D8B8059E
:107F8000500A100070DA100058900120540A1000B6
:107F9000D40A100048E0100004A61000F0CF020040
:107FA0005C900120F0EF020004F0ADFE00231A46C1
:107FB00001210520009404F07EFE052005F0A9FEB5
:107FC00002211720FFF7B2FD02211820FFF7AEFDB6
:107FD00005F0B2FE0078C00701D1FEF7C0FE10B078
:107FE00010BD7CB53B4E01AA6946304604F058FAF4
:107FF000394C4FF48055012802D0002122200FE097
:108000000098B0F5806FF8D12A463146206805F017
:1080100057FC206804F057FA012807D000212320DC
:10802000FEF70AFF2946206805F00BFD7CBD10B560
:1080300005F0FBF8294902200023087001221946A7
:10804000184605F06CFB002301221946104605F086
:1080500066FB00231A460121022005F060FB002385
:108060001A460121032005F05AFB00231A4601217C
:10807000042005F054FB18480068017CA52908D0AD
:108080004FF4FA4005F035FB00212820FEF7D4FE1E
:1080900002E0406905F02DFB04210220FFF746FDB8
:1080A00004210320FFF742FD04210846FFF73EFDAF
:1080B00004210520FFF73AFD04210620FFF736FDD5
:1080C00001210920FFF732FD0421BDE810400F20F7
:1080D0002CE50000F0BF0200540A1000D40A100082
:1080E000F0B5054600200C46014603464FF080429D
:1080F00003E09B0843EA82739208EE1A74EB0206CF
:10810000F7D319E0C71841EB0206B5EB070C74EB87
:10811000060C08D3ED1B64EB0604DF1842EB020CDF
:1081200038184CEB01014FEA9303490843EA827384
:108130004FEA30004FEA920253EA0206E2D1421BB4
:1081400071EB040202D2401C41F10001F0BD8842F3
:1081500000D80846904200D810467047884200D3A5
:1081600008467047884200D808467047884200DBBE
:1081700008467047884200DC0846704702460020E7
:108180004FF0804100E089089142FCD807E0431895
:10819000934202D8D21A00EB410040088908002916
:1081A000F5D1824200D9401C704710B500231C460F
:1081B00042B10278521CD2B202708A4203D90470D2
:1081C000012300E00470184610BD30B500240123DF
:1081D00005E00C44E41C04F00305641B5B1C9342A3
:1081E000F7DD00EB440030BDF0B5851ADDE9054749
:1081F0001E1B75438E1A012F02D0904206DD0BE044
:10820000904201DC1846F0BD884201DB2046F0BDFB
:1082100095FBF6F0181AF0BD8842F3DA95FBF6F0FC
:108220002044F0BD2DE9F047994616461EE002189D
:1082300000F001052A4341EB010707EA0105034667
:108240004F0802EA03084FEA3004A9F101024FF097
:1082500001004FF0000105F0E9FA00EA08000443CC
:1082600029400F4304EA080007EA0501761EDED222
:10827000BDE8F0872DE9F047002592460F4680467D
:108280001C462E465A1E01202946DDF8209005F096
:10829000CDFA0EE038F81430A3EB090212B2BA425C
:1082A00004DA5244002A01DD05430E4349084FEA2F
:1082B0003000641EEED228463146D9E72DE9F0475A
:1082C000844600209246894601460125064602461C
:1082D00022E000BF3CF912704F451ADA0CEB42085D
:1082E000B8F902403C1B00D5644238F9028C24B234
:1082F000B7EB080700D57F423FB232B1A3F10108C6
:10830000424501D0A74200DD3C46544501DA2843EE
:1083100031436D197641521C9A42DBDBA8E770B5F8
:108320000DE0054646190C4641EB01030643234385
:1083300049084FEA300040EA060041EA0301521EB4
:10834000EFD270BD70B50546184600240EE02B5DD7
:1083500058400823060602D582EA400000E04000AB
:108360005B1EC0B213F0FF03F4D1641C8C42EED349
:1083700070BD30B507E0031800F001052B4341EB59
:10838000010418402140521EF5D230BD2DE9F047BE
:1083900000258246A8B0501EC7B22C4628466B4620
:1083A0000DF1500912E000BF31F910603544461C50
:1083B00095FBF6FC23F810C0A7EB000C401C31F92C
:1083C0001C80444494FBF6F629F81C609042EBDBD9
:1083D00048460AE033F9124030F912502C4431F883
:1083E0001250A5EB64042AF81240521EF2D228B0B3
:1083F0003EE72DE9F0470026174680468946344679
:1084000035460FE0404649462A4605F022FAC007A5
:1084100005D0641CE4B2A64202D2264600E0002445
:108420006D1CEDB2BD42EDD3304621E7F0B52E4DC7
:10843000002200BF05EBC2064FF0FF33C6E9003350
:10844000521C1B2AF6DB294F00223B680AE000BFC2
:1084500000EBC2048E18D4E900C405EBC606521C1A
:10846000C6E900C493F831409442F1DC002618E0DC
:108470004FF0FF32134600240BE000BF06EB040C64
:1084800005EBCC0E641CDEE900CE0CEA02020EEA1B
:108490000303B4EB410FF1DD00EBC604761CC4E925
:1084A00000233A6892F83120B242E1DCF0BDC2F517
:1084B0008073504301FB030000127047FF21F2203C
:1084C000FEF7BABCAFF20B014FF4167004F010BF08
:1084D00010B504F02AFF4EF66021081A84B204F0A9
:1084E00029FF204610BD0000A0DA1000500A10003D
:1084F0002DE9F047D0F810C00568046A85FB0C121E
:10850000A1FB041242694368914683FB02628269BF
:10851000E246A6FB02677618D0E9021781FB07C87E
:10852000C069ACFB00C81CEB060682FB0A2CA2FB50
:10853000011280FB0902A0FB0502401884FB071210
:10854000A1FB03120818301A4FEAE071BDE8F0876A
:1085500030B5521ADDE90354ED1A654395FBF2F28A
:10856000514391FBF4F1591A424392FBF4F0084451
:1085700030BD2DE9FF4F11461D468BB0D1E90026D5
:10858000D1E90230DDE91A78D2184641D1E9040177
:10859000834610180591002471413A46434605F080
:1085A0006BF90646D5E90203D5E9001C0A18D5E99E
:1085B00004014CEB030C8246101889464CEB010178
:1085C0003A46434605F058F9054658463A4643466A
:1085D000059905F051F9C117834601915046494666
:1085E0003A46434605F048F9C117BBEB06031C9A0F
:1085F0008046A3FB020C009101994FEAE67961EBFA
:10860000090101FB02C1A34603FB0B1102225B46D9
:1086100005F032F9871941EB0909B8EB05031C9AFB
:108620000099A3FB02084FEAE57A61EB0A0101FB1E
:10863000028103FB0B110222002305F01DF94019F2
:1086400041EB0A08E04AA446634649461268BCEB7F
:10865000070C42F2107A8B4107DA538E5B1E4FEA09
:10866000E37CFB1A71EB0C0113DB4FF0000C63464B
:10867000BCEB070C73EB090301DA548E641ECDE9E1
:10868000000A2B4631463A462046FFF761FF27464F
:1086900023E04FF0000C6346BCEB000C73EB0803C7
:1086A00007DA918E491E4FEAE17C411A78EB0C0300
:1086B00013DB4FF0000C6346BCEB000C73EB0803BC
:1086C00001DA948E641ECDE9007A024633462946CB
:1086D0002046FFF73DFF074620460B994F600B9958
:1086E00008600FB0BDE8F08F30B5B0F90240B1F9C5
:1086F0000250641B00D56442B0F90000B1F90010CB
:10870000401A00D54042944203DA984201DA01202F
:1087100030BD002030BD884201DD0846704700288A
:10872000FCDA0020704710B505E000BF00EB8203C3
:1087300053F8044C1C60521EF8D10968016010BD4A
:1087400010B503E000EB82030C681C60521EF9D2E6
:1087500010BD10B553884C881B1B438012880988B4
:10876000511A018010BD08B50A4601466846FFF758
:10877000F0FFBDF8000010FB00F1BDF8020010FB97
:10878000001008BD10B58842029C01DC204610BDD7
:10879000904201DB184610BD8A4200D1521C401A9B
:1087A000E31A5843511A90FBF1F0201A10BD10B58E
:1087B000002A03D0431A934201DD881810BD5442A9
:1087C000A342FBDA881A10BD914201D100B2704772
:1087D0005043B0FBF1F000B29042F7D91046F5E7F4
:1087E000F0B50C0002463FD0774D2868478E868E44
:1087F000B2F9020039B2FFF78EFF6080B2F90000D3
:1088000031B2FFF788FF2080296891F836104907B8
:1088100002D56188791A6180296891F83610890734
:1088200001D5301A2080286890F83610090712D533
:10883000012B10D1B0F83720B4F902003946FFF708
:10884000C3FF608028683146B0F83920B4F90000D1
:10885000FFF7BAFF2080286890F83600C00703D0E1
:108860006088218861802080F0BD70B50A000646CE
:108870002FD0554B1868448E90F8B81D808E01F0AB
:108880000F014C43A5B2484384B2B6F9020029B2A5
:10889000FFF741FF5080B6F9000021B2FFF73BFF20
:1088A0001080196891F83610490702D55188691A65
:1088B0005180196891F83610890701D5201A108067
:1088C000186890F83600C00703D05088118851808E
:1088D000108070BD3C490A68B2F93210B2F93430E8
:1088E00092F8362061F31F4063F30F00D20703D0E4
:1088F00063F31F4061F30F00704770B50B00024631
:108900003DD0314C2068468E858EB2F9020031B2DE
:10891000FFF701FF5880B2F9000029B2FFF7FBFE14
:108920001880216891F83610490702D55988711AC4
:108930005980216891F83610890701D5281A1880C6
:10894000206890F83610090710D5B0F83720B3F931
:1089500002003146FFF738FF588020682946B0F8FA
:108960003920B3F90000FFF72FFF1880206890F836
:108970003600C00703D0588819885980188070BD08
:1089800010B5884201DC002010BD904201DBFF20C1
:1089900010BD521A401AFF2180FB0101D31704F0C9
:1089A0006BFFC0B210BD884201DC002070479042CE
:1089B00001DB3F207047401AC0EB8010511A90FB3A
:1089C000F1F0C0B270470000500A100073B51624D1
:1089D000DDE9005622460120002104F027FF28404F
:1089E0003140084301D1641EF4D50821684603F0E4
:1089F00045FDFF49C0B2096891F8CE10C1F341119D
:108A000002290ED310F0030005D0012805D002285A
:108A100005D01F200AE00F2008E07F2006E03F205D
:108A200004E0C00701D0072000E003200021621C01
:108A300004F0FCFEDDE9002310431943CDE90001F9
:108A40007CBD10B5EB4C502814D008DC102811D098
:108A5000112825D0122823D0132806D120E0512830
:108A60001ED052281CD053281AD00020C4E902007E
:108A700001461BE002F032FCC4E9020102F030FCC6
:108A8000C4E90401DA48006890F8CE0010F0600FE5
:108A90000ED0D4E90201FFF799FFC4E9020107E013
:108AA00002F01CFCC4E9020102F01AFCC4E9040152
:108AB000D0480821083003F0E1FC2060CD480821AF
:108AC000103003F0DBFC606010BD2DE9FF5F082172
:108AD000DDE90FBA684603F0D1FC8146082102A8FF
:108AE00003F0CCFC0746002420463AE04246012031
:108AF000002104F09BFEDDE90023104019400843EB
:108B00002DD000252E4627E032460120002104F01A
:108B10008DFEDDE902231040194008431BD0119857
:108B200060B104FB07F00BEB05014156324601EB47
:108B30000A0321460E9803F0F2F80BE03246214674
:108B40000E9803F0E1F804FB07F10BEB0502A0EB34
:108B50000A0088546D1C761CBD42D5DB641C08F1EC
:108B6000010080464C45C1DBBDE8FF9F2DE9FF5F5A
:108B700084B00821DDE912AB04A803F07FFC814634
:108B8000082106A803F07AFC804600250AF140007F
:108B900002901830019040382C462F462E46009007
:108BA00034E03A460120002104F040FEDDE90423D0
:108BB00010401940084327D0169890B11BF80510B3
:108BC00014980844C2B23946029803F014F905EB30
:108BD000090141441BF901203946504603F0E3F8EE
:108BE00010E03946029803F004F91499401A0BF882
:108BF00005003946504603F0CFF805EB0902424420
:108C00000BF802006D1CEDB27F1CFFB24D45C8DBB6
:108C100038E032460120002104F008FEDDE9062399
:108C20001040194008432BD01698A0B104EB09015D
:108C300015981BF801100844C2B23146019803F0A0
:108C4000DAF804EB490141441BF901203146009850
:108C500003F0A9F812E03146019803F0CAF815991B
:108C600004EB0902401A0BF802003146009803F0A9
:108C700093F804EB490242440BF80200641CE4B28E
:108C8000761CF6B24445C4DB08B0BDE8F09F2DE980
:108C9000FF5F0821DDE90EBA684603F0EFFB81466D
:108CA000082102A803F0EAFB07460024204629E039
:108CB00042460120002104F0B9FDDDE90023104007
:108CC000194008431CD000252E4616E032460120EC
:108CD000002104F0ABFDDDE90223104019400843F8
:108CE0000AD032462146584603F00EF804FB0752DC
:108CF00080002AF812006D1C761CBD42E6DB641C65
:108D000008F1010080464C45D2DB2DE72DE9FF5FDD
:108D10000821DDE90E9B684603F0B0FB824608217E
:108D200002A803F0ABFB002580462C462F462E46BA
:108D30003FE03A460120002104F078FDDDE9002300
:108D400010401940084332D0394609F1400003F081
:108D500050F8274A99F88210126892F8113103F0FE
:108D60000F0C0CF1010C11FB0CFC012101EB131396
:108D700010FB03C392F8102199F8800001EB121147
:108D800010FB0130109980B219B94FF6FF7101EA5A
:108D900080002BF815003946484602F0FDFF05EB30
:108DA0000A02800042446D1C2BF81200EDB27F1CB9
:108DB000FFB25545BDDB46E032460120002104F0FC
:108DC00035FDDDE9022310401940084339D0314612
:108DD00009F1580003F00DF8054999F883500A6825
:108DE00092F8133103F00F01491C15FB01F503E064
:108DF000500A1000D80A1000012101EB131310FBD8
:108E0000035392F8122199F8810001EB121110FB23
:108E10000130109980B219B94FF6FF7101EA800054
:108E200004EB0A0231462BF8120009F1180002F097
:108E3000B3FF04EB4A0280004244641C2BF812008A
:108E4000E4B2761CF6B24445B6DB8DE67FB50C463F
:108E500006460025FFF7F5FD0122F64904F1100052
:108E6000102E06D0112E0FD0122E23D0132E29D162
:108E700024E023790D68AB420ED163794C68A3429C
:108E80000AD10023EC4C0BE023790D68AB4203D1EF
:108E900063794C68A34201D0002513E0E74C00231E
:108EA00000940392CDE9010308310FC9FFF70DFECD
:108EB000012507E0204600F07EF802E0204600F0A1
:108EC000B3F80546284604B070BD2DE9F0411E46B2
:108ED0001746884605460024FFF7B3FD102D06D03F
:108EE000112D0AD0122D11D0132D0CD114E03246C1
:108EF0003946404600F0D1F804E032463946404653
:108F000000F0EFF804462046BDE8F08132463946CD
:108F1000404600F00AF9F5E732463946404600F08F
:108F200047F9EFE72DE9FF4117460C460646FFF7E4
:108F300088FDC04D502E287820712879607104F189
:108F4000100007D0512E07D0BD49522E0DD0532E00
:108F50002BD115E0B84900E0B849CDE9001008353B
:108F600095E80F00FFF793FE1FE00968B54B91F8F5
:108F7000042191F8101102F0010201F001010AE050
:108F80000968B04B91F8292691F8351602F00102D4
:108F900001F0010188330DF10408009388E807000F
:108FA000083595E80F00FFF7B1FEA5202070667028
:108FB0006780BDE8FF8130B59E4C017987B022689B
:108FC000914203D141796268914202D0002007B0FA
:108FD00030BD99498579002281F8CA58C57981F850
:108FE000CB58857A81F8CC58C57A81F8CD58057B65
:108FF00081F8C858457B81F8C95891490125134625
:1090000009681030083491F8041101F00101CDE92C
:1090100004518C4901AD009185E80D0094E80F00E2
:10902000FFF7A4FD0120D2E730B5824C017987B06B
:109030002268914203D141796268914201D00020B7
:10904000C5E77D498579002281F85259C57981F8B3
:109050005359857A81F85459C57A81F85559057B59
:1090600081F85059457B81F85159754901251346BE
:1090700009681030083491F8291601F00101CDE992
:109080000451704901AD8831009185E80D0094E8E4
:109090000F00FFF76BFD012099E77FB50E460446F0
:1090A0004FF4747104F0CDFC624D634A04F1100179
:1090B000287820712879607100200092CDE9011094
:1090C00005F1080103900FC9FFF7FFFCA5202070F0
:1090D000102060706680D5E9000148431330800895
:1090E000F1E67FB50E4604464FF4747104F0A9FC16
:1090F000504D524A04F1100128782071287960718E
:1091000000200092CDE9011005F1080103900FC97C
:10911000FFF7DBFCA5202070112060706680D5E988
:109120000001484313308008CDE670B50E4686B086
:1091300004464FF4847104F084FC3E4D287820717D
:10914000287960713C4890F8CA18A17190F8CB1842
:10915000E17190F8CC18A17290F8CD18E17290F8F6
:10916000C818217390F8C90860733548006890F8F2
:10917000040100F001010020CDE9040102900390F8
:1091800004F110002F49CDE9001005F108010FC9C5
:10919000FFF7ECFCA5202070122060706680D5E9F6
:1091A00000010844132101EB4000800806B070BDA7
:1091B00070B50E4686B004464FF4847104F041FC4D
:1091C0001C4D28782071287960711B4890F852193D
:1091D000A17190F85319E17190F85419A17290F8A7
:1091E0005519E17290F85019217390F85109607384
:1091F0001348006890F8290600F001010020CDE92D
:10920000040110490290039004F110008831CDE967
:10921000001005F108010FC9FFF7A8FCA520207078
:10922000132060706680D5E90012114400EB410004
:109230008008BBE7D80A10005C9001206C940120E4
:10924000500A1000A498012030B506E032F813400F
:1092500031F81350641B20F813405B1EF6D230BD6A
:10926000F0B4049C1CB913B1C3F110040EE0F0BCBF
:10927000520004F025BB00BF30F9125031F91260E2
:109280005D4306FB04552D1120F81250521EF3D2F7
:10929000F0BC7047F0B4049C1CB913B1C3F1800456
:1092A0000EE0F0BC520004F00BBB00BF30F91250CE
:1092B00031F912605D4306FB0455ED1120F81250A0
:1092C000521EF3D2E4E72DE9FF4FA5489B46470C19
:1092D00000268946B04633463446DDF834E02BE0BC
:1092E00014FB02F5009901EB450A002520E000BFC0
:1092F0003AF91510814200DD0846B94200DA0F46FE
:109300001CB1A9F1010CA44506D1DFF858C2DCF864
:1093100000C0BCF830C201E0DDF838C0614500DDB6
:109320000E44002901DB884400E00B446D1CEDB2C3
:109330009542DDD3641CE4B24C45D1D3BBF1000FA0
:1093400001D0ABF80070BEF1000F01D0CEF8006084
:109350000F99002BC1F8008000DA5B4210990B6076
:1093600004B0BDE8F08F0246B0F9000005E000BF90
:1093700032F91130834200DD1846491EF8D2704799
:109380002DE9F0471646DDE9089A0F460446002508
:10939000DFF8D0812AE02A460120002104F046FAB5
:1093A00000EA090001EA0A0108431CD000214246F4
:1093B00017E000BF136834F8110093F85F3210FB18
:1093C00003F040F3CF1024F81100002800DA4042E7
:1093D0001368B3F87332984202DD0120BDE8F087CC
:1093E000491CB142E6DB04EB46046D1CBD42D2DBF6
:1093F0000020F3E72DE9FF4F5A485B4A5B4C0068B9
:1094000012782478418EB0F834E0B1FBF2F8BEFB5C
:10941000F4FC574A81B0B2F9644094FBF8F4E5B229
:10942000B2F9684094FBF8F4E6B2B2F92640B2F91A
:109430002A2094FBFCF492FBFCF2E7B2D4B21BB9F5
:1094400090F8702C920652D5B0F8022D8A1A92FB31
:10945000F8F20FFA82FBB0F8042DB2FBFCF20FFA1F
:1094600082FAB0F8062DB2FBF8F213B20093B0F80E
:10947000082DB0F80C3DB2FBFCF20FFA82F9B0F8FF
:109480000A2D891A91FBF8F10AB2AEEB0301B0F88C
:109490000E3DB0F8100DB3FBF8F3AEEB000091FBFE
:1094A000FCF190FBFCF00FFA83F8009B09B200B2CC
:1094B000434500DB98465B46934500DC1A4653461D
:1094C000CC46CA4500DA6346814200DB0846454582
:1094D00000DA4546EDB2964200DC3246D6B29F42F3
:1094E00000DB3B46DFB2844200DC2046C4B20021F0
:1094F000019804F093FC1D49002291F800902AE0A5
:10950000194B00211B7820E0BA4205DDA24203DAA4
:10951000A94201DDB1420ADBDDF80C8030F911C04F
:10952000B8F90080C4450EDDDDF80C8009E0DDF8F7
:10953000088030F911C0B8F90080C44503DDDDF8BA
:109540000880A8F800C0491C09B29942DCDB521C13
:1095500000EB430012B24A45D2DB05B001E7000040
:109560000080FFFF500A1000B9091000B809100070
:10957000B428100070B5050003D0BDE8704001F0BC
:109580008BBEFE4C214660780979012816D002284E
:109590001BD0207801F056FF21794A00F84901EBF1
:1095A0004001F748A03004F08BF9A078F54E78B16F
:1095B000F3482179A03001F043FF0BE00A46F0495F
:1095C00001F1A00001F096FEEFE74A00EC49E8E760
:1095D000EB48A0303063E07886F839002846CCE7C5
:1095E0002DE9F05FDFF8A0A383460127DAF8000039
:1095F000B84600F2B26290F83D1690F8396601F074
:109600001F0590F83A1600F2A55401F00F0990F8E2
:109610002716890609D590F8A316B0F8A40602EB20
:1096200040000A2201F096FE0746DAF8000090F8A2
:109630002716490609D590F8991590F89A050A2237
:1096400004EB400001F086FE80464FF480708642B5
:1096500000D906461F2D00D91F256D1C16FB05F1EC
:1096600009F101004143C1EB41207843DAF80020C1
:1096700000FB08F0C01392F8C01DB0FA80F0C0F1F2
:109680002000890611D50021BBF1010F06D192F807
:10969000C61D0A0701F0070100D54942401801D54F
:1096A000002002E01F2800DD1F20C0B2BDE8F09FAF
:1096B000F8B5044602F057FAB14802F059FAA4F896
:1096C000760001F03DFEAD4A0B461278009202464C
:1096D000204602F050FD01F038FE02460B462046BF
:1096E00002F07FFD204601F0B9FEA74DB4F85610F8
:1096F0002868B0F88E2062F30901A4F8561090F89B
:109700008D0094F8551060F3030184F8551005217D
:10971000204602F061FA286890F83906A07028689F
:10972000218EB0F83F2662F30801218690F83A06B0
:1097300000F00F01204602F0C6FA286834F81A1F1C
:10974000B0F8312662F30B0124F81419B0F82F2673
:10975000618962F30B016181B0F82D16E08861F335
:109760000B00E08014F8050C20F00C0004F8050C48
:109770002868217B90F83B2662F30101217390F861
:109780003B26920862F38711217390F827166278BE
:1097900061F30002627090F82A06E0707B4890F84E
:1097A0005019217690F85119A17790F852196176E5
:1097B00090F85319E17790F85419A17690F855096B
:1097C00084F82000724802F0D3F9A4F87A007048B7
:1097D000183002F0CDF9A4F87E00286814F8163F7E
:1097E00090F83516090961F3071304F8063B90F861
:1097F00037160A09217862F30711217090F836268E
:1098000014F8056C62F3030604F8056C90F83876DA
:10981000627867F30302627090F836763F0967F367
:10982000071604F8056C90F83866360966F30712D7
:10983000627090F8352662F3000304F8063C90F855
:10984000372662F3000104F8221990F82B0601096B
:10985000204602F044FA4E48403802F089F9A4F854
:109860007E004B482734283802F082F9A4F85B00C8
:10987000296891F829068208207862F38300207015
:1098800091F8292662F30000207091F829265208E9
:1098900062F3410004F80C0B91F82706C208207807
:1098A00062F3451004F80B0991F82806227860F35A
:1098B000451204F8282991F82806C0F341012046F2
:1098C00002F0DBF9286890F827168A0914F8331F8C
:1098D00062F3000104F81D1990F82726520962F37B
:1098E0004101617790F83C16E27D61F30402E27574
:1098F00090F83D06A17D60F304012148A175083868
:1099000094F84910407860F30401214884F8491024
:10991000D03002F02DF9A4F86400286834F8181F3C
:10992000B0F8332662F30B0124F8041910F8CA1FAB
:10993000227861F3030204F8012B01780A092178E7
:1099400062F3030104F8091B90F85D15CA09217838
:1099500062F3000104F82B1B14F8571941F02001A1
:1099600084F8571090F872154A09217862F30611AD
:10997000217090F85E154A09217C0BE0F00A100076
:10998000749D01200CE01000500A10005C90012032
:109990006C99012062F3C301217490F85D054008C1
:1099A00060F304112174F8BD2DE9F0470446624DBF
:1099B0000120DFF88891A87001290AD0002602272B
:1099C000DFF87C8102290ED003293AD004292AD15C
:1099D0004EE0204600F0ACF8D9F8000090F82806D8
:1099E000800968701FE05748FFF762FE204600F0CC
:1099F0009FF898F8020094F85F1060F30401524851
:109A000084F85F100078012807D194F8270020F02F
:109A1000020040F0010184F827100021204602F0E6
:109A200052F9AE706F7094F8270040F30000401CAC
:109A3000E870D9F8000090F8280680096870BDE841
:109A4000F0874048FFF734FE204600F071F898F8A0
:109A5000030094F85F1060F3040184F85F1094F839
:109A6000270020F0020040F0010084F82700D4E72E
:109A7000204600F05DF8204601F031FDD1E77CB5CD
:109A800001F05EFCCDE900010821684602F0F6FC19
:109A900029492B4D08710020286028710124E0B26B
:109AA000FFF79EFD2855641C052CF8DB2548FFF7C1
:109AB000FFFD7CBD30B5417AA9B091B36846FFF790
:109AC00073FF9DF8120000F0030001F095FC1B4DA0
:109AD000286800F2B26200F2A55490F8A316B0F81C
:109AE000A40602EB400001F058FC286890F8991594
:109AF00090F89A0504EB400001F066FC0E484178AE
:109B0000022911D0012911D000210170C9B2684683
:109B100002F080FB0D49684602F0B1FB002029B03D
:109B200030BDFFE70120FAE70821EEE70221ECE76C
:109B3000A422044903F0C4BEF00A1000500A100029
:109B40006C9D012078DB10005B0A10002595010058
:109B500070B518B1BDE8704001F09EBBFE4CFD4DE4
:109B6000E078A5F1A001820001F58E7003F02FFFCF
:109B7000A07801281DD0022822D0E178607801F079
:109B800061FCE178C0B24A00A5F1A00101EB4001FF
:109B9000284603F095FEA079F04D012815D0ED4838
:109BA0002862E07985F83800607985F8280000207F
:109BB000D0E7E849E278A039284601F09BFBEAE7C4
:109BC000E078E4494200A039E2E7E178E14801F0B9
:109BD00037FCE5E770B518B1BDE8704001F05CBB3B
:109BE000DD4CDC4D20792C358200A5F1CC0101F54E
:109BF000BA7003F0ECFEA07801281ED0022823D012
:109C00002179607801F024FC2179C0B24A00A5F1E5
:109C1000CC0101EB4001284603F052FEA079CF4D64
:109C2000012816D0CB482C306862E07985F83800DE
:109C3000607985F829000020CEE7C6492279A0394D
:109C4000284601F057FBE9E72079C2494200A039D4
:109C5000E1E7C04821792C3001F0F3FBE4E72DE97E
:109C6000FF5FDFF8FCA283468C46DAF8000001278C
:109C7000109D90F8181190F8146101F01F0490F8ED
:109C8000151190F802011346B84601F00F0980063D
:109C900005D50A221946604601F05CFB0746DAF852
:109CA000000090F80201400605D50A220E9903989B
:109CB00001F050FB80464FF48070864200D9064682
:109CC0001F2C00D91F24641C16FB04F109F10100AC
:109CD0004143C1EB41207843DAF8001000FB08F063
:109CE000C01391F8C01DB0FA80F0C0F12000C90681
:109CF00012D50021BBF1020F07D2DFE80BF00601FD
:109D00000F9909B1694200E02946401801D50020A9
:109D100002E01F2800DD1F2004B0C0B2BDE8F09FA4
:109D20008F490628096813D2DFE800F012030609FC
:109D30000C0F91F8350C704791F8360C704791F87C
:109D4000370C704791F8380C704791F8390C704710
:109D500091F8340C7047F8B5044601F004FF7D48D3
:109D6000A03801F005FFA4F8760001F0E9FA7A4E78
:109D70000B46727800920246204602F0FCF901F090
:109D8000E4FA02460B46204602F02BFA204601F088
:109D900065FB734DB4F856102868B0F88E2062F356
:109DA0000901A4F8561090F88D0094F8551060F34E
:109DB000030184F855100521204601F00DFF2868A5
:109DC00090F81401A0702868218EB0F81A2162F36F
:109DD0000801218690F8150100F00F01204601F0DE
:109DE00072FF286834F81A1FB0F80C2162F30B01D7
:109DF00024F81219B0F80A21218962F30B0121819C
:109E0000B0F80821A18862F30B01A18090F8162117
:109E1000A17A62F30101A17290F81621920862F30F
:109E20008711A17290F8021114F8012C61F300025D
:109E300004F8012C90F8050160704A4890F8C818A1
:109E4000A17590F8C918217790F8CA18E17590F8B3
:109E5000CB18617790F8CC18217690F8CD08A077D0
:109E6000414801F085FEA4F878003F48183001F021
:109E70007FFEA4F87C00286814F8142F90F81011C5
:109E8000090961F3071204F8062B90F812110B0967
:109E9000217863F30711217090F8113114F8057CD3
:109EA00063F3030704F8057C90F813C163786CF33F
:109EB0000303637090F811C14FEA1C1C6CF3071781
:109EC00004F8057C90F813713F0967F3071363707A
:109ED00090F8103163F3000204F8062C90F8122178
:109EE00062F3000104F8221990F8060101092046E6
:109EF00001F0F5FE1C48403801F03AFEA4F87E005F
:109F000019482734283801F033FEA4F85B0029688B
:109F100091F804018208207862F38300207091F8A0
:109F2000042162F30000207091F80421520862F3CA
:109F3000410004F80C0B91F80201C208207862F38A
:109F4000451004F80B0991F80301217860F34511DD
:109F50000CE00000109F0120F50A10000CE010003A
:109F6000500A10005C900120E498012004F82819A0
:109F7000204601F053FA286890F80301C0F341012C
:109F8000204601F07AFE296891F80201820914F84E
:109F9000330F62F3000004F8070991F80221520917
:109FA00062F34100E07191F81701627860F30402F6
:109FB000627091F81801217860F304012170E8487B
:109FC00001F0D6FDA4F84E00286834F8021FB0F85E
:109FD0000E2162F30B0124F8181910F8CA1F227D14
:109FE00061F30302227510F82E1B0A09617D62F3EA
:109FF00003016175817ACA09A17F62F30001A1772B
:10A0000094F8491041F0200184F84910C17F4A09B1
:10A0100014F80E1C62F3061104F80E1CC17A4A09EA
:10A02000A17862F3C301A170827A520862F304112D
:10A03000A170C07A8009B070F8BDA422C94903F0AC
:10A040003FBC2DE9F041C84D0C46002601216E7140
:10A05000A971012807D0022702283BD0032821D06C
:10A06000042861D158E02046FFF7E7FFBF490868A0
:10A0700090F8CF2D520605D4BD4A127812B9BD4AC8
:10A0800012784AB1BC4A127832B190F8CD0DA07066
:10A09000607840F001006070086890F80301800962
:10A0A000A87041E0AF48FFF756FE2046FFF7C5FF16
:10A0B0000320FFF735FE94F85F1060F3040184F885
:10A0C0005F1094F8270020F0020040F0010084F8AF
:10A0D00027001AE0A348FFF73EFE2046FFF7ADFF3A
:10A0E0000220FFF71DFE94F85F1060F30401A348FF
:10A0F00084F85F100078012807D194F8270020F039
:10A10000020040F0010184F827100021204601F0F0
:10A11000DAFDAE71AF7007E02046FFF78EFF2046F4
:10A1200001F0DDF9AF70AE7194F8270040F3000044
:10A13000401CE871BDE8F08170B58C4D286800F2D4
:10A14000B26200F2A55490F8A016B0F8A10602EB96
:10A15000400001F022F9286890F8971590F89805CA
:10A1600004EB4000BDE8704001F02EB970B57E4CA4
:10A170000146C0797B4D2070097BA435217298B3CC
:10A18000012932D02946FFF75CFFA07801282ED0A4
:10A1900002282ED000207549607020780A68A97CBA
:10A1A00092F8163163F30101A97492F8162192080E
:10A1B00062F38711A9747249085C95F85F1060F327
:10A1C000040185F85F106178284602F023F8A87C26
:10A1D00000F0030001F010F9FFF7AEFF69492846CF
:10A1E00002F04DF8002070BDFFE70120FBE70220E0
:10A1F000D1E70820CFE770B55C4E5A4D0146326872
:10A20000A435C07992F8CF2D520605D4584A127859
:10A2100012B9584A127812B1574A1278CABB524C36
:10A220002070097B2172A0B3022933D02946FFF7A1
:10A2300008FFA07801282FD002282FD001206070BD
:10A240003268207892F816110B09A97C63F301019A
:10A25000A97492F81621920962F38711A9744849EA
:10A26000891D085C95F85F1060F3040185F85F10A4
:10A270006178284601F0CEFFA87C00F0030001F0D1
:10A28000BBF8FFF759FF4049284601F0F8FF0020CE
:10A29000A9E7FFE70120A6E70320D0E70920CEE7E2
:10A2A0002DE9F043314F89B03D6805F2B26605F201
:10A2B000A55501F045F8CDE9040101F046F8CDE9D6
:10A2C0000601082104A802F0D9F8274C0821E07003
:10A2D00006A802F0D3F8DFF8A8802071012408F165
:10A2E0000609386890F8C51D90F8973501F0070207
:10A2F000C1F3C0010093CDE9011290F8981590F8D0
:10A30000A026B0F8A10605EB410306EB4001E0B240
:10A31000FFF7A5FC08F80400386890F8C51D90F810
:10A320009735C1F30212C9090093CDE9011290F8E3
:10A33000981590F8A026B0F8A10605EB410306EBAE
:10A340004001E0B2FFF78BFC09F80400641C062C06
:10A35000C7DB0448FFF7FFFC09B0BDE8F08300004D
:10A360003C9A01201CDC1000F50A1000500A100075
:10A370001A0A1000220A1000F40410005B0A1000F0
:10A38000649E0120019B0100859B010070B5544D26
:10A39000286800F2B26200F2A55490F89716B0F85F
:10A3A000980602EB400000F0F8FF286890F891153D
:10A3B00090F8920504EB4000BDE8704001F004B84D
:10A3C00070B5474D0446286890F87501C0F3011236
:10A3D000C0F3810100F00300FDF7B9FE414E401CBF
:10A3E0003070204600F0F7FC3F4801F0C1FBA4F8B4
:10A3F000760000223178204601F0F0FDA07940F08F
:10A400000200A071317894F86F0061F3020084F8C3
:10A410006F0094F86E0020F00F0084F86E0028683A
:10A42000A17C10F8EB2F62F30101A17410F801294F
:10A43000920862F38711A174A1896FF30B01A181C6
:10A440000078A07094F85E00002120F0010084F8EC
:10A450005E00204601F037FC286890F8771184F8F8
:10A46000661090F8781184F8681090F8791184F8E3
:10A470006A1090F87A1184F86C1090F8300C14F887
:10A480005F1F60F30401217070BD184898E770B534
:10A49000164D4479A4355CB11148006890F87501F7
:10A4A000400607D51248007800F00300022801D2C8
:10A4B000012070BD2146284600F00EF8A87C00F06F
:10A4C000030000F099FF2046FFF760FF0949284686
:10A4D00001F0C1FD002070BDA422044903F0F0B9D1
:10A4E000500A1000FE0A100084A0012064DD100054
:10A4F000140B1000A9A4010010B100BF00F0CCBEE5
:10A500000448034901610449097801750020F5E711
:10A5100084A001200CE01000FE0A1000FE490F2864
:10A52000096833D2DFE800F032080B0E1114171A55
:10A530001D202326292C2F0091F8210C704791F81B
:10A54000220C704791F8230C704791F8240C704747
:10A5500091F8250C704791F8260C704791F8270C5C
:10A56000704791F8280C704791F8290C704791F8C2
:10A570002A0C704791F82B0C704791F82C0C7047FF
:10A5800091F82D0C704791F82E0C704791F8200C23
:10A59000704770B5E04E0428346804F2B26204F2E9
:10A5A000A55519D0072825D00A2831D00B2834D03A
:10A5B000B4F8980694F8971602EB400000F0EDFE10
:10A5C000306890F8911590F8920500BF05EB4000B7
:10A5D000BDE8704000F0F8BEB4F89B0694F89A16F7
:10A5E00002EB400000F0D9FE306890F8931590F827
:10A5F0009405EBE7B4F89E0694F89D1602EB400034
:10A6000000F0CBFE306890F8951590F89605DDE7E0
:10A6100094F8A11594F8A205D8E794F8A31594F836
:10A62000A405D3E770B5060003D0BDE8704000F084
:10A6300033BE00F02EF801282AD1B84CB84D20784E
:10A6400001281FD0B748A8606078E873E078A87345
:10A65000A07A2873207B6873E07985F83A00207A25
:10A6600085F83B00AC48006890F8CD10C90607D5C6
:10A6700090F89701C00703D0AB48A8610120687526
:10A680003046D2E7A279217AA64800F0D8FEDAE770
:10A6900070BDA24910B5CA78A44C521CD2B2CA707F
:10A6A0008B7801209A420FD8087A897910FB01F142
:10A6B0009C48FDF78AFD01F05BFAA4F876009C49FE
:10A6C000204601F0C8FC002010BD38B5044601F05A
:10A6D0004AFA944801F04CFAA4F8760000F030FEF3
:10A6E0008D4D0B462A6892F8CE20C2F3411200929B
:10A6F0000246204601F051FC00F027FE02460B46C0
:10A70000204601F074FCA07920F00200A07194F8BA
:10A710006F0020F0070084F86F0094F86E0020F0BE
:10A720000F0084F86E00286890F8CE00C0F3411145
:10A73000204601F075FC286890F8CE1011F0600FEB
:10A7400094F85E107ED041F0010100BF84F85E10E5
:10A7500090F8CD004108E07961F3C710E071204620
:10A7600000F07CFE0521204601F036FA286890F8BA
:10A77000D700A0702868218EB0F8DD2062F30801B0
:10A78000218690F8D80000F00F01204601F09BFAD6
:10A790002868627D90F8D11061F303026275B0F809
:10A7A000D320218A62F30B01218290F8D910A27D77
:10A7B00061F30302A27510F8D81F0A09A17C62F3A5
:10A7C0000101A17410F80B29920962F38711A17499
:10A7D0000178E27961F30002E271C1786172007977
:10A7E0000109204601F07BFA524801F0C1F9A4F8B2
:10A7F0007C00296811F8CF0F820894F8270062F3D3
:10A80000830084F8270011F8022962F3000084F81D
:10A8100027008A78520862F3410084F827000878FC
:10A82000C20894F8330062F3451084F83300487886
:10A8300094F8282060F3451284F828204878C0F363
:10A84000410100E07FE0204601F017FA286810F887
:10A85000CD1F8A0914F8331F62F3000104F80B19A5
:10A860000278520962F34101E172417B627961F33E
:10A8700004026271807B217960F30401217101205F
:10A88000FFF74CFE94F8371060F3040184F837109A
:10A89000294801F06DF9A4F85200286834F8061F21
:10A8A000B0F8D52062F30B0124F8061B90F8C920FC
:10A8B00014F80A1C62F3030104F80A1C90F8C9108A
:10A8C0000A0914F8091C62F3030104F8091C90F842
:10A8D000CD108A0814F80C1C62F3000104F80C1C5B
:10A8E00090F8CD10CA09217862F3000104F82B1BFF
:10A8F000217841F0200104F85F1990F89711C907F9
:10A9000020D090F8CD00010914F8330F61F3041042
:10A910002070054812E00000500A1000000B1000E3
:10A920000CE01000C4A1012070B6012050DF10001F
:10A93000D5A501005C9001203C9A012001F018F996
:10A94000A4F8450038BD21F00101FFE638B5044602
:10A9500001F009F9FE4801F00BF9A4F8760000F0C7
:10A96000EFFCFC4D0B462A6892F8FF2AC2F3411215
:10A9700000920246204601F010FB00F0E6FC024681
:10A980000B46204601F033FBA07920F00200A071B5
:10A9900094F86F0020F0070084F86F0094F86E00C0
:10A9A00020F00F0084F86E00286890F8FF0AC0F3CA
:10A9B0004111204601F034FB286890F8FF0A10F09E
:10A9C000600F94F85E007DD040F0010084F85E00D6
:10A9D000204600F043FD286890F80A0BA070286814
:10A9E000218EB0F8102B62F30801218690F80B0B32
:10A9F00000F00F01204601F066F92868627D90F8AA
:10AA0000021B61F303026275B0F8042B218A62F322
:10AA10000B01218290F80C1BA27D61F30302A27549
:10AA2000B0F8062BA18962F30B01A18190F80B1BF2
:10AA30000A09A17C62F30101A17490F80B2B920921
:10AA400062F38711A17490F8FE1AE27961F30002B3
:10AA5000E27190F8011B617290F8020B0109204627
:10AA600001F03DF9BC4801F083F8A4F87C002968A6
:10AA700091F8000B820894F8270062F3830084F8B1
:10AA8000270091F8002B62F3000084F8270091F86A
:10AA9000002B520862F3410084F8270091F8FE0A67
:10AAA000C20894F8330062F3451084F8330091F83B
:10AAB000FF0A94F8282060F3451284F8282091F8C2
:10AAC000FF0A00E05DE0C0F34101204601F0D5F847
:10AAD000286890F8FE1A8A0914F8331F62F30001FF
:10AAE00004F80B1990F8FE2A520962F34101E17251
:10AAF00090F80D1B627961F30402627190F80E1BED
:10AB0000207961F3040020710A20FFF707FD94F813
:10AB1000371060F3040184F83710904801F028F8EA
:10AB2000A4F85200286834F8061FB0F8082B62F326
:10AB30000B0124F8061B10F8C92F14F80A1C62F345
:10AB4000030104F80A1C01780A0914F8091C62F3CD
:10AB5000030104F8091C90F8351A8A0814F80C1C33
:10AB600062F3000104F80C1C90F8350AC109207842
:10AB700061F3000004F82B0B207840F020002070D7
:10AB800038BD20F0010021E738B5044600F0EBFFA6
:10AB90006F4800F0EDFFA4F8760000F0D1FB6D4D9A
:10ABA0000B462A6892F8192BC2F341120092024612
:10ABB000204601F0F2F900F0C8FB02460B462046A1
:10ABC00001F015FAA07920F00200A07194F86F004E
:10ABD00020F0070084F86F0094F86E0020F00F005A
:10ABE00084F86E00286890F8190BC0F341112046D4
:10ABF00001F016FA286890F8190B10F0600F94F81D
:10AC00005E007DD040F0010084F85E00204600F038
:10AC100025FC286890F8240BA0702868218EB0F8D5
:10AC20002A2B62F30801218690F8250B00F00F0112
:10AC3000204601F048F82868627D90F81C1B61F3FB
:10AC400003026275B0F81E2B218A62F30B01218288
:10AC500090F8261BA27D61F30302A275B0F8202BA9
:10AC6000A18962F30B01A18190F8251B0A09A17C3F
:10AC700062F30101A17490F8252B920962F3871108
:10AC8000A17490F8181BE27961F30002E27190F868
:10AC90001B1B617290F81C0B0109204601F01FF884
:10ACA0002D4800F065FFA4F87C00296891F81A0B84
:10ACB000820894F8270062F3830084F8270091F853
:10ACC0001A2B62F3000084F8270091F81A2B52081F
:10ACD00062F3410084F8270091F8180BC20894F839
:10ACE000330062F3451084F8330091F8190B94F89F
:10ACF000282060F3451284F8282091F8190B00E011
:10AD000066E0C0F34101204600F0B7FF286890F8E4
:10AD1000181B8A0914F8331F62F3000104F80B1999
:10AD200090F8182B520962F34101E17290F8271B49
:10AD3000627961F30402627190F8281B207961F353
:10AD4000040020710B20FFF7E9FB94F8371007E0AF
:10AD5000C4A10120500A10005C9001203C9A0120FF
:10AD600060F3040184F83710FE4800F001FFA4F8F6
:10AD70005200286834F8061FB0F8222B62F30B014A
:10AD800024F8061B10F8C92F14F80A1C62F30301FB
:10AD900004F80A1C01780A0914F8091C62F303017B
:10ADA00004F8091C90F84F1A8A0814F80C1C62F376
:10ADB000000104F80C1C90F84F0AC109207861F3D7
:10ADC000000004F82B0B207840F02000207038BDE4
:10ADD00020F0010018E710B50446A422E24902F071
:10ADE0006FFDE2484179A08961F30B00A08110BD9D
:10ADF00038B50446FFF7EFFF00F0A2FA00220092F8
:10AE000002460B46204601F0C8F8D94800F0B0FED3
:10AE1000D84DA4F87C00286890F8DF00A07028685E
:10AE200090F8E00000F00F01204600F04CFF286889
:10AE300010F8E01F0A09A17C62F30101A1740278F5
:10AE4000920962F38711A174817894F82D2061F33F
:10AE5000040284F82D20C17894F82C2061F30402B8
:10AE600084F82C204078A17D60F30301A1750021B6
:10AE7000204601F0D5F814F85E0F20F00100207094
:10AE80000720FFF74BFB617860F3040161702968CC
:10AE900034F82E0CB1F8E42062F3080024F82E0CEC
:10AEA00011F8E10F020914F8370C62F3000004F8FE
:10AEB000370C0978490961F3410004F8370C38BDB3
:10AEC0002DE9F047AC4D4FF001094FF0000885F82F
:10AED000009085F8028085F80380074685F8078092
:10AEE0002879A44E0C4628724FF0020A0F2A19D274
:10AEF000DFE802F0B208B2193DB234786283A3A74A
:10AF0000B2ABAF000846FFF766FF387D012809D1D4
:10AF10006879287285F8079094F85E0020F00100A7
:10AF200084F85E0098E0084600F0FAF8306890F87F
:10AF3000711049060AD591490978002990F8E61060
:10AF400021F0030100D1491C80F8E61090F8E600DA
:10AF50002DE002282ED985F802A07DE0084600F0F9
:10AF6000DFF8306890F8E600C0F38100F1E70846AA
:10AF7000FFF731FF306890F8E800A0700420FFF779
:10AF8000CDFA94F85F1060F3040184F85F10387D07
:10AF9000012809D16879287285F8079094F85E0035
:10AFA00020F0010084F85E00306890F8E70000F0BF
:10AFB0000300CEE7A8704FE00846FFF70CFF002122
:10AFC000204600F080FE14F85E0F20F00100207093
:10AFD0000820FFF7A3FA14F8011F60F3040104F836
:10AFE0005F1927E00846FFF703FF306890F8E91083
:10AFF000A08961F30B00A0812EE00846FFF7F8FE60
:10B000000021204600F05FFE0920FFF787FA94F840
:10B010005F1060F3040184F85F1094F85E0020F084
:10B02000010084F85E00306890F8E910A08961F3AF
:10B030000B00A08185F800800EE00846FFF786FC33
:10B04000F8E70846FFF7A0FDF4E7084600F075F8BA
:10B0500002E00846E5F761FF94F82700C00702D038
:10B0600085F8018001E085F80190306890F8BD1AFC
:10B07000C90702D0397C012908D03C480078A88152
:10B08000A089C0F30B006881BDE8F087797C00F2ED
:10B090007710415CA08961F30B00A081787CEEE71A
:10B0A00010B586B000F04CF9CDE9000100F04DF983
:10B0B000CDE902010821684601F0E0F92E4C082193
:10B0C000207102A801F0DAF9A071DDE90001FDF7B5
:10B0D0007DFCCDE90401082104A801F0CFF96071DD
:10B0E0002148FFF7F2FA06B010BD70B51E4D047985
:10B0F000A4358CB122462946FFF7E2FEA87C00F079
:10B10000030000F079F92046FFF743FA1C4928466E
:10B1100000F0A1FF002070BD012070BD002070472D
:10B1200010B50446FFF757FE0320FFF7F7F914F8B0
:10B130005F1F60F30401217010BD38B50446FFF7AE
:10B140004AFE00F0FDF80022009202460B4620461F
:10B1500000F023FF0320A0700021204600F0B3FD83
:10B1600000210FE03C9A0120ACDE1000900A100094
:10B170006C940120500A1000000B1000CC09100044
:10B18000D5A50100204600F04BFF94F85E0020F0AA
:10B19000010084F85E00A07D20F00F00A075607DA6
:10B1A00020F00F006075208A6FF30B0000F6A66098
:10B1B0002082A0896FF30B0000F6A660A081E08DCD
:10B1C0006FF30B00E08538BD10B500F0D5F9FFF73F
:10B1D00067FFFFF75AF9FFF763F8FEF750FC4149A4
:10B1E00000204860BDE8104068213F4802F029BCBB
:10B1F00038B1012807D0022807D017200021FBF71B
:10B20000D6BD1420FAE71520F8E71620F6E7182136
:10B2100002F039BC70B5334C344D206809E000BFF2
:10B2200055F8201032488847002817D02068401C65
:10B2300020600728F4D360684EF66022401C00218D
:10B240006060904200D361602948183001706168E5
:10B2500041601838016818308847012070BD70B50A
:10B2600004460079002530B9E07920B9607A10B938
:10B27000607900280FD01E483C21183002F003FCF2
:10B28000182221461A4802F0A2FB16480560184809
:10B29000FFF7C0FF012070BD70B5124C050016D03D
:10B2A000002000F075F960684EF66021401C606077
:10B2B000884201D3002060600D4818300570616835
:10B2C000416018380168BDE87040183008472068B0
:10B2D000401C2060BDE8704005489BE700F030B896
:10B2E00000F033B8100B1000049D0120C4E10100F0
:10B2F000F4DF100070B5994B14461B6893F80731C2
:10B30000DB074FF000030BD117E000BF31F91350FA
:10B3100031F9146035446D1020F813505B1C641C27
:10B320009342F3DB70BD00BF31F8135031F8146065
:10B33000354420F813505B1C641C9342F4DB70BD51
:10B3400086480068C16A806A704784480068416A1C
:10B35000006A7047F0B500242546814E4FF400671F
:10B3600014E000BF30F81530C3F30B035FEAD32CB1
:10B3700000D03343002B00DA5B429C4200DA9CB2DF
:10B38000BC4202D340F2FF7402E06D1C8D42E9DB47
:10B39000D4400120A04080B2F0BD30B5724B714C5A
:10B3A0005A68824202D1DA688A420AD0002206E054
:10B3B00030F81250C5F30B0524F81250521C8A4283
:10B3C000F6DBD960586030BD30B5674B674C9A6882
:10B3D000824202D11A698A420DD0002207E000BFE2
:10B3E00030F81250C5F30B0524F81250521C8A4253
:10B3F000F6DB1961986030BD70B504465C480168A1
:10B4000002290AD1584D29788C4206D000EB8400DD
:10B41000D0F8AC0000F0BFFB2C7070BD10B5044636
:10B4200090F82800800609D5524800F0A1FB24F8C6
:10B430008C0F5048183000F09BFB608010BD7047A7
:10B440007047704702004FF0000000D10846704777
:10B4500002460020012A00D1084670473F490A6889
:10B4600092F87D20930910F83E2B63F3820200F8D6
:10B470003E2C0B6893F87D305B0963F3451200F8AE
:10B480003E2C0968B1F88520028291F88420837FE0
:10B4900062F30713837791F881201309027D63F328
:10B4A00006120275B1F87F30028B63F30902028342
:10B4B00011F87D2F9308827D63F3861282750A79D5
:10B4C000C37D62F30303C375B1F80530B0F81B20E8
:10B4D00063F30802A0F81B2049894182704710F8E5
:10B4E000371F41F0100100F81F1930F80C2CC17EF5
:10B4F0006FF30B02103220F80C2C30F8082C21F0DE
:10B5000023016FF30B02403220F8082C082200F8C8
:10B51000162C90F8472041F00C0122F01F0280F811
:10B520004720028B6FF308020283C176C18A6FF352
:10B530000B013F31C182417D21F01F014175017D29
:10B5400021F01F01017590F8461021F0010180F8EB
:10B550004610017C41F0200101747047500A100030
:10B5600000F0FFFF3C9A0120180B10003C9C0120CA
:10B5700048E01000AC9C0120704710B500F0ADFD14
:10B5800008B1012010BD084800F090FD002010BD5A
:10B59000064810B5006890F87100400701D500F02A
:10B5A00091FD012010BD000049B20100500A1000B9
:10B5B0003F48016821F00401016000F01EBF10B592
:10B5C000FFF7F6FF10BD10B5FFF7F2FF10BD10B585
:10B5D000FFF7EEFF10BD10B5FFF7EAFF01F033FDF6
:10B5E00010BD10B5FFF7E4FF00F0E2FA10BD10B592
:10B5F000FFF7DEFF01F05BFE10BD10B5FFF7D8FFCF
:10B6000001F09DFE10BD10B5FFF7D2FF01F0E0FE86
:10B6100010BD10B5FFF7CCFF01F025FF10BD10B530
:10B62000FFF7C6FF01F06AFF10BD10B5FFF7C0FFBE
:10B6300001F0B6FF10BD10B5FFF7BAFF01F0FAFF39
:10B6400010BD10B5FFF7B4FF02F032FB10BD10B50E
:10B65000FFF7AEFF02F008FB10BD10B5FFF7A8FF23
:10B6600010BD10B5FFF7A4FF10BD10B5FFF7A0FF88
:10B6700010BD10B5FFF79CFF02F023F810BD10B508
:10B68000FFF796FF10BD10B5FFF792FF10BD10B584
:10B69000FFF78EFF10BD10B5FFF78AFF01F05DFDCB
:10B6A00010BD10B5FFF784FF01F072FD10BD7047AB
:10B6B00010ED00E00EB50BA207CA8DE807000C489C
:10B6C00000F03FFE684600F040FEFCF79DFBFCF7F3
:10B6D000DFF900F037F800214720FBF768FB012075
:10B6E0000EBD00004000000000000000000000004F
:10B6F000180024501A4910B501200870194900207B
:10B70000086019490860194908601949086000F083
:10B710007FF900F019F900F07DF8002010BD10B598
:10B72000124802F06BF8104908600E490968884217
:10B7300007D00B480078022803D1BDE81040E4F799
:10B7400011BE10BD10B5FFF7EAFF054902200870D1
:10B75000E4F7ECFD4FF0FF3010BD01207047000012
:10B760008C0B1000900B1000940B1000980B100025
:10B770009C0B100070B50D460446C1698068CC2250
:10B7800002F057F9E169A068002208444FF0807187
:10B7900040F8041C216A40E9032140F8102C40F8CD
:10B7A000142C40F8182C40F81C2C4FF00B3140E9B9
:10B7B00009154FF00A3140F8281C4FF0093140F8C4
:10B7C0002C1C4FF0083140F8301C4FF0073140F886
:10B7D000341C4FF0063140F8381C4FF0053140F86A
:10B7E0003C1C4FF0043140F8401D70BD81694FF0A2
:10B7F000CC330A689A4208D14A689A4205D18A68CD
:10B800009A4202D1C968994202D04068FCF787B9D0
:10B810007047000010B5A021494802F034F900201B
:10B8200010BD70B50646464800EB0614E4F7D2FD9D
:10B830000546207828B12846E4F7D4FD6FF00100D2
:10B8400070BD0320207000206660E06004F10800F5
:10B8500001F0AEFF2846E4F7C5FD002070BD2DE9DC
:10B86000F0410F463649002501EB00142E46E4F75F
:10B87000B1FD8046E0683843E06004F10800074607
:10B8800001F0BCFF0CE0E168C26A114203D000F095
:10B890000FF9012600E06D1C2946384601F0A4FF8F
:10B8A0000028F0D10EB1FFF73AFF4046E4F79AFDC9
:10B8B0000020BDE8F08170B50D46214901EB001470
:10B8C000E4F788FDE168A943E160E4F78BFD00201F
:10B8D00070BD70B50C461A4901EB001500202060C0
:10B8E000E4F778FDE9682160E4F77CFD002070BD95
:10B8F0002DE9F0410D4612491E46904601EB001419
:10B90000E4F768FD07460F480068C562E168294210
:10B9100003D104F1080100F0DDF83846E4F762FDD8
:10B92000E4F758FDE16829403160B8F1010F02D118
:10B93000E168A943E160E4F755FD0020B9E70000A4
:10B9400004E11000900B100010B5C8212E4802F041
:10B950009AF8002010BD2DE9F04106462A4900EB77
:10B960008600174601EB8004E4F734FD0546207895
:10B9700030B12846E4F736FD6FF00100BDE8F081F4
:10B980000220207000206660C4E9027004F11000FB
:10B9900001F00EFF2846E4F725FD0020EEE770B524
:10B9A000194900EB800001EB8004E4F713FD054624
:10B9B000D4E90201814205DB144804F1100100685A
:10B9C00000F088F8E068401CE0602846E4F70AFDD3
:10B9D000002070BD70B50C4900EB800001EB8004C5
:10B9E000E4F7F8FC0546E06808B1401EE06004F1A9
:10B9F000100001F003FF10B1206900F011F8284693
:10BA0000E4F7F0FC002070BDA4E11000900B1000E2
:10BA100010B54FF4F0713C4802F035F8002010BD2D
:10BA200010B5044690F8240002280BD0204601F0FF
:10BA3000E7FE022084F824003449204601F0BCFED1
:10BA4000FFF76DFE002010BD2DE9F05F06460AA845
:10BA500006EB460190E8000E2B481D4600EB011452
:10BA60009046207818B16FF00100BDE8F09FE4F730
:10BA7000B1FC074601202070C4F81480C4E90165B8
:10BA800004F11801002081E8200684F82400E06019
:10BA90002061C4E90A8059462046FFF76BFEA0608A
:10BAA0002046FFF7BDFF3846E4F79CFC0020DCE7AA
:10BAB00010B5044690F82400022809D0204601F071
:10BAC0009FFE022084F824001049204601F074FEF5
:10BAD000002010BD70B5044690F824000D460228E1
:10BAE0000BD1204601F08CFE032084F82400294667
:10BAF000204601F061FEFFF712FE002070BD0448F1
:10BB000000684068704700006CE21000980B10005D
:10BB1000900B1000774810B50021016001220260EF
:10BB20000160754C6920A0710620E4F765FC0820CF
:10BB3000A07110BD10B5FFF7EDFF70480021017036
:10BB4000416000F023FABDE8104000F00DBB01F0A9
:10BB50001BBD01F06ABD10B501F067FD01F014FDD9
:10BB6000BDE81040E6E7A422654901F0A9BE704790
:10BB700010B50446800702D00220FFF739FB4FF4CE
:10BB800080302044C0F34F0010BD01465A48A02227
:10BB9000A43001F095BE584AA432002142F8210099
:10BBA000491C2829FADB704701F01CBD01F0B6BC26
:10BBB000524810B5406810B1BDE810400047002061
:10BBC000FFF716FB10BD4F4902780A704A49B0F8DA
:10BBD0000100A1F854017047062937D2DFE801F0CF
:10BBE000112437243603017821F0120100F84D1B8F
:10BBF000017821F0030100F8071B017821F0800192
:10BC00000CE0017821F0020141F0100100F84D1B19
:10BC1000017821F0030100F8071B12E000F8441B33
:10BC2000017821F0010110E00278012942F01202AE
:10BC3000027000D0032110F84D2F61F3010200F8CB
:10BC4000072B017841F08001E8E701707047017827
:10BC500021F0020141F0100100F84D1B017821F0A4
:10BC60000301891C00F8071B017841F0800100F8EE
:10BC7000441B017841F00101E7E790F829200229EF
:10BC800004D0032922F0400102D104E042F0400137
:10BC900021F0800101E041F0800180F82910704717
:10BCA00090F82920012904D0022907D022F01001A0
:10BCB00001E042F0100121F0200101E042F03001EA
:10BCC00080F829107047C278002961F30302C2701E
:10BCD00004D010F85E1F41F0040101707047C27A71
:10BCE000012961F30302C27202D942F01001C1724C
:10BCF0007047000090040022000003202C0B10006D
:10BD0000E0E101004401032001EB810102EBC101EC
:10BD1000405C010602D500F07F0040427047002BD6
:10BD200004DA5B42DBB243F0800301E003F07F03FF
:10BD300001EB810102EBC101435470472DE9F05F33
:10BD40000025DDE90A7891469A4683462E462A4622
:10BD50000120002101F06AFD00EA090001EA0A0160
:10BD6000084314D0002422460120002101F05EFD8A
:10BD7000384001EA0801084305D000232246314635
:10BD80005846FFF7CCFF641C282CECDB761C6D1C9E
:10BD90001C2DDCDBBDE8F09F405C010602D500F005
:10BDA0007F0040427047002A04DA5242D2B242F089
:10BDB000800201E002F07F0242547047F0B5002497
:10BDC00015460E468446234601270FE006EBE300A6
:10BDD00003F00701007807FA01F2024205D00022C1
:10BDE00019466046FFF7DFFF641C5B1CAC42EDDBCD
:10BDF000F0BD405C704742547047F0B500242346C4
:10BE000001260DE001EBE30503F007072D7806FAA4
:10BE100007FC1CEA050F02D00025C554641C5B1CFE
:10BE20009442EFDBF0BD405C704742547047405C89
:10BE300070474254704700002DE9F041354C54F8EA
:10BE40003C7FE668257CDFF8D0800121C8F800102F
:10BE50004FF47070E4F7D0FA0021C8F800102760A2
:10BE6000E6602574BDE8F0812A480021C163816441
:10BE700080F84C10704770B5164600240D460246F7
:10BE80000120214601F0D2FC55B3224A483210600D
:10BE90001171FFF7D1FF3146002000F028F800B102
:10BEA0000124FFF7C9FF3146012000F020F808B156
:10BEB00044F00204FFF7C0FF3146022000F017F8FB
:10BEC00008B144F00404FFF7B7FF3146032000F047
:10BED0000EF808B144F00804FFF7AEFF204670BD2D
:10BEE0000C4A3C32C2E90001D3E70222C3E78907CA
:10BEF00040EA9161074810B580F8A310E5218171EF
:10BF00004FF47070E4F778FA0448D0F8C002C0B279
:10BF100010BD0000000003206814602200106022A1
:10BF200052484168002901D001200847704710B5E8
:10BF3000FFF70FFE4E49022008704E4900200860AE
:10BF40004A484168002903D0BDE810400020084756
:10BF500010BD10B58179464A21F01D0141F0E00184
:10BF6000817103211170434A434911600146A422A3
:10BF7000424801F0A5FC42490120C1F8C0003B48FD
:10BF800040490088BDE81040FFF70EBE3748002149
:10BF900041604FF4FA71018070477FB50446029802
:10BFA0000021C0F31500089DCDE90201082102A877
:10BFB00000F064FA012D02D0022D04D006E0C01C6E
:10BFC00020F0010002E0C01D20F00300029944F8B7
:10BFD0003C1F217A60F3060121727FBD012340F8E6
:10BFE0003C3F5143027A61F30602027270471FB56B
:10BFF0000446039902A8C9B20391082100F03EFA51
:10C00000DDE90212A16484F84C2014F8701F60F37B
:10C01000050104F81E19E17F60F30501E1771FBDFA
:10C0200008B519A2126800921DF8012010F85D1FD2
:10C0300062F30101017008BD0D49032008700D492C
:10C040000D4808600E490120C1F8C00007480D499D
:10C050000088FFF7A9BD054A51604FF4FA711180BD
:10C0600077E7024B59601A8073E70000340B100029
:10C070002C0B1000300B1000DFBE0100000003206D
:10C0800000006022D1BE01000001020016480178C4
:10C09000012908D1022101701448016819B1002258
:10C0A0000260104608470120FFF7A2B80E4A01219E
:10C0B00011700E4908600E49E82088710D490C2066
:10C0C000FFF774BD0A49082088710B4900200862F7
:10C0D0000549087005490860704703480078002842
:10C0E00000D00120704700002C0B10003C0B10000A
:10C0F000000003203DC00100000060226548416847
:10C10000002901D001200847704710B5FFF721FD35
:10C110006149022008706149002008605D4841685B
:10C12000002903D0BDE810400020084710BD10B51D
:10C130008179594A21F0010141F0E0018171042126
:10C140001170564A564911600146A422554801F023
:10C15000B7FB55490120C1F8C0004E48534900883B
:10C16000BDE81040FFF720BD4A48002141604FF470
:10C17000FA71018070477FB5044602980021C0F330
:10C180001500089DCDE90201082102A800F076F90A
:10C190000299E16394F84420C1B261F3060284F885
:10C1A00044200A2D0FD00B2D0DD014F8720F61F31F
:10C1B00005002070607861F305006070A07820F0C1
:10C1C0000800A0707FBD14F8721F401C60F30501C9
:10C1D0002170617860F305016170A07840F008007B
:10C1E000EFE71FB50446039902A8C9B203910821DD
:10C1F00000F044F9DDE90212A16484F84C2014F83F
:10C20000701F60F3050104F81E19E17F60F305015A
:10C21000E1771FBD30B526A28CB03CCA8DE83C004A
:10C2200027A20DF1100C3CCA8CE83C0028A20DF1AD
:10C23000200C3CCA8CE83C0004AA535C427E63F3A9
:10C24000050242761DF80130027E63F34202027657
:10C2500008AA525C817962F3840181710CB030BD0F
:10C260000D49042008700D490D4808600E49012051
:10C27000C1F8C00007480D490088FFF795BC054A82
:10C2800051604FF4FA71118051E7024B59601A80E6
:10C290004DE70000400B10002C0B1000300B10007D
:10C2A000BBC001000000032000006022ADC00100FF
:10C2B000000002020101030303030002000000006A
:10C2C0000202020202020202010102020101000056
:10C2D000020302030203020302030202020300003C
:10C2E0005049012008601722410701F8272F0B222F
:10C2F00081F841204B49183908604FF00851C1F8C6
:10C30000C403484B0022B0331A60464B943B18607C
:10C31000C1F86803C1F8740343480260704741499B
:10C3200001209439086070473E4900209439086024
:10C3300070474FF00050008870474FF000508078F1
:10C3400070474FF0005148607047384902680A60F2
:10C3500042684A6080688860704734490A680260B1
:10C360004A6842608968816070472E4901203039EF
:10C37000086070474FF0005010F8221F44210170F0
:10C38000417821F0330141F03001417070474FF0A6
:10C39000005303F81F0F5970987862F303009870E8
:10C3A000704723480068704721490860704710B5FE
:10C3B0004FF00054E27E202322F0AF0203EA401344
:10C3C0001343042202EA8000034301F00300034305
:10C3D000E37610BD4FF0005090F8220010F00300FB
:10C3E00005D0012805D0022805D012487047124810
:10C3F000704712487047124870477047704711499C
:10C400000120C1F8DC0070470E490020C1F8DC00B3
:10C4100070470448F030006808B1012070470220DE
:10C4200070470000CC040022DC1B00220800002022
:10C43000480B10000090D00300D8B805006CDC0257
:10C440000048E80100006022F0B5074600200346DE
:10C450002F4E10E057F8235003224FEAC20C45FA42
:10C460000CF484EA2064E4B2521E56F8244084EAB4
:10C470000020F2D55B1C8B42ECDBF0BD30B50446EE
:10C48000234B0020103B08E0625C02F00F0503EB39
:10C4900012125D5D127828441044491EF4D230BD5A
:10C4A00010B584680368E443A3420AD1C4684368B2
:10C4B000E443A34205D15B1C0B60006810600120BF
:10C4C00010BD002010BD3CB50446002501AA6946F8
:10C4D000FFF7E6FF012809D1009904F11000091FB8
:10C4E000FFF7B2FF0199884200D1012528463CBDE3
:10C4F00030B50D460446091F1030FFF7A5FF6D1E2D
:10C500006560E943E1602060C043A06030BD000089
:10C5100094E2010001468000B1F5803F02D210385C
:10C52000C0F311007047C0F387207047B0F5802F2B
:10C5300002D21030C0F31100C0F38F00704730B545
:10C54000FE4C01252560E50603F03F0385F86B30BE
:10C55000002304E051F8235040F823505B1C934221
:10C56000F8DB0020206030BDF0B5F44F01233B60C4
:10C570005C0784F86B309B1E0360002312E051F8C7
:10C58000234040F82340002450F8235051F8236002
:10C59000B54206D06D1C04D1641C40F82360032C06
:10C5A000F2D35B1C9342EADB00203860F0BDF0B5AB
:10C5B00013460A460546002498184FF4832660283F
:10C5C00001D9012411E0002107E05F1856F8270087
:10C5D000401C01D011460224491C9142F5D324B9D4
:10C5E00006EB83002946FFF7BFFF2046F0BD10B5DC
:10C5F00003460846FFF78EFF0146BDE81040920053
:10C60000184601F0E4B92DE9F0414FF000580C460E
:10C61000D8F814700125C0F38F066FF48041C8F874
:10C6200014100E2000F008FB204600F012FB020060
:10C63000C3484FF0010118D00160A4F58034404692
:10C6400020F8726F4480602200F8012CBD4A11600E
:10C65000BB4AC432116030BF81797238890700D07B
:10C66000002547612846BDE8F08100220260E6E728
:10C670002DE9F05F1546DFF8C4B2002601270A460F
:10C6800004464FF0005CB1F5882F15D3A30AFFF7DD
:10C6900041FF5946CBF8007003F03F038CF86B3034
:10C6A000002304E052F8234040F823405B1CAB42D7
:10C6B000F8DB0E60BDE8F09FDCF81490C1F38F0842
:10C6C000E2466FF48041CCF814100E2000F0B4FA6A
:10C6D000CBF80070204600F0BCFA0100984819D051
:10C6E0000760A4F58034AAF87280AAF874406D1E21
:10C6F000AAF8765040218AF8711092490E6090494C
:10C70000C4310F600AF1520030BFCBF8006040F82E
:10C710003E9CCFE70660E6E72DE9F0414FF000547C
:10C720000F4654F8146F85086FF4804020600E2087
:10C7300000F082FA0020A066A4F85E507F1EA4F8E4
:10C74000627084F85D007F4908607D490120C43132
:10C75000086030BFE06E266085E770B506460C467F
:10C7600001F11000111F154689B2FFF7D5FF2060B7
:10C77000681E606020682A46C043A0606068214649
:10C78000C043E0603046BDE8704071E7F0B5074651
:10C79000002004466C4E15E057F8245003234FEA5E
:10C7A000C30C45FA0CF280EA02600822002802DA83
:10C7B00086EA400000E04000521E002AF6DC5B1EC4
:10C7C000EDD5641C8C42E7DBF0BD30B550F8084B6A
:10C7D00050F8085B30F80C1C491C89B2FFF7D6FFF3
:10C7E000844204D1E043854201D1012030BD0020C4
:10C7F00030BD2DE9F0410126750704466F696FF4DD
:10C80000804068610E2000F017FA4FF00008C5F86C
:10C810007C80204600F01DFA020049494FF00100DB
:10C8200015D00860A4F58034A5F87440202185F85F
:10C830007110444908604249C431086030BF95F81E
:10C840007800800700D000266F6130460BE7C1F802
:10C850000080E9E700B50B46FFF75CFE82680168DF
:10C86000D243914208D14268C068C043824203D19A
:10C87000521C1A80012000BD002000BDF8B50446FE
:10C8800010300D460646FFF7BEFE012801D00020FD
:10C89000F8BD69462846FFF7DDFFBDF80000001F20
:10C8A00081B23046FFF738FF2060BDF80010C0436A
:10C8B000491E6160A060C843E0600120F8BDF0B58A
:10C8C000B5B007466D46214E0124D021284601F01F
:10C8D000DAF8002056F8201045F82010401C3428C3
:10C8E000F8D31B490098884210D1029881B205A85C
:10C8F0000446FFF74BFF0199814206D1BC22214635
:10C90000384601F064F8002400E00324204635B0E6
:10C91000F0BDF0B5B5B007466D460C4E0124D021F0
:10C92000284601F0B0F8002056F8201045F82010F5
:10C93000401C3428F8D3064900980BE0C41B0022A1
:10C94000780D00221C0F00221B000080041D040033
:10C950004D0669B9884210D1029881B205A80446F3
:10C96000FFF714FF0199814206D1BC2221463846C7
:10C9700001F02DF8002400E003242046C7E770B53D
:10C9800094B004466D46B64E5021284601F07BF81F
:10C99000002056F8201045F82010401C1428F8D329
:10C9A000B04800996FF0020581422ED1A810206096
:10C9B0006060A060E0602061029881B205A8FFF786
:10C9C000E5FE0199814220D1BDF8381045F2AA5008
:10C9D00081420CD19DF81D1021609DF81C1001F0C2
:10C9E0000F0161609DF81E1001F00F01A160BDF8FC
:10C9F0003C10814201D10899E160BDF840108142AC
:10CA000001D10998206114B070BD25606560A560F2
:10CA1000E5602561F7E770B594B004466D46904E29
:10CA20005021284601F02FF8002056F8201045F834
:10CA30002010401C1428F8D38A4800996FF0020592
:10CA400081422DD1A81020606060A060E06020616C
:10CA5000029881B205A8FFF799FE019981421FD182
:10CA6000BDF8381045F2AA5081420CD19DF81D1036
:10CA700021609DF81C1001F00F0161609DF81E10EF
:10CA800001F00F01A160BDF83C10814201D108996D
:10CA9000E160BDF840108142B5D109982061B2E74C
:10CAA00025606560A560E5602561ACE770B586B07E
:10CAB0006B4E04466D46B4361421284600F0E3FF61
:10CAC000002156F8210045F82100491C0529F8D31A
:10CAD00000982060019860600298C0B2A06003983E
:10CAE000C0B2E0600498C0B2206106B070BD1CB551
:10CAF00000205B4A009030326B460146019052F8AC
:10CB0000214043F82140491C0229F8D3BDF8001008
:10CB1000A1F5AA42AA3A0AD1BDF80420114206D1D1
:10CB20009DF802109DF80620114200D108461CBD58
:10CB30001CB500204A4A009030326B4601460190F5
:10CB400052F8214043F82140491C0229F8D3BDF88E
:10CB50000010A1F5AA42AA3A0AD1BDF80420114258
:10CB600006D19DF802109DF80620114200D108461A
:10CB70001CBD2DE9F04186B0394C80466E46174603
:10CB8000503401251421304600F07DFFFF2038701D
:10CB9000002254F8220046F82200521C052AF8D33D
:10CBA00031490098884215D1029881B204F11400ED
:10CBB000FFF7ECFD019981420BD1182204F1DC0151
:10CBC000404600F004FFD4F8F4100025C8F818100F
:10CBD00000E00225284606B045E5F0B585B0204CBA
:10CBE00007466E46503401251421304600F04BFFB5
:10CBF000002054F8201046F82010401C0528F8D3D7
:10CC000019490098884214D1029881B204F11400A5
:10CC1000FFF7BCFD019981420AD1182204F1DC0121
:10CC2000384600F0D4FED4F8F4000025B86100E0E6
:10CC3000022505B02846F0BD002809DB00F01F02E0
:10CC4000012191404009800000F1E020C0F88012ED
:10CC50007047B0F5803F01D2002070470120704737
:10CC6000AC1E04005C000D60AF07A6554FF00050ED
:10CC7000002180F83C1080F83D1000F83E1F00F8BD
:10CC80000E1981707F2202703B2202714171417046
:10CC9000017241728172C172C1717047784A11602C
:10CCA000774A002134321160121D08B111607047BB
:10CCB00001201060704730B501248440E0B24FF08D
:10CCC00000540029039D94F8321001D0014300E084
:10CCD000814384F8321094F830100AB1014300E027
:10CCE000814384F8301094F834100BB1014300E014
:10CCF000814384F8341014F8351F0DB1014300E06E
:10CD00008143217030BD4FF00052062817D2DFE872
:10CD100000F00306090F171A12F83C0F04E012F88E
:10CD20003C0F07E012F83D0F20F00F00084305E02C
:10CD300012F83D0F20F0F00040EA0110107070472B
:10CD400012F83E0FF0E712F83E0FF3E72DE9F04737
:10CD500005460120A840C4B21F46914688460A20D5
:10CD6000DDF820A000F06DF80B2000F06AF80A2032
:10CD700000F078F80B2000F075F84FF0005696F8A8
:10CD80003800A04386F8380096F83A00A04386F8A9
:10CD90003A0096F82E00A04386F82E00394A00206B
:10CDA000B8F1000F42F825000BD096F83810214357
:10CDB00086F8381096F83A10214386F83A1042F86F
:10CDC000257096F83910A14386F8391096F83B1073
:10CDD000A14386F83B1096F82F10A14386F82F1038
:10CDE00028492031B9F1000F41F825000BD096F801
:10CDF0003900204386F8390096F83B00204386F836
:10CE00003B0041F825A096F8380010B10A2000F048
:10CE10000BF896F83900002804D0BDE8F0470B2045
:10CE200000F002B8BDE8F087002809DB00F01F021F
:10CE3000012191404009800000F1E020C0F800117C
:10CE4000704700280DDB00F01F02012191404009CE
:10CE5000800000F1E020C0F88011BFF34F8FBFF3D6
:10CE60006F8F7047002809DB00F01F0201219140FD
:10CE70004009800000F1E020C0F8801270470000F7
:10CE8000040500224CE410002DE9F047417ACA075E
:10CE90004FF0000101D0554A516001277D0785F808
:10CEA000E57085F8E470C5F8C010C5F8E81085F89D
:10CEB000E11085F8E310DFF838A1067A04680AF17A
:10CEC0000709072E00D9072600216DE04A1CD3B2BE
:10CED00001EB810214F802800AF80180D0F804C046
:10CEE00022443CF8118029F8118092F803C0BCF16B
:10CEF000010F02D0BCF1030F07D195F8E5C007FA86
:10CF000003F84CEA080C85F8E5C090F809C05FEA20
:10CF1000CC7C0FD192F803C0BCF1020F02D0BCF15F
:10CF2000030F07D195F8E4C007FA03F84CEA080CA0
:10CF300085F8E4C001EB410C21F00108E04492F8CF
:10CF400001C00CF0070C0CFA08FCD5F8C0804CEAC4
:10CF5000080CC5F8C0C092F802C04FEA81080CF076
:10CF60000F0C0CFA08FCD5F8E8804CEA080CC5F860
:10CF7000E8C090F809C05FEACC7C14D11279D207DE
:10CF800007D095F8E12007FA03FC42EA0C0285F885
:10CF9000E1202279D20606D595F8E32007FA03F3BB
:10CFA0001A4385F8E320491CB1428FD3D5F8E80035
:10CFB0006864BDE8F0870E4AD21D22F81010704751
:10CFC00010B504460B48006838B1A068FFF75CFF55
:10CFD0002068BDE8104000F00FB8E068FFF754FF8C
:10CFE0006068BDE8104000F09FB8000000200022FB
:10CFF000AB000020BC05002210B5494B016800249D
:10D0000099608188598002899A801C704FF0005382
:10D01000A3F81A21A3F81E11C088A3F820014148E3
:10D020000122C0F8D821C0F8DC21C0F8C421C0F822
:10D03000CC21C0F8D42172B6D0F808120029FBD157
:10D04000426062B610BD2DE9F041364DD5F85C0165
:10D05000334F2E040124BA6840B3B6F81C815FEA4E
:10D0600008000CD0D5F8540148B141460120904742
:10D07000C5F8D842D5F8540108B1C5F8D442BA6809
:10D080004146022090470178022902D0032902D0AC
:10D0900008E0418800E07988A6F81E118088A6F88B
:10D0A0001A013C70C5F8DC42BDE8F081D5F84401B6
:10D0B00080B1B6F81C1103209047387838B17888D1
:10D0C000A6F81E01B888A6F81A0100203870C5F825
:10D0D000C442E9E7D5F8580130B1B6F81C11012077
:10D0E0009047C5F8D842DFE7D5F84C0118B9D5F814
:10D0F00054010028D8D0B6F81C1119B1012090476E
:10D10000C5F8D842D5F84C0110B1C5F8CC42CBE7F0
:10D11000D5F854010028C7D0C5F8D442C4E70000B0
:10D120004C0B100000200022017C31B14FF0005167
:10D1300011F82D2F42F002020A701C4902680A60A1
:10D1400042684A6082688A60C068C8607047184850
:10D150000068002800D00120704730B44FF0005123
:10D1600011F8E00F0A8AC968104BC40708D09B6801
:10D17000002B0BD0A2F57F44FF3C07D030BC1847F2
:10D18000DB68002B02D0521C92B2F7E730BC70472C
:10D190004FF0005090F8E2000449C20701D009683E
:10D1A00000E04968002900D008477047580B10007C
:10D1B000A8050022F74900200860091D0860091D24
:10D1C0000860091D0860091D0860091D0860091D27
:10D1D0000860091D0860F04901220A60EE49143117
:10D1E0000860510701F8500FFF234B7001F8050C40
:10D1F0008A80EA49086048608860C86008614861C0
:10D200008861C8610862704700B5FFF7D3FF4FF02F
:10D2100000510E20A1F8520000BD00B5FFF7CAFF73
:10D2200010204106A1F8520000BD00B5FFF7C2FF73
:10D230004FF000511720A1F8520000BD7047D74AA7
:10D240001160D44900220A6000EB80004FF6FF72A3
:10D2500002EA40004FF00052A2F858000120086096
:10D260007047CE4B10B5CB4A1960002111604FF0CA
:10D27000005191F85140E40707D01B6A58438009D8
:10D28000A1F858000120106010BD00EBC00303EBB3
:10D2900000104FF6FF7303EA8000F1E74FF00050F3
:10D2A000B0F858007047BB49002008607047BB4A7F
:10D2B00010B5002110681160B64A116010B1BDE8C8
:10D2C000104000470020FFF7B9FF10BDB34A51607E
:10D2D000B0490022091D0A6000EB80004FF6FF7282
:10D2E00002EA4000CA06A2F85A000120086070470E
:10D2F000AA4B10B55960A74A0021121D1160D10632
:10D3000091F85140A40708D400EBC00303EB0010D0
:10D310004FF6FF7303EA800002E01B6A584380095E
:10D32000A1F85A000120106010BD4FF00050B0F875
:10D330005A00704797490020091D08607047974AB6
:10D3400010B5002150685160924A121D116010B151
:10D35000BDE8104000470120FFF770FF10BD8F4A65
:10D3600091608C49002208310A6000EB80004FF682
:10D37000FF7202EA40008A06A2F85C000120086001
:10D380007047864B10B59960824A002108321160BF
:10D39000910691F85140640708D400EBC00303EBF9
:10D3A00000104FF6FF7303EA800002E01B6A584347
:10D3B0008009A1F85C000120106010BD4FF0005002
:10D3C000B0F85C007047734900200831086070476E
:10D3D000724A10B50021906891606E4A083211605F
:10D3E00010B1BDE8104000470220FFF727FF10BD35
:10D3F0006A4AD160674900220C310A6000EB800064
:10D400004FF6FF7202EA40004FF00052A2F85E00B1
:10D41000012008607047614B10B5D9605D4A00215A
:10D420000C3211604FF0005191F85140240708D49C
:10D4300000EBC00303EB00104FF6FF7303EA80001C
:10D4400002E01B6A58438009A1F85E0001201060C9
:10D4500010BD4FF00050B0F85E0070474D490020FD
:10D460000C31086070474D4A10B50021D068D1607A
:10D47000484A0C32116010B1BDE81040004703204B
:10D48000FFF7DCFE10BD454A116142490022103110
:10D490000A6000EB80004FF6FF7202EA40004FF096
:10D4A0000052A2F860000120086070473B4B10B5A5
:10D4B0001961384A0021103211604FF0005191F883
:10D4C0005140E40608D400EBC00303EB00104FF614
:10D4D000FF7303EA800002E01B6A58438009A1F849
:10D4E00060000120106010BD4FF00050B0F86000E7
:10D4F000704728490020103108607047274A10B54E
:10D50000002110691161234A1032116010B1BDE889
:10D51000104000470420FFF791FE10BD1F4A5161E3
:10D520001C49002214310A6000EB80004FF6FF72A4
:10D5300002EA40004FF00052A2F8620001200860A9
:10D540007047164B10B55961124A00211432116010
:10D550004FF0005191F85140A40608D400EBC003ED
:10D5600003EB00104FF6FF7303EA800002E01B6A32
:10D5700058438009A1F862000120106010BD4FF0EF
:10D580000050B0F862007047024900201431086072
:10D590007047000040090022C0040022680B100000
:10D5A0007C4A10B50021506951617B4A116010B16D
:10D5B000BDE8104000470520FFF740FE10BD754A4A
:10D5C000916175490022091D0A6000EB80004FF649
:10D5D000FF7202EA40004FF00052A2F864000120FE
:10D5E0000860D5E76B4B10B599616B4A0021121D9D
:10D5F00011604FF0005191F85140640608D400EBDF
:10D60000C00303EB00104FF6FF7303EA800002E053
:10D610001B6A58438009A1F864000120106010BD06
:10D620004FF00050B0F86400B2E75B490020091DDC
:10D630000860ADE7574A10B5002190699161564ADC
:10D64000121D116010B1BDE8104000470620FFF721
:10D65000F5FD10BD10B5FEF7A4FE4FF0005191F896
:10D66000222042F21073B0FBF3F0C2F38102521C8D
:10D67000D040B1F85420C96C51438909B0FBF1F096
:10D6800010BD4549002208310A60424A126A5043DF
:10D690004FF000528009A2F866000120086077E789
:10D6A0003D4900200831086072E73A49C8613B49AA
:10D6B0000120C1F8DC003849A4310860091D086068
:10D6C00066E7344A10B50020D169D061334AC2F808
:10D6D000DC0051B1304AA43210604FF00050C06CF1
:10D6E000BDE8104020F07F400847FF20FFF7A6FD6F
:10D6F00010BD10B50446FEF754FE4FF0005191F8EE
:10D70000221042F21072B0FBF2F0C1F38101491C09
:10D71000C8400003B0FBF4F01E49086210BD30B5EC
:10D720004FF000550124844095F8510009B1204381
:10D7300000E0A04385F8510095F84B000AB1204362
:10D7400000E0A04385F84B0015F8500F0BB12043C3
:10D7500000E0A043287030BD4FF0005010F84A1F81
:10D76000C079814301D0012012E7002010E74FF07B
:10D77000005090F82200C0F3810028B1012805D0A4
:10D78000022805D0064803E7064801E70648FFE6F9
:10D790000648FDE6680B10005409002200006022D4
:10D7A000808D5B00006CDC0200366E01001BB70050
:10D7B000002101600846704730B50A6812B10B4677
:10D7C000846A08E000220860C0E903210AE002F14F
:10D7D0000C03D26812B1956AA542F8DC1A68C0E958
:10D7E00003211860002030BD0068002201E0C068FD
:10D7F000521C8A4201D00028F9D170470068704756
:10D8000002690AB1116831B96FF00400704701F183
:10D810000C02C96839B18142F9D1C968116000218F
:10D820000161084670476FF003007047B2F12003B2
:10D830000AD5C2F1200301FA02F120FA03F300FA3B
:10D8400002F041EA0301704700FA03F14FF00000D3
:10D850007047B2F120030AD5C2F1200320FA02F08A
:10D8600001FA03F321FA02F140EA0300704721FABA
:10D8700003F04FF00001704710B54C1084EA5304D8
:10D8800004D54042C1F1000138BF491E1B4204D5F6
:10D890005242C3F1000338BF5B1E00F01BF914F0C5
:10D8A000804F04D04042C1F1000138BF491E14F03E
:10D8B000004F04D05242C3F1000338BF5B1E10BDBD
:10D8C000032A40F2308010F0030C00F0158011F8AC
:10D8D000013BBCF1020F624498BF11F801CB00F884
:10D8E000013B38BF11F8013BA2F1040298BF00F8D8
:10D8F00001CB38BF00F8013B11F0030300F0678053
:10D90000083AC0F0088051F8043B083A51F804CBBB
:10D91000A0E80810F5E7121D5CBF51F8043B40F881
:10D92000043BAFF30080D20724BF11F8013B11F88C
:10D9300001CB48BF11F8012B24BF00F8013B00F8D0
:10D9400001CB48BF00F8012B7047431A28BF9A4209
:10D950007FF6B6AF032A1044114440F2268010F03F
:10D96000030F1EBF11F8013D521E00F8013D10F0DB
:10D97000030F7FF4F6AF11F0030300F03581083A8E
:10D98000C0F00B8051F8043D083A51F804CD40F83E
:10D99000043D40F804CDFFF7F3BF121D5CBF51F802
:10D9A000043D40F8043DAFF30080D20724BF11F8D6
:10D9B000013D11F801CD48BF11F8012C24BF00F83A
:10D9C000013D00F801CD48BF00F8012C704710B5AB
:10D9D000203AC0F00B80B1E81850203AA0E8185067
:10D9E000B1E81850A0E81850BFF4F5AF5FEA027C28
:10D9F00024BFB1E81850A0E8185044BF18C918C097
:10DA0000BDE810405FEA827C24BF51F8043B40F837
:10DA1000043B08BF7047D20728BF31F8023B48BF1C
:10DA200011F8012B28BF20F8023B48BF00F8012B5A
:10DA3000704702F0FF0343EA032242EA024200F089
:10DA400002B84FF000020429C0F0128010F0030C5D
:10DA500000F01B80CCF1040CBCF1020F18BF00F8E1
:10DA6000012BA8BF20F8022BA1EB0C0100F00DB890
:10DA70005FEAC17C24BF00F8012B00F8012B48BFEE
:10DA800000F8012B70474FF0000200B51346944692
:10DA90009646203922BFA0E80C50A0E80C50B1F106
:10DAA0002001BFF4F7AF090728BFA0E80C5048BF1A
:10DAB0000CC05DF804EB890028BF40F8042B08BFB8
:10DAC000704748BF20F8022B11F0804F18BF00F8B4
:10DAD000012B704753EA020C00F069802DE9F04BEE
:10DAE0004FF00006002B1FBFB3FA83F503FA05F4CD
:10DAF00024FA05F65E4012BF1643B2FA82F502FA26
:10DB000005F4C5F120051EBF22FA05FC44EA0C0409
:10DB1000203556EA044C4FEA144418BF641C4FF0F9
:10DB200000084FF00009904271EB030C39D3002933
:10DB300019BFB1FA81F701FA07F6B0FA80F700FAD7
:10DB400007F6C7F120071EBF20FA07FC46EA0C06BD
:10DB50002037B6FBF4FCA7EB0507103F07F01F0BBF
:10DB6000CBF120060CFA0BFB2CFA06F644BFB346A9
:10DB70000026202FA4BF5E464FF0000B5BEA060C88
:10DB800008BF4FF0010B19EB0B09ABFB027C48EB14
:10DB90000608C01B06FB02CC0BFB03CC71EB0C018F
:10DBA000C1E70B46024641464846BDE8F08B13B537
:10DBB0004FF000004FF00001AFF30080BDE81C40C3
:10DBC0007047431A28BF9A427FF601AF104410F005
:10DBD000030F11441EBF11F8013D521E00F8013D14
:10DBE00010F0030F7FF4F6AF103AC0F00A8010B5C2
:10DBF00031E91850103A20E91850BFF4F9AFBDE8E8
:10DC00001040530724BF31E9081020E9081044BF31
:10DC100051F8043D40F8043D12F0030F08BF70476F
:10DC2000D20728BF31F8023D48BF11F8012C28BFA8
:10DC300020F8023D48BF00F8012C704710B504469B
:10DC4000AFF300802046BDE81040E2F7E7BA704726
:10DC500001491820ABBEFEE7260002000149002062
:10DC600008607047380500222DE9F0410F4F00246D
:10DC70004FF001084FF0005608FA04F0C5B296F8CC
:10DC80002F0028420CD096F83900284208D057F8C7
:10DC9000240000B1804796F82F00A84386F82F0093
:10DCA000641C062CE8DBBDE8F08100006CE4100089
:10DCB0002DE9F0410F4F00244FF001084FF00056BE
:10DCC00008FA04F0C5B296F82E0028420CD096F857
:10DCD0003800284208D057F8240000B1804796F851
:10DCE0002E00A84386F82E00641C062CE8DBBDE855
:10DCF000F08100004CE4100001218140C8B24FF0D7
:10DD0000005191F83310014201D0012070470020EA
:10DD10007047012181404FF0005010F8322F8A43A4
:10DD200000F8022902780A43027070470149012075
:10DD3000086070473805002200487047AD0A10009F
:10DD4000014800787047000044091000014800783D
:10DD500070470000C005100006488178012905D8E9
:10DD60000178012902D84078012801D901207047A3
:10DD7000002070479C32012005488178012902D893
:10DD80000078012801D90120704700207047000069
:10DD90009C32012070B5D0E900214C084FEA3203D3
:10DDA000961841EB010533432C4313430C43C0E960
:10DDB000003470BD0149012008707047300A10001E
:10DDC0000549044A0A80054AC0E90021012101727F
:10DDD00041727047C46C0120F495100080E001008E
:10DDE00010B50446FFF73AFF064AD4E90001C2E93C
:10DDF00000010548FFF7E4FFBDE810400248FFF7C7
:10DE000043B80000C46C01208CE41000C1EBC101D8
:10DE100001EB410100EB41002B307047034A1278BF
:10DE200011FB02F100EB410070470000B90910003E
:10DE3000C1EBC10101EB410100EB41002B30704708
:10DE4000034A127811FB02F100EB41007047000019
:10DE5000B9091000010000001000000004000000DB
:10DE600001000000FFFF000000FF0100FF000001B3
:10DE7000000001015AD3D9E96CF145F59FF73CF94F
:10DE80006CFA58FB18FCB9FC44FDBFFD2EFE94FE55
:10DE9000F4FE50FFA9FF00005700B0000C016C0118
:10DEA000D2014102BC024703E803A8049405C4065A
:10DEB0006108BB0A940E2716A62C0100020001007F
:10DEC0000200040002000100020001001000FFFF38
:10DED000FFFFFFFFFFFF1400FFFFFFFFFFFFFFFF3C
:10DEE0000C0001000100010001000200010001001E
:10DEF000010001000A00FF00FF0000000001010115
:10DF00000202000000000000E0851000308B1000CD
:10DF1000755B010002000000576101000000000075
:10DF2000195D0100020000005761010000000000BF
:10DF3000C75C010001000000975B010008000000C1
:10DF40006B5B0100000000005B610100020000004B
:10DF50003761010001000000836101000200000040
:10DF60009B5D0100010000005761010000000000FE
:10DF7000B75D01000A0000002B5F010005000000F2
:10DF8000576101000000000057610100000000001F
:10DF90005761010000000000835B010002000000E7
:10DFA0009B5F010002000000916001000000000082
:10DFB000E95C010001000000AB6101000400000009
:10DFC000D5610100040000002F5C01000800000082
:10DFD000E360010000000000515D0100010000004D
:10DFE000615D010001000000415B0100656201000C
:10DFF000616201004F640100616201009D650100E2
:10E000006162010061620100616201006162010000
:10E0100061620100096301000100000093630100D7
:10E02000000000006162010000000000B163010017
:10E03000010000007B640100010000009F640100FA
:10E0400001000000A364010001000000D964010088
:10E05000040000009965010001000000C96501008D
:10E0600001000000716601000100000087660100E8
:10E0700002000000E3660100020000002D670100BD
:10E08000020000000B680100010000004B68010065
:10E09000010000002967010002000000D3670100B1
:10E0A000020000006162010000000000AB67010097
:10E0B00002000000E365010089630100ED650100D5
:10E0C000FD6501000D6601005166010061660100F9
:10E0D00086000201008600070111A000010201A2D2
:10E0E00000020201A400020201A6020E0300A8021F
:10E0F0000B0300C000030301030000000000000048
:10E1000053040000000000000300000000000000B5
:10E1100003000000000000005300000000000000A9
:10E120004300000000000000F300000000000000B9
:10E13000E3000000000000005302000000000000A7
:10E140004900000000000000000000000500000081
:10E15000F0C71000000400000941000000000000AA
:10E16000020000000100000004000000F0CB1000DD
:10E17000000400000954000000000000020000003C
:10E180000200000003000000F0CF100000080000B3
:10E1900057590100000000000200000003000000C9
:10E1A00002000000F0D71000000200001569010015
:10E1B0000000000002000000040000000100000058
:10E1C000F0D9100080000000AD5A010000000000EE
:10E1D000020000000000000001000000010000003B
:10E1E0000100000002000000010000000300000028
:10E1F0000100000004000000010000000500000014
:10E20000010000000000000001000000020000000A
:10E21000030000002BB50100659A0100A7A10100D1
:10E220001DA101003FA401009BB0010041B5010008
:10E230000004400010210000001F01000600002023
:10E2400030000100000406000802500060020C0CBF
:10E25000000060020C300C1A21100F0F00002F007C
:10E260000000AA2C0100000003000000FFFF3F0097
:10E27000000000001C000000FFFFFFFF3F00000047
:10E2800000000000000100000000000060020180AA
:10E290000001000000000C000C000C000C00070145
:10E2A0002626121211000000C037C03B003D303F4F
:10E2B0003C3F483F5C3F703F7C3F903FA43FB03FB6
:10E2C000C43FD03F0000000000000000000000003C
:10E2D000000000200001010201020203010202030A
:10E2E00002030304000000001B0000802D000080DA
:10E2F00036000000410000805A0000006C00000061
:10E30000770000809900008082000000B4000000C7
:10E31000AF000080D8000000C3000080F50000803E
:10E32000EE0000002901008032010000040100001D
:10E330001F0100806801000073010080450100801A
:10E340005E010000B0010000AB0100809D01008073
:10E3500086010000F1010080EA010000DC010000FC
:10E36000C7010080490200805202000064020000E0
:10E370007F02008008020000130200802502008056
:10E380003E020000D0020000CB020080FD020080AF
:10E39000E6020000910200808A020000BC02000038
:10E3A000A7020080600300007B0300804D03008013
:10E3B00056030000210300803A0300000C03000014
:10E3C00017030080F9030080E2030000D40300007B
:10E3D000CF030080B8030000A303008095030080F2
:10E3E0008E0300008904008092040000A404000051
:10E3F000BF040080C8040000D3040080E50400804E
:10E40000FE040000100400000B0400803D040080A6
:10E4100026040000510400804A0400007C0400002F
:10E4200067040080A0050000BB0500808D0500800A
:10E4300096050000E1050080FA050000CC0500000B
:10E44000D705008039050080220500001405000072
:10E450000F050080780500006305008055050080E9
:10E460004E050000C0060000DB060080ED060080BF
:10E47000F6060000810600809A060000AC06000047
:10E48000B7060080590600804206000074060000AE
:10E490006F06008018060000030600803506008025
:10E4A0002E060000E9070080F2070000C407000004
:10E4B000DF070080A8070000B30700808507008001
:10E4C0009E070000700700006B0700805D0700805A
:10E4D00046070000310700802A0700001C070000E3
:10E4E00007070080090900801209000024090000C4
:10E4F0003F09008048090000530900806509008039
:10E500007E090000900900008B090080BD09008091
:10E51000A6090000D1090080CA090000FC0900001A
:10E52000E7090080200800003B0800800D080080FB
:10E5300016080000610800807A0800004C080000FE
:10E5400057080080B9080080A20800009408000065
:10E550008F080080F8080000E3080080D5080080DC
:10E56000CE080000400B00005B0B00806D0B0080AC
:10E57000760B0000010B00801A0B00002C0B000032
:10E58000370B0080D90B0080C20B0000F40B000099
:10E59000EF0B0080980B0000830B0080B50B008010
:10E5A000AE0B0000690A0080720A0000440A0000F5
:10E5B0005F0A0080280A0000330A0080050A0080F4
:10E5C0001E0A0000F00A0000EB0A0080DD0A00804D
:10E5D000C60A0000B10A0080AA0A00009C0A0000D6
:10E5E000870A0080800D00009B0D0080AD0D00802B
:10E5F000B60D0000C10D0080DA0D0000EC0D00002A
:10E60000F70D0080190D0080020D0000340D000090
:10E610002F0D0080580D0000430D0080750D008007
:10E620006E0D0000A90C0080B20C0000840C0000EC
:10E630009F0C0080E80C0000F30C0080C50C0080EB
:10E64000DE0C0000300C00002B0C00801D0C008044
:10E65000060C0000710C00806A0C00005C0C0000CD
:10E66000470C0080C90F0080D20F0000E40F0000AB
:10E67000FF0F0080880F0000930F0080A50F00801F
:10E68000BE0F0000500F00004B0F00807D0F008078
:10E69000660F0000110F00800A0F00003C0F000001
:10E6A000270F0080E00E0000FB0E0080CD0E0080E2
:10E6B000D60E0000A10E0080BA0E00008C0E0000E5
:10E6C000970E0080790E0080620E0000540E00004C
:10E6D0004F0E0080380E0000230E0080150E0080C3
:10E6E0000E0E0000C4E6010000041000A0070000A8
:10E6F0001C01000030E8010000FC10004000000098
:10E700007801000030E80100A00B1000F8D80000EC
:10E710009401000001FF016200226010070C150245
:10E72000050609040E08030B1218130D1416171A08
:10E730000F111B1D191C201E1F010A2152FF32063A
:10E74000320F9A37089AE1085BD3032E73FF112B1F
:10E75000FAFF01213AF60854FFFF053C9999F30EA0
:10E760005433330954CCCC0A5C6666F82872015ADB
:10E77000FE404908891849384B6DDB716392245C6F
:10E780006DDBFD283AFC064B4992104B499216214D
:10E7900049304B5555206B611818495854300C02BC
:10E7A0004BF33C086B499218614BAAAA506355552C
:10E7B00069184B6DDB48CB0CC308691869286938A8
:10E7C000114B8004F84A4C904B2B3E704B1D5470FB
:10E7D00063A08E4BB6ED404B5F71084B9919083C16
:10E7E00066E6FE084BC5D7084BB6ED084B3A282025
:10E7F0004B50870863F80A6B33B37849604B7DFD53
:10E80000304BD858284B03A8084BFDEA0863C621B3
:10E81000635E4C63C66A63FC7C6303835AD8105AF8
:10E820007C205BF04B7059405A45504B27A7084B52
:10E83000D75708638C0C638707633A034AA41F4CBD
:10E84000FFC5FC084B9FFA084B30F908CB78F80855
:10E8500069186928693869486958696869780128B8
:10E8600005FFFF0FFF0F017617F00120049610023D
:10E87000BF01AAFF0C5901011D0454D8B8050000BE
:10E8800030B572B601230C4D2B600C4A002481B1C7
:10E8900013604FF0005100F03F0081F86A00074814
:10E8A0001C38036001680029FCD114602C6062B63A
:10E8B00030BD1460EDE70000C01B0022780D00227F
:10E8C0002F3C8DFA8B030000D0C3720574FCFFFF50
:10E8D00000001F00000700001F13000000000000E0
:10E8E000FFFFFFFF07000000FFFF00000000000027
:10E8F00023105F0937040F5F093704820101030009
:10E9000003201005AE99DC00DC00F401F4010001E5
:10E910000001000100017000700009C800C800007B
:10E9200000000096009600F401000003AA440200D3
:10E9300000972964FA9603020A3237290016001E4E
:10E94000000008000600000000A05050260135001D
:10E950000000000013000000000092030000FF030D
:10E960000000FF03E02E01FF00000000451E002311
:10E970000082000F0F6E00780000016400640064E4
:10E98000001000DC00DC000000FFFF0000BDA00A5A
:10E990004F2500290028003A600600000000003AD8
:10E9A00060160000000004013A023A06008D1108CA
:10E9B0004F0400300006002F004010060000000148
:10E9C0000000A8606A1F10006F00200050001F00A8
:10E9D000A013A013280022E000000000000396000E
:10E9E0009600010501321E0500001D040000000014
:10E9F000010000002D0000000F00000000000000DA
:10EA00000000000000010100003030004F00000055
:10EA100000000000000000000001003001000000C4
:10EA2000000F0000000000000000111A00000000AC
:10EA300000036401130A4403060B03020A140000D6
:10EA40000000000F0000000000FF0FFF0F0F141E5A
:10EA50000E01640001016400001400000A00280097
:10EA6000000000D00F149001900180008000F4019C
:10EA70000004FA483200640020000A320064006496
:10EA800000640000052C01F40100FA008A023C0039
:10EA90009600031B0364002C012C01010101005EA0
:10EAA000018A026400FA00020A0296002C012C017D
:10EAB000010101007B01B4006400B4002C012C01B1
:10EAC000147CA52102C201640096F4013200F40115
:10EAD000960078009600010064006400030E640054
:10EAE0002000580241140028E600042C0196000B77
:10EAF0009600C8008F2914001C001E00500050A56D
:10EB00000F280096009600320096000A00F000964A
:10EB100000C201F40150005000040410010105007E
:10EB2000C800C4094200210010FF7F90018813D063
:10EB300002D002080708070807701732DC004001FE
:10EB40000DC23200120F1E0023007800000A000FD1
:10EB500064004112230028001800200000BC02DCE1
:10EB60000096204E881314058A02010096000D10AD
:10EB70000AE803A364004001787C016400000000FF
:10EB80003C0B01008A028A02508A022C01F4019097
:10EB90000100000000000000000000000000000074
:10EBA000000000005E0100008C001E280305020228
:10EBB0000213115546000003C8006432001E0664AB
:10EBC0001E5E01012800F401FAF40100E0F7B40030
:10EBD000D4013801EA00640004FA00320302400A5A
:10EBE000039C009C000F000F00106E004E00C80038
:10EBF00000010110211A0001101F00000A001491E9
:10EC0000151400100006100006004000004000101F
:10EC10000A0F0A200102E60520D80532F80A32F868
:10EC20000000EAFDECC4E810003000CBE80A001850
:10EC300000C6F80A000A00E4E69494184402000FA3
:10EC4000001000300002D73A8E2858026400C80035
:10EC500000015A005A005000500000000015151520
:10EC600015816E6E1E052C017017E8032C017800CB
:10EC7000050670175E01F401E803B603BC02A00F9D
:10EC800004036464500000056400F401F401E80327
:10EC9000320064000606030000143C00010219194A
:10ECA0002323083C083C40F8060610100101050F1C
:10ECB000140606014E0C09180C0C2222220000003A
:10ECC0000000000A00140032006400FB082D094B0C
:10ECD0000955095F095F09000000000A00140032AD
:10ECE000006400D303050423042D04370437040013
:10ECF0000000000000000000000000000000000014
:10ED00000000000000010001000200140041002387
:10ED1000094F095D095E095E095F090000000001F5
:10ED200000020014004E00EE0324043404350436BF
:10ED30000437040000000000000000000000000094
:10ED400000000000000000000000000000000000C3
:10ED500000000000000000000000000000000000B3
:10ED600000000000000000000000000000000000A3
:10ED70000000000000000000000000000000000093
:10ED80000000000000000000000000000000000083
:10ED90000000000000000000000000000000000073
:10EDA0000000000000000000000000000000000063
:10EDB0000000000000000000000000000000000053
:10EDC0000000000000000000000000000000000043
:10EDD0000000000000000000000000000000000033
:10EDE0000000000000000000000000000000000023
:10EDF0000000000000000000000000000000000013
:10EE00000000000000000000000000000000000002
:10EE100000000000000000000000000000000000F2
:10EE200000000000000000000000000000000000E2
:10EE300000000000000000000000000000000000D2
:10EE400000000000000000000000000000000000C2
:10EE500000040000000000000000000000000000AE
:10EE60000004000000450700000000000000000052
:10EE70000000000000000000000000000000000092
:10EE80000000000000000000000000000000000082
:10EE90000000000000000000000000000000000072
:10EEA0000000000000000000000000000000000062
:10EEB0000000000000000000000000000000000052
:10EEC0000000000000000000000000000000000042
:10EED0000000000000000000000000000000000032
:10EEE00000000000000000A8602A1F10006F002032
:10EEF0000050001F00A013A013280022E000000013
:10EF000000000000000922503823B020A5D00006E0
:10EF100014142A3A400000146E6E471A38010F1E6E
:10EF2000002000000FED020008000DFD9E00000013
:10EF300004640010FF7F0B646400000A201405F8CD
:10EF40000000000000060810160672390002F5E104
:10EF5000826E4632020000740000740000740000EB
:10EF600050820050820000000000000000000000FD
:10EF700000004600460048004B004F0054005B0074
:10EF800063006B00750080008C009900A600B5003E
:10EF9000C500D500E600F8000B011E013101460155
:10EFA0005A016F0184019A01B001C501DB01F10131
:10EFB00007021C02320247025C02700284029802BD
:10EFC000AA02BD02CE02DF02EF02FE020C031A0308
:10EFD000260331033C0345034D0354035A035F03E7
:10EFE0006203650366036603650362035F035A03F6
:10EFF00054034D0345033C03310326031A030C035A
:10F00000FE02EF02DF02CE02BD02AA0298028402D3
:10F0100070025C02470232021C020702F101DB01AE
:10F02000C501B0019A0184016F015A014601310105
:10F030001E010B01F800E600D500C500B500A600D2
:10F0400099008C00800075006B0063005B00540029
:10F050004F004B0048004600460000000000000042
:10F0600000000000000000000000000000000000A0
:10F0700000000000000062006400690072007F0070
:10F080008E00A100B800D100ED000C012D0151014E
:10F0900076019E01C701F1011D0249027602A2021A
:10F0A000CF02FC02280353037C03A503CB03F00328
:10F0B0001204320450046B0482049704A804B604BA
:10F0C000C104C804CC04CC04C804C104B604A80418
:10F0D000970482046B04500432041204F003CB033F
:10F0E000A5037C0353032803FC02CF02A20276028D
:10F0F00049021D02F101C7019E01760151012D0156
:10F100000C01ED00D100B800A1008E007F0072005C
:10F110006900640062000603EF02D902C102AA027C
:10F1200091027902600248022F021602FD01E501F8
:10F13000CC01B4019C0184016D01570141012C01F6
:10F1400017010301F000DE00CD00BD00AD009F00FF
:10F15000920086007B007200690062005C0058002B
:10F16000550053005200FF07FE07FD07FB07F80795
:10F17000F507F107ED07E807E207DB07D407CD073E
:10F18000C407BB07B207A8079D07920786077A073F
:10F190006D075F075107420733072407130703076B
:10F1A000F206E006CE06BC06A906960682066E06A4
:10F1B000590644062F061A060406EE05D805C105B1
:10F1C000AA0593057B0564054C0534051C0504055B
:10F1D000EB04D304BA04A2048904700458043F0465
:10F1E00026040D04F503DC03C403AB0393037B0384
:10F1F00063034B0333031C030403ED02D702C00275
:10F20000AA0294027E02690254023F022B021702F4
:10F210000402F001DE01CC01BA01A80198018701C6
:10F220007701680159014B013D01300123011701AC
:10F230000B010001F600EC00E300DA00D200CB0085
:10F24000C400BE00B900B400AF00AC00A900A70024
:10F25000A500A400A40000000000000000000000C1
:10F26000000000000000000000000000000000009E
:10F27000000000000000000000000000000000008E
:10F28000000000000000000000000000000000007E
:10F29000000000000000000000000000000000006E
:10F2A000000000000000000000000000000000005E
:10F2B0000000000000000000000000050005000044
:10F2C000324600000000000000000006C56900DCB6
:10F2D00000010400000096006400B400010A9600DA
:10F2E0006400010AB80BC409050200F401F4010529
:10F2F000012202C800280019005000192800280027
:10F30000070007000028010201020402010201C2F5
:10F3100001C2010000000000002C010000000000FC
:10F32000000000000000000000000000003308960C
:10F33000005F09A103330837045F090000000000E3
:10F3400000000000000000003B005F09000000001A
:10F3500000000000FB03000037045F09000000000C
:10F36000000000000000000000000000000000009D
:10F3700000000000000000000000000000019001FB
:10F38000B80B60EA2C01080201C201C20105580253
:10F390009001C8009600BC02C201C8009600581B2C
:10F3A0005014581B50140000204E0514003C1E58E9
:10F3B0001B640000D007F4012C0100011400CD01F2
:10F3C000094F05003A00020019003A6006040400E3
:10F3D0000000FFBB0200C8008D00091F08002A01C1
:10F3E0000200290128A00600000000000000555A74
:10F3F00064646464646464646464646464646464CD
:10F4000064646464646464646464646464646464BC
:10F41000646464006464555A646464646464646429
:10F42000646464646464646464646464646464649C
:10F430006464646464646464646464006464555A09
:10F44000646464646464646464646464646464647C
:10F45000646464646464646464646464646464646C
:10F4600064646400646464646464646464646464C0
:10F47000646464646464646464646464646464644C
:10F480006464646464646464646464646464555A55
:10F490006464555A6464555A646464646464000026
:10F4A000000005000532000002010000000000001D
:10F4B000000000000000000000000000000000004C
:10F4C000000000000000000000000000000000003C
:10F4D00000000014150721082100000000000000B2
:10F4E0000000000000000000000002020000000018
:10F4F0000000000000000101000100000101000007
:10F50000C8B10187020808DE081E0A141E0A14008A
:10F510000100C8B10187020808DE08341034100A5F
:10F52000000000000A0A00B10187020808DE080096
:10F5300033003B01322D000000053200FA000500C7
:10F54000870A053006C80A0300000203009001057F
:10F55000FA00C000800007100A00150000FF6400D8
:10F560000F64140000000000C800000F000000023B
:10F5700004646400410A90011C042C012C01023235
:10F580000001800CF00AD000800CF00AD0000015B9
:10F59000001250015001001500125001800CF00AB9
:10F5A000D000000000010000000032000001460011
:10F5B000190932000504050A00B40050005E015E1E
:10F5C00001102C019600960096002C0196009600E2
:10F5D00096001096009600D0073232B4060AFA025E
:10F5E000020C0C030808FAE110100808011E0023A1
:10F5F000000F0F6E0078DC00DC0000007C0146008C
:10F600001E00780005640032001C021C0246004601
:10F61000000000000196009600C800C800C800C89D
:10F62000009001900190019001C2017C0102210132
:10F630000EC800C800DC00DC00009600C201A40176
:10F640005E015E010221010EC800C8005E015E017C
:10F65000C800C8002C012C010A321E0A0A000096BC
:10F6600000C8000102030000000020212250010018
:10F6700008080404001401010A00000078000000DA
:10F6800030000000099909000999000013027F2049
:10F690000850509001080705002832000605EA00CE
:10F6A000C8005B086400D30310A4000028A0000079
:10F6B00000022C0105010E020C000A12000000805D
:10F6C000C8000000FA002C0150085000F4010000AE
:10F6D00096003C007800FA00035203100ABC029026
:10F6E000010A0A64000F0E0DB603048000085802D8
:04F6F0006C43A9F8C6
:00000001FF
